Student_ID,Course_Year,Attendance_Percentage,Assignment_Submission_Rate,Quiz_Average_Score,Midterm_Score,Previous_GPA,Late_Submission_Count,Missing_Assignment_Count,Study_Plan_Adherence,Academic_Risk_Level
STU-0EAEB2E8,2,76.35,42.02,35.15,48.41,3.59,3.0,3.0,79.61,Medium Risk
STU-5C0F7225,1,69.88,38.63,82.98,24.43,2.07,4.0,4.0,70.05,Medium Risk
STU-A2A45DA9,2,83.69,44.27,28.15,59.4,1.58,1.0,3.0,54.59,Medium Risk
STU-6CE5CBFA,1,50.28,89.93,42.66,50.83,2.59,1.0,5.0,92.14,Medium Risk
STU-B32820FA,3,92.09,61.44,45.68,20.99,3.43,9.0,2.0,15.31,Medium Risk
STU-243DF0EB,4,69.54,32.63,65.05,69.92,2.06,8.0,5.0,19.06,High Risk
STU-38B0F145,1,74.23,81.96,82.14,11.84,3.54,5.0,4.0,56.35,Medium Risk
STU-C1162DF2,1,40.85,36.68,34.62,21.37,1.98,2.0,7.0,36.02,High Risk
STU-0C63A38B,4,55.12,53.0,32.49,73.01,3.21,1.0,3.0,51.58,Medium Risk
STU-F6665D2A,3,62.74,65.45,33.86,57.51,1.35,8.0,3.0,39.41,High Risk
STU-1275313B,1,61.9,66.76,47.44,35.37,1.19,6.0,3.0,34.66,High Risk
STU-81098D0D,2,85.59,25.52,60.48,26.22,3.21,8.0,6.0,93.46,High Risk
STU-ED7898E4,1,53.35,86.94,16.14,67.81,2.11,7.0,5.0,33.41,High Risk
STU-14764F77,1,46.84,58.35,81.33,28.5,2.18,7.0,4.0,22.78,Medium Risk
STU-30646618,4,72.87,99.14,93.77,98.61,2.72,4.0,7.0,34.19,Medium Risk
STU-14958D74,3,74.98,77.4,86.7,88.24,3.96,6.0,6.0,51.31,Medium Risk
STU-D22E9431,3,42.9,99.41,18.16,21.89,1.51,4.0,1.0,33.98,Medium Risk
STU-A2BEF6FD,1,35.16,56.28,59.58,87.32,1.9,9.0,1.0,23.31,Medium Risk
STU-71075E03,1,94.65,31.26,84.19,41.05,2.95,6.0,2.0,37.84,Medium Risk
STU-33CE727D,4,40.18,78.18,44.25,54.1,3.1,5.0,4.0,92.05,Medium Risk
STU-5AF0B4F5,1,93.36,82.22,91.25,22.85,3.12,3.0,4.0,78.98,Low Risk
STU-69E6BC7A,2,60.95,88.23,90.38,20.67,2.79,6.0,0.0,34.83,Low Risk
STU-CA4BA00B,1,77.45,44.12,27.04,87.89,2.76,5.0,3.0,66.61,Medium Risk
STU-6F4A1C66,3,47.06,60.85,56.96,66.69,1.44,6.0,7.0,87.77,High Risk
STU-89251070,1,88.55,88.6,17.18,51.44,3.5,9.0,2.0,97.53,Medium Risk
STU-4B0C5A22,2,46.71,89.18,38.96,13.25,1.03,0.0,7.0,21.31,High Risk
STU-7B752EBC,4,60.12,22.05,84.01,92.98,2.25,8.0,4.0,32.32,Medium Risk
STU-5F89D9CD,3,50.47,73.67,97.89,43.85,1.65,9.0,0.0,95.19,Medium Risk
STU-8241B89F,1,89.44,68.13,92.63,47.5,1.31,7.0,0.0,90.21,Medium Risk
STU-8A9D447C,3,90.79,26.67,18.62,36.08,1.96,2.0,4.0,40.42,Medium Risk
STU-AD6A0F71,1,59.18,94.41,93.77,90.22,2.97,0.0,2.0,31.8,Low Risk
STU-84B49368,2,54.98,55.63,84.93,41.01,2.49,1.0,2.0,84.31,Medium Risk
STU-72F2A4AD,3,85.28,73.94,88.75,25.68,3.62,5.0,1.0,23.94,Low Risk
STU-85C34D56,1,92.1,90.62,92.76,55.05,2.8,6.0,7.0,67.69,Medium Risk
STU-A27E0148,2,75.56,30.41,56.5,80.33,1.76,1.0,1.0,92.15,Low Risk
STU-B08B5DCB,3,95.28,88.47,32.95,43.42,2.55,7.0,2.0,30.3,Medium Risk
STU-E85B73C4,4,59.9,77.94,16.79,68.68,1.68,5.0,7.0,25.64,High Risk
STU-85956D7A,2,44.87,87.17,17.0,37.38,1.54,4.0,0.0,69.68,Medium Risk
STU-B0DFF0C3,1,46.68,59.59,69.61,74.78,3.87,4.0,7.0,67.21,Medium Risk
STU-80CDD8E4,2,78.54,22.68,43.67,70.19,2.4,5.0,5.0,20.72,High Risk
STU-A712B84B,2,61.49,73.64,57.15,71.27,2.95,0.0,1.0,45.71,Low Risk
STU-533E97C0,2,45.16,49.96,26.16,68.13,3.62,2.0,0.0,93.79,Low Risk
STU-1C58C14F,2,53.99,52.19,97.92,24.07,1.97,6.0,1.0,34.53,Medium Risk
STU-9048B494,3,69.49,55.3,26.05,89.92,3.37,5.0,0.0,59.94,Low Risk
STU-09836B76,1,42.89,59.43,52.81,62.72,3.37,6.0,3.0,44.96,Medium Risk
STU-552D84FB,1,35.22,72.95,52.69,44.41,3.47,1.0,7.0,91.88,Medium Risk
STU-11161001,2,94.62,78.14,15.73,25.51,1.57,5.0,4.0,59.26,High Risk
STU-FAF90320,2,54.82,82.15,71.76,80.52,3.89,4.0,2.0,53.29,Low Risk
STU-310F04A4,4,49.4,73.73,60.75,55.81,1.82,2.0,3.0,90.78,Medium Risk
STU-B5CFA6D7,2,80.4,84.28,57.29,23.26,3.33,9.0,2.0,69.76,Medium Risk
STU-FCC4F48F,4,90.47,29.77,84.54,92.93,1.49,1.0,7.0,45.36,Medium Risk
STU-25A8467A,4,76.1,86.95,35.5,19.55,3.77,4.0,7.0,99.42,Medium Risk
STU-4E858739,4,51.54,50.98,88.19,57.18,2.28,6.0,6.0,92.84,Medium Risk
STU-40196E78,1,91.01,62.3,88.51,64.95,3.01,5.0,5.0,37.49,Medium Risk
STU-DD776CC4,4,68.18,54.7,85.28,99.91,3.55,2.0,0.0,17.88,Low Risk
STU-96FA880D,1,59.78,58.06,44.02,22.68,1.85,5.0,1.0,25.27,Medium Risk
STU-E3815930,1,74.31,42.83,28.82,65.22,2.17,8.0,1.0,28.15,High Risk
STU-90378D6E,2,80.54,33.6,55.39,52.9,1.94,2.0,6.0,77.47,Medium Risk
STU-CB610D93,1,73.6,28.39,37.09,33.14,1.85,1.0,1.0,46.97,Medium Risk
STU-2ED784F1,1,94.82,56.11,19.44,94.8,2.53,8.0,6.0,43.83,High Risk
STU-1C973186,2,75.82,30.02,38.75,81.18,2.64,4.0,7.0,62.5,High Risk
STU-0713C7E8,1,92.11,39.6,54.88,79.94,1.23,0.0,4.0,26.52,Medium Risk
STU-0D2EB1CC,3,73.15,30.69,24.58,90.93,3.02,0.0,4.0,38.45,Low Risk
STU-064A8CF1,1,56.43,28.73,95.27,75.25,2.26,8.0,5.0,56.22,Medium Risk
STU-01AB73F9,2,69.6,90.6,70.77,55.61,3.67,7.0,2.0,54.82,Low Risk
STU-CCEF947D,4,40.61,73.92,26.59,45.24,3.66,1.0,1.0,66.99,Low Risk
STU-CBDCEC2E,2,49.96,93.9,84.03,73.37,3.16,0.0,3.0,41.34,Low Risk
STU-1321B803,3,84.81,71.52,93.89,64.25,3.56,9.0,2.0,47.5,Low Risk
STU-EADD5BED,4,78.0,87.52,37.34,58.86,3.77,8.0,4.0,20.39,Medium Risk
STU-56337185,1,45.82,64.42,27.18,63.02,2.73,3.0,4.0,70.17,Medium Risk
STU-4DFFEA23,2,63.47,57.01,42.41,68.98,3.92,5.0,1.0,57.44,Low Risk
STU-48444D9C,4,44.23,62.28,85.74,97.18,3.87,3.0,4.0,18.55,Low Risk
STU-714898BA,4,90.63,45.62,29.88,77.78,1.33,9.0,0.0,57.9,Medium Risk
STU-E5593453,3,42.1,72.64,81.24,25.88,2.57,3.0,4.0,37.2,Medium Risk
STU-A28DC79C,1,77.53,91.77,75.88,52.01,1.34,7.0,5.0,27.47,High Risk
STU-977C0D3B,4,74.46,82.59,70.37,71.04,3.05,8.0,1.0,15.43,Low Risk
STU-B8511D84,1,65.73,56.96,51.83,25.81,3.3,4.0,7.0,98.43,Medium Risk
STU-9DD1629F,2,53.09,96.31,46.18,93.94,3.65,2.0,2.0,95.57,Low Risk
STU-90700B8E,2,61.26,98.83,22.25,16.93,2.95,6.0,4.0,85.12,Medium Risk
STU-3D53225F,2,87.42,59.45,45.38,64.99,2.36,1.0,3.0,33.37,Medium Risk
STU-8225C3A2,4,84.5,89.17,66.16,97.83,1.47,1.0,6.0,88.85,Medium Risk
STU-3B0121B3,4,83.02,20.38,91.35,75.51,1.38,8.0,7.0,91.26,High Risk
STU-8D71392B,3,83.74,25.33,85.82,70.95,2.46,5.0,3.0,21.94,Medium Risk
STU-4261294F,1,44.35,21.79,17.74,99.77,3.5,8.0,0.0,59.33,Medium Risk
STU-037BADDB,3,41.44,81.85,26.8,81.26,3.25,4.0,2.0,24.09,Medium Risk
STU-3B15E915,3,91.0,26.38,87.12,97.33,3.64,0.0,0.0,60.31,Low Risk
STU-0B87FB0B,2,89.42,21.36,94.84,72.9,3.43,1.0,5.0,86.77,Low Risk
STU-EE105CE7,4,79.29,31.79,19.74,69.89,1.62,2.0,0.0,68.27,Low Risk
STU-D7E431DF,4,74.38,44.5,74.61,78.63,1.6,9.0,7.0,20.35,High Risk
STU-20B4287F,3,58.85,57.18,46.09,26.99,2.37,7.0,7.0,15.84,High Risk
STU-132DBE62,1,49.57,25.23,45.96,82.52,1.57,2.0,1.0,23.01,Medium Risk
STU-41782C68,3,78.4,59.92,69.63,97.31,1.56,2.0,1.0,92.24,Low Risk
STU-67825DED,4,94.35,39.84,83.87,65.05,1.8,6.0,1.0,98.75,Medium Risk
STU-344058C5,2,63.4,41.95,38.36,11.11,1.07,8.0,3.0,56.09,High Risk
STU-E040F88D,4,54.71,85.75,74.96,16.49,2.71,3.0,4.0,45.35,Medium Risk
STU-37DC31B8,2,52.6,98.95,69.05,31.12,2.19,3.0,2.0,44.27,Medium Risk
STU-0710DCF8,3,36.54,57.11,58.97,54.2,1.71,8.0,6.0,51.12,High Risk
STU-8248A582,3,68.82,45.74,66.21,47.24,1.4,4.0,1.0,48.6,Medium Risk
STU-7FD751AB,3,99.24,94.52,16.53,98.13,2.37,5.0,2.0,80.22,Medium Risk
STU-82CB2A9E,4,87.99,60.04,15.35,95.1,2.81,6.0,7.0,59.9,Medium Risk
STU-F66C5935,1,93.34,78.43,61.79,45.35,3.92,5.0,0.0,22.34,Low Risk
STU-CD7087FD,1,75.38,53.1,59.55,81.49,1.76,1.0,6.0,22.47,Medium Risk
STU-5F52E42E,3,66.29,36.2,21.06,67.27,1.08,8.0,5.0,24.45,High Risk
STU-693A0D9A,1,99.38,72.39,56.82,31.88,3.21,1.0,4.0,48.08,Medium Risk
STU-A42DD08E,2,64.07,73.19,79.39,93.81,1.71,8.0,3.0,37.88,Medium Risk
STU-5D8CC0B2,1,94.59,56.81,61.0,33.36,2.45,5.0,6.0,46.47,Medium Risk
STU-6E4BDB24,1,84.52,41.6,59.0,88.33,3.42,4.0,2.0,22.96,Medium Risk
STU-73E098AC,3,56.51,86.55,76.02,67.39,1.11,7.0,4.0,92.08,Medium Risk
STU-4534CC53,3,67.7,42.03,29.61,65.9,1.42,1.0,2.0,85.4,Medium Risk
STU-0D9E2414,1,59.98,72.72,53.89,85.46,1.29,0.0,0.0,62.55,Low Risk
STU-C9BD0488,1,43.85,50.72,27.58,54.49,1.7,6.0,1.0,63.55,High Risk
STU-84D43192,1,58.19,57.8,59.53,86.8,1.52,5.0,0.0,57.85,Medium Risk
STU-89C92E2C,2,92.78,36.91,65.32,59.52,1.95,3.0,2.0,34.4,Medium Risk
STU-A2B8B435,1,83.92,71.96,25.34,98.62,3.24,3.0,3.0,70.62,Low Risk
STU-1AE5FE0C,2,53.04,38.07,21.42,69.39,1.13,5.0,2.0,22.8,High Risk
STU-512FFC66,3,58.91,58.86,29.17,43.67,1.22,6.0,5.0,64.68,High Risk
STU-3200589A,3,75.07,46.28,64.84,78.7,2.69,1.0,6.0,52.41,Medium Risk
STU-059C3619,2,62.05,97.09,31.12,55.89,2.56,6.0,3.0,19.91,Medium Risk
STU-E65AA965,3,67.7,98.58,38.4,82.54,2.42,9.0,3.0,51.76,Medium Risk
STU-091A57BD,4,80.38,80.28,74.72,85.01,2.55,6.0,6.0,65.26,Medium Risk
STU-387E22F7,2,65.37,98.71,36.11,65.52,3.23,5.0,2.0,21.77,Medium Risk
STU-34BE327A,2,47.41,29.08,48.79,88.5,2.73,2.0,2.0,40.37,Medium Risk
STU-78C71842,3,68.84,99.39,93.95,46.31,2.37,7.0,3.0,32.21,Medium Risk
STU-D98E0779,1,58.15,28.28,85.12,15.16,1.25,0.0,2.0,17.02,Medium Risk
STU-4A85CDEB,3,53.9,53.24,36.72,69.64,3.92,7.0,4.0,21.95,Medium Risk
STU-4185BC9F,4,56.33,39.12,65.79,78.8,1.72,6.0,3.0,31.07,Medium Risk
STU-15E5447F,2,63.54,96.31,71.59,16.55,3.61,1.0,5.0,65.99,Low Risk
STU-FAA6296A,3,92.63,70.86,91.52,79.38,2.14,0.0,6.0,95.17,Low Risk
STU-8B0406AD,3,82.71,67.77,61.53,67.52,3.05,7.0,3.0,70.84,Medium Risk
STU-1B33EC88,1,78.41,99.8,62.71,20.48,2.36,3.0,2.0,98.34,Low Risk
STU-7C5521D0,1,65.63,68.99,90.52,58.59,2.06,9.0,0.0,97.26,Medium Risk
STU-2FEA964D,4,35.12,71.69,19.62,19.79,2.84,9.0,4.0,59.25,High Risk
STU-9E2E97AA,4,57.14,23.58,68.39,38.95,2.61,8.0,2.0,33.86,High Risk
STU-D385ADED,3,87.86,88.72,50.42,82.36,1.7,3.0,1.0,92.61,Low Risk
STU-18F196E8,4,60.23,97.61,92.33,19.07,2.01,7.0,4.0,60.51,Medium Risk
STU-A447F258,2,71.65,96.82,96.65,51.34,1.1,7.0,1.0,27.91,Medium Risk
STU-8DEB5039,1,48.31,37.69,29.47,64.51,1.58,0.0,6.0,47.18,High Risk
STU-4D881C9D,2,94.53,38.07,38.92,94.65,2.01,4.0,6.0,43.38,Medium Risk
STU-BD65FF67,1,95.01,49.28,38.24,76.35,3.92,3.0,6.0,45.62,Medium Risk
STU-C3E2AE0D,4,44.49,44.82,23.55,22.53,2.58,3.0,6.0,23.44,High Risk
STU-4086518B,4,82.07,44.45,56.05,97.2,3.1,8.0,4.0,54.23,Medium Risk
STU-A08A15EF,4,39.89,68.42,58.61,53.02,3.02,2.0,6.0,59.71,Medium Risk
STU-F6BB35F9,3,73.91,84.45,63.7,43.27,3.94,7.0,3.0,89.5,Medium Risk
STU-84784AED,2,46.61,94.94,71.35,21.58,2.67,8.0,7.0,20.46,High Risk
STU-2827FEA6,1,44.47,25.43,20.35,94.01,2.76,7.0,6.0,83.92,High Risk
STU-A2E06A87,2,35.27,42.24,67.91,62.76,1.9,3.0,6.0,68.41,High Risk
STU-7184971C,3,96.16,40.4,92.67,98.92,2.88,1.0,7.0,97.16,Low Risk
STU-42344EEC,2,88.9,48.6,53.67,25.65,3.27,9.0,4.0,85.41,High Risk
STU-522978E2,4,40.04,53.95,24.07,59.13,1.31,6.0,2.0,53.33,High Risk
STU-C634EF7F,4,73.96,51.13,22.31,19.89,2.44,2.0,6.0,81.24,Medium Risk
STU-F16F82E2,1,50.14,96.17,38.95,57.18,2.27,5.0,1.0,93.43,Low Risk
STU-18AA15F7,1,52.16,54.97,78.96,90.08,1.34,2.0,0.0,57.16,Low Risk
STU-7AB54524,3,91.82,64.13,37.18,19.84,2.02,3.0,1.0,37.63,Low Risk
STU-0D79D8F6,1,42.43,79.89,84.22,34.27,2.61,1.0,5.0,49.4,Medium Risk
STU-5570F6F7,4,74.1,78.01,84.67,71.42,2.95,4.0,5.0,50.94,Medium Risk
STU-91691385,3,61.08,66.64,53.85,16.87,1.87,9.0,7.0,66.13,High Risk
STU-0A1741D7,1,47.4,88.87,40.57,50.86,2.43,6.0,6.0,51.23,Medium Risk
STU-236CD8DF,2,64.37,69.93,65.8,39.98,3.2,1.0,3.0,66.01,Low Risk
STU-1C5BB15A,2,96.13,89.98,83.9,85.43,2.27,4.0,5.0,17.82,Medium Risk
STU-BE971AAD,4,85.8,44.22,20.49,14.42,3.82,5.0,3.0,47.02,Medium Risk
STU-CD1BDDAB,1,43.59,30.56,96.04,87.71,1.09,5.0,0.0,71.8,Medium Risk
STU-726105B7,4,90.21,85.56,69.9,73.33,1.78,1.0,4.0,24.46,Medium Risk
STU-1B971E82,3,95.93,50.6,48.84,36.75,1.4,1.0,5.0,33.27,High Risk
STU-49E867FB,3,53.0,72.09,58.01,27.8,2.62,1.0,6.0,77.13,Medium Risk
STU-419A5275,1,56.67,78.98,47.78,95.52,1.53,2.0,7.0,71.2,Medium Risk
STU-37B3ACCB,3,43.21,46.14,50.07,59.85,3.23,1.0,4.0,44.39,Low Risk
STU-C37FB7CD,3,57.42,60.41,65.63,41.03,3.76,8.0,6.0,99.35,Medium Risk
STU-58C27372,2,78.75,91.59,20.12,14.0,1.62,9.0,3.0,41.42,High Risk
STU-84E16A95,3,52.69,90.38,29.91,24.92,3.72,4.0,0.0,36.01,Low Risk
STU-861A3CAD,3,35.44,79.95,34.3,63.83,2.9,8.0,7.0,43.99,High Risk
STU-11EECBE4,4,57.01,81.02,49.64,56.18,1.59,7.0,7.0,78.83,High Risk
STU-F558963C,1,64.46,91.81,46.54,78.18,3.21,4.0,3.0,22.85,Medium Risk
STU-DEA80771,4,71.81,78.91,76.39,85.14,1.27,6.0,1.0,39.45,Medium Risk
STU-592F7269,1,79.45,47.17,37.03,45.75,3.08,1.0,4.0,66.67,Medium Risk
STU-3534641F,4,39.02,29.66,19.85,19.08,3.58,9.0,1.0,88.51,High Risk
STU-A0ED4E53,4,65.53,53.75,19.71,81.24,3.85,9.0,1.0,52.09,Medium Risk
STU-4477C052,2,52.31,26.99,15.96,59.84,1.16,6.0,2.0,47.35,Medium Risk
STU-3C78055F,2,96.62,29.26,18.23,98.18,1.19,4.0,7.0,44.82,High Risk
STU-E3F470AE,3,58.39,96.01,87.99,81.67,3.79,5.0,4.0,19.51,Medium Risk
STU-4A9B7AD2,1,41.51,74.07,74.27,39.62,3.37,8.0,3.0,94.75,Medium Risk
STU-7B1A83DE,2,37.7,88.13,99.65,48.56,3.32,7.0,3.0,18.76,Medium Risk
STU-155B9842,2,52.25,71.43,16.73,31.2,3.23,1.0,1.0,62.76,Low Risk
STU-1B9794DD,4,46.63,53.48,87.17,56.08,3.15,9.0,5.0,82.45,High Risk
STU-32596C1C,4,77.24,22.01,74.16,73.97,2.84,5.0,0.0,87.82,Low Risk
STU-AEC8981A,3,90.05,96.47,69.43,65.12,3.44,0.0,2.0,30.7,Low Risk
STU-C4BF20A8,3,55.32,25.67,45.31,40.79,1.1,7.0,2.0,17.77,High Risk
STU-C2C4DCC1,3,72.56,68.81,47.02,84.1,3.22,0.0,6.0,80.31,Low Risk
STU-C969CA6E,2,82.47,28.18,86.87,19.46,2.75,1.0,7.0,20.22,Medium Risk
STU-8239C691,2,60.9,42.73,75.65,22.83,3.72,3.0,6.0,52.15,Medium Risk
STU-4CCED552,3,39.31,34.87,71.98,46.37,3.81,9.0,5.0,45.17,High Risk
STU-3D00E10E,4,49.9,64.3,17.61,73.2,1.72,1.0,5.0,26.41,Medium Risk
STU-55CAB7B8,3,92.4,90.97,30.67,72.48,3.37,4.0,1.0,60.15,Low Risk
STU-EF65AD78,3,88.59,70.85,96.82,42.99,3.87,6.0,7.0,27.85,Medium Risk
STU-F5A8FC74,3,40.62,73.14,53.62,72.69,1.8,6.0,2.0,71.47,Medium Risk
STU-77915DF9,2,49.56,92.71,81.42,15.45,3.55,9.0,2.0,82.73,Medium Risk
STU-A062306A,3,85.0,79.95,48.09,36.1,2.76,4.0,1.0,34.66,Medium Risk
STU-EC74B3EE,2,66.58,89.28,79.97,72.44,2.18,2.0,3.0,77.91,Medium Risk
STU-E19F462A,1,84.4,53.31,25.13,26.56,3.47,4.0,1.0,69.95,Medium Risk
STU-98FA97E6,3,48.72,89.23,18.58,29.14,3.61,3.0,1.0,37.93,Medium Risk
STU-9FA237EA,3,96.93,71.67,54.63,17.82,1.85,5.0,4.0,31.59,Medium Risk
STU-BDBCA975,2,85.93,30.85,65.29,42.8,3.38,0.0,3.0,89.33,Low Risk
STU-4110C1CF,3,47.83,23.1,42.51,84.24,1.15,0.0,1.0,32.13,Medium Risk
STU-1E749651,3,71.3,39.52,75.86,85.27,2.25,7.0,4.0,21.68,Medium Risk
STU-19F93CCC,3,42.35,50.27,57.14,87.61,1.21,5.0,6.0,42.04,High Risk
STU-4080DB5C,4,58.49,87.01,93.91,13.3,1.88,8.0,2.0,91.89,Medium Risk
STU-F37745E3,2,77.88,79.3,22.22,99.41,3.85,9.0,6.0,64.8,Medium Risk
STU-609547F7,4,56.46,96.43,20.66,55.24,3.2,0.0,0.0,76.05,Low Risk
STU-CA9826AA,3,77.69,64.73,91.94,88.55,3.27,6.0,3.0,33.6,Medium Risk
STU-77E0DAB4,3,50.91,79.82,71.87,91.46,1.4,0.0,6.0,56.98,Medium Risk
STU-A8A3830C,3,81.88,42.02,72.05,56.3,2.74,6.0,4.0,82.24,Medium Risk
STU-3F99EC8C,1,58.37,74.37,17.34,14.6,2.17,6.0,5.0,46.43,High Risk
STU-8118A330,1,86.38,76.49,94.7,63.77,3.2,7.0,3.0,75.88,Low Risk
STU-E6904F9E,3,43.88,87.87,80.61,40.07,1.47,4.0,7.0,64.57,High Risk
STU-236B54A2,2,58.53,62.91,79.97,28.61,1.85,7.0,4.0,43.5,High Risk
STU-F770DEDD,3,65.16,71.92,92.51,26.43,3.7,9.0,7.0,50.16,High Risk
STU-11FBC3F6,2,62.55,36.24,64.14,60.33,1.51,4.0,2.0,77.59,Medium Risk
STU-28FDA19D,2,63.15,78.94,48.55,19.4,2.9,8.0,7.0,78.64,High Risk
STU-3CE1663C,2,63.91,87.07,55.86,83.95,1.95,7.0,2.0,90.77,Medium Risk
STU-E0D2490A,3,99.27,67.5,81.07,30.46,1.25,6.0,6.0,60.81,High Risk
STU-F7041C18,1,47.56,29.25,80.34,59.44,1.67,6.0,0.0,52.73,Medium Risk
STU-E709DEE1,3,84.96,45.03,66.81,21.29,3.61,2.0,2.0,81.39,Low Risk
STU-67701C75,2,70.87,58.04,33.54,87.37,3.73,5.0,5.0,47.81,Medium Risk
STU-19A4706E,3,61.89,74.17,84.61,72.29,2.26,5.0,2.0,65.42,Medium Risk
STU-3D70D236,1,76.18,45.63,70.02,28.59,2.86,4.0,6.0,79.63,Medium Risk
STU-B9B3E2E4,1,90.48,87.22,33.81,74.42,2.56,1.0,0.0,93.62,Low Risk
STU-AEB0779F,3,65.33,49.74,55.85,17.46,1.84,9.0,3.0,90.55,High Risk
STU-E00523F8,3,91.21,23.43,99.76,79.5,2.03,6.0,2.0,71.16,Medium Risk
STU-67D92434,1,41.1,83.52,42.91,54.13,2.58,4.0,3.0,16.75,Medium Risk
STU-D8D218EF,4,77.45,71.54,24.91,20.82,3.09,1.0,0.0,77.77,Low Risk
STU-0A9F8AC7,1,56.66,84.16,16.84,59.54,2.05,3.0,1.0,43.15,Low Risk
STU-212CDC12,2,60.14,47.91,30.69,28.08,3.1,0.0,2.0,85.85,Low Risk
STU-CBBAB369,1,72.12,21.41,30.89,70.55,3.88,7.0,3.0,17.28,Medium Risk
STU-84106DB2,2,66.19,25.9,87.94,73.78,1.07,4.0,5.0,24.63,Medium Risk
STU-BDD7400E,2,59.82,28.94,28.27,78.48,1.49,7.0,4.0,73.63,High Risk
STU-BEB43F0B,2,55.04,84.41,88.33,90.54,3.75,0.0,5.0,37.6,Low Risk
STU-5FFD7988,3,75.19,44.11,22.37,68.94,1.21,7.0,4.0,42.02,High Risk
STU-99245E98,2,67.86,99.83,92.06,54.26,3.3,4.0,1.0,49.02,Low Risk
STU-2D97F2F8,3,56.02,80.67,36.79,86.88,2.87,6.0,2.0,31.16,Medium Risk
STU-1016C2D7,1,48.32,68.09,66.98,90.99,1.14,2.0,2.0,88.05,Medium Risk
STU-A7BEE7F1,2,85.34,98.69,28.58,80.36,1.0,2.0,2.0,22.5,Medium Risk
STU-BEAB7209,1,86.98,45.3,48.15,94.82,2.51,8.0,4.0,29.46,High Risk
STU-064E23AB,3,48.9,33.25,22.29,98.15,1.35,6.0,1.0,47.41,Medium Risk
STU-53EFB422,3,52.01,78.98,64.26,32.62,3.62,5.0,4.0,46.94,Medium Risk
STU-B20FAB58,4,50.54,42.25,44.4,26.53,2.44,3.0,2.0,19.41,Medium Risk
STU-CCE482BE,2,92.5,96.88,87.43,50.37,1.7,4.0,1.0,43.77,Low Risk
STU-E2B43C37,4,85.32,99.05,30.45,99.72,1.5,7.0,4.0,79.97,Medium Risk
STU-D661D459,3,39.85,94.11,38.8,17.96,3.51,0.0,5.0,90.7,Low Risk
STU-890B13F5,1,89.12,95.58,30.07,74.08,3.16,1.0,2.0,25.53,Low Risk
STU-193FAAB4,1,37.4,69.25,62.92,86.58,3.15,2.0,7.0,70.38,Medium Risk
STU-FDF8A879,2,51.46,75.37,24.5,99.68,1.26,4.0,1.0,93.76,Medium Risk
STU-B4D270F1,3,94.73,27.54,31.1,65.77,2.87,7.0,6.0,40.49,High Risk
STU-686080A4,1,91.18,81.04,72.67,44.21,3.61,4.0,7.0,89.51,Medium Risk
STU-B4C2510B,3,85.79,36.17,21.33,24.98,3.3,4.0,6.0,28.3,Medium Risk
STU-95CD86DB,2,64.74,87.23,78.17,98.36,1.35,5.0,1.0,88.18,Low Risk
STU-FF39E917,2,55.89,96.92,23.87,93.18,3.85,8.0,0.0,51.27,Low Risk
STU-718D9C66,2,92.3,36.99,64.77,82.41,1.21,8.0,1.0,85.16,Medium Risk
STU-3006C5D3,3,77.71,26.24,99.81,94.94,2.67,8.0,5.0,32.9,Medium Risk
STU-972C3B89,1,54.21,58.71,29.78,15.48,3.84,4.0,0.0,20.86,Low Risk
STU-36BC621A,1,65.11,83.32,37.19,66.83,3.47,5.0,2.0,65.64,Medium Risk
STU-70865809,3,92.3,81.65,91.37,34.73,3.04,6.0,0.0,37.64,Low Risk
STU-0DA02353,2,93.72,75.75,68.23,78.9,3.57,2.0,7.0,83.56,Low Risk
STU-7E9DDB8F,2,77.85,85.66,56.87,18.61,3.02,0.0,2.0,85.11,Low Risk
STU-AE774BD0,1,82.62,34.0,62.83,33.28,1.16,1.0,2.0,76.49,Medium Risk
STU-6B26121B,2,37.55,72.16,40.12,86.52,2.05,3.0,5.0,57.3,Medium Risk
STU-138371E4,1,74.3,68.45,87.7,77.45,2.28,8.0,3.0,93.47,Medium Risk
STU-528E4730,2,79.78,32.27,78.35,99.28,2.64,0.0,7.0,64.77,Low Risk
STU-44C5CFC6,2,36.32,53.15,69.61,67.96,1.69,5.0,5.0,30.31,High Risk
STU-9DD9D052,2,89.85,88.2,94.2,37.28,3.64,3.0,0.0,64.47,Low Risk
STU-DFF1BCD0,4,95.34,97.74,64.14,59.31,1.69,5.0,1.0,63.95,Medium Risk
STU-D021E4B6,2,50.47,73.23,58.51,94.96,2.97,1.0,1.0,69.41,Low Risk
STU-63B26701,2,89.98,93.76,97.93,68.66,3.63,1.0,6.0,23.44,Low Risk
STU-C9D25624,2,78.26,30.56,32.51,89.33,3.2,6.0,5.0,73.54,Medium Risk
STU-34255B72,1,72.75,98.0,27.07,12.06,1.41,4.0,7.0,49.28,High Risk
STU-9BF2966F,4,89.8,22.68,28.79,43.26,3.85,5.0,6.0,66.89,Medium Risk
STU-A6394BA9,3,53.56,62.18,99.1,94.18,1.28,3.0,7.0,93.27,Medium Risk
STU-7E386CD6,1,86.41,43.28,70.44,13.54,1.6,0.0,7.0,43.78,Medium Risk
STU-C0FA8B24,4,55.44,85.11,41.0,56.72,1.42,7.0,5.0,61.9,High Risk
STU-7894C127,1,86.18,37.4,36.16,41.19,3.0,0.0,6.0,80.48,Medium Risk
STU-BA86DA4E,4,64.32,20.92,19.81,68.16,3.42,7.0,5.0,25.3,High Risk
STU-EAADE5CF,4,42.6,53.17,26.22,24.6,1.71,0.0,2.0,45.11,High Risk
STU-B98B0007,3,59.8,25.13,92.19,68.8,3.94,9.0,0.0,26.56,Medium Risk
STU-54C4E287,1,50.18,43.21,78.52,99.27,1.42,9.0,4.0,86.38,Medium Risk
STU-E9AD5631,1,41.53,71.5,95.03,34.4,1.95,3.0,1.0,80.62,Medium Risk
STU-9AC1F659,1,42.17,43.58,51.02,51.53,2.47,5.0,4.0,41.92,High Risk
STU-7E5C7ED6,1,85.7,39.66,66.11,12.67,3.43,0.0,0.0,17.49,Low Risk
STU-566A76F2,2,92.29,32.44,56.11,49.06,2.13,8.0,7.0,49.81,High Risk
STU-7923EF5E,4,95.26,30.81,89.92,46.54,1.54,6.0,1.0,16.48,Medium Risk
STU-14EA94CB,2,90.51,62.07,99.27,60.82,2.39,0.0,4.0,39.83,Low Risk
STU-9B0D4119,3,88.96,74.52,94.29,33.11,2.43,9.0,7.0,32.87,High Risk
STU-FA652236,3,39.47,56.22,65.83,39.58,1.05,1.0,6.0,34.84,High Risk
STU-139A3533,4,86.36,29.89,20.25,64.89,1.06,4.0,1.0,73.62,Medium Risk
STU-3917DDFD,1,85.91,71.82,67.49,91.76,1.83,2.0,5.0,75.24,Medium Risk
STU-AC51E44C,2,43.53,64.57,23.25,31.17,3.22,0.0,7.0,75.04,Medium Risk
STU-2DD18A0A,3,78.03,50.5,26.8,70.97,2.1,4.0,3.0,84.71,Medium Risk
STU-E5372200,4,64.41,46.4,31.26,57.15,1.63,7.0,3.0,82.44,High Risk
STU-BE6D962B,4,93.5,34.65,45.9,19.41,1.34,0.0,7.0,68.31,Medium Risk
STU-599A2285,3,80.2,31.7,65.3,60.89,1.84,5.0,6.0,34.29,High Risk
STU-18FBDA9F,1,96.81,47.1,43.35,73.79,2.44,0.0,2.0,45.06,Low Risk
STU-39F1B4C0,2,41.82,23.33,53.44,63.84,1.28,7.0,0.0,50.0,Medium Risk
STU-FA6F39AC,1,37.64,54.93,19.02,19.4,1.04,4.0,1.0,75.09,Medium Risk
STU-1B7654A1,3,98.28,68.13,67.68,86.91,1.38,2.0,4.0,60.59,Medium Risk
STU-350F57D8,3,40.21,95.33,70.85,13.69,3.21,7.0,1.0,78.1,Medium Risk
STU-3F340446,3,60.1,70.07,23.45,31.24,2.4,9.0,1.0,28.5,High Risk
STU-78C42B4A,4,77.25,69.93,81.73,65.41,2.34,7.0,5.0,34.75,Medium Risk
STU-D7FEE2C1,3,92.2,49.95,70.03,29.62,1.06,2.0,4.0,19.86,High Risk
STU-9E24B70F,2,51.55,30.67,56.63,19.16,3.13,6.0,5.0,64.74,High Risk
STU-ADE69FE8,1,36.89,55.76,61.99,56.07,1.61,0.0,4.0,97.04,Medium Risk
STU-533074AC,4,68.88,67.89,57.76,75.02,1.27,2.0,5.0,61.19,Medium Risk
STU-48E93A9B,1,65.62,77.92,19.57,46.97,3.53,6.0,3.0,33.74,Medium Risk
STU-B3A2BC23,1,54.95,86.09,77.49,72.86,2.46,2.0,2.0,67.39,Low Risk
STU-7343C460,1,91.8,40.47,58.5,87.46,3.25,6.0,7.0,72.8,Medium Risk
STU-A8572C1B,2,83.71,39.3,29.69,96.29,3.47,2.0,4.0,64.12,Low Risk
STU-1AC74B94,1,90.78,65.22,72.86,30.99,3.89,2.0,1.0,46.63,Low Risk
STU-7182B0A4,4,45.52,65.28,74.08,64.48,2.87,1.0,6.0,85.53,Medium Risk
STU-E7E4151B,4,80.01,37.44,33.15,34.02,1.2,4.0,3.0,56.78,High Risk
STU-DFD2E647,4,98.38,67.0,82.7,88.38,2.67,0.0,0.0,99.07,Low Risk
STU-ECC1B213,1,74.77,47.67,53.8,90.13,2.53,3.0,7.0,35.69,High Risk
STU-3418B740,4,46.14,71.15,30.35,38.99,1.17,3.0,3.0,33.98,Medium Risk
STU-AA3B9084,4,99.73,43.28,70.9,68.08,1.92,9.0,6.0,21.39,High Risk
STU-25220630,4,69.34,67.38,65.72,89.89,2.24,2.0,3.0,48.91,Medium Risk
STU-1516F88A,3,89.6,81.46,29.48,55.75,1.48,4.0,3.0,36.12,High Risk
STU-F82B101A,3,44.71,98.41,89.15,74.84,1.03,3.0,5.0,85.82,Medium Risk
STU-2DD85830,1,78.3,92.89,87.64,82.08,3.27,7.0,1.0,59.2,Low Risk
STU-4B794C18,4,94.32,60.28,86.08,88.47,3.55,7.0,4.0,20.11,Low Risk
STU-2E92D105,1,69.58,59.07,48.93,56.37,1.69,9.0,2.0,45.38,Medium Risk
STU-C0F833EA,2,53.76,55.02,85.09,94.76,1.01,0.0,6.0,74.13,Medium Risk
STU-7042E609,4,43.28,22.22,86.81,66.61,3.67,7.0,5.0,56.3,Medium Risk
STU-D6C14E22,2,54.24,33.28,99.71,23.66,1.4,8.0,6.0,44.9,High Risk
STU-5DCD509B,1,58.07,24.74,96.4,65.12,2.21,3.0,6.0,28.19,High Risk
STU-E1C7DA35,4,81.15,75.71,47.54,36.86,2.1,7.0,0.0,71.57,Low Risk
STU-32926F6C,4,46.61,53.06,31.85,43.49,1.49,8.0,2.0,30.11,High Risk
STU-431EC756,1,41.9,25.1,39.86,82.8,2.8,1.0,5.0,88.97,Medium Risk
STU-25858696,4,60.15,75.25,57.06,97.6,3.76,8.0,1.0,99.09,Low Risk
STU-328D01DF,2,64.81,71.55,83.46,88.29,2.54,5.0,2.0,61.98,Low Risk
STU-1AF1A1F9,2,75.85,77.6,76.45,39.32,3.92,8.0,5.0,24.96,Medium Risk
STU-8C2F00BD,1,80.99,67.99,81.96,50.83,1.57,7.0,7.0,73.27,High Risk
STU-4DF6431F,1,92.8,32.92,47.29,98.51,3.55,3.0,6.0,26.3,Medium Risk
STU-C10141E0,1,53.78,24.91,35.99,93.12,1.77,6.0,2.0,91.66,Medium Risk
STU-E1A4CEF5,1,69.36,85.37,17.05,97.93,1.75,2.0,0.0,64.81,Low Risk
STU-85746B04,4,58.79,37.26,68.23,48.96,1.35,0.0,7.0,83.03,High Risk
STU-0C6180ED,3,35.09,63.4,82.58,82.05,3.59,3.0,3.0,68.12,Low Risk
STU-72728A31,4,72.66,58.82,90.58,88.41,3.18,3.0,4.0,59.71,Low Risk
STU-28B23543,3,88.03,93.68,55.48,13.98,2.02,4.0,6.0,59.64,High Risk
STU-3CD6C2EF,1,37.37,64.2,93.85,33.95,2.05,3.0,4.0,77.85,Medium Risk
STU-1DE97B3E,4,35.23,66.4,32.21,89.51,3.53,8.0,5.0,91.72,Medium Risk
STU-36435A3B,4,82.31,45.56,58.72,44.99,3.78,4.0,2.0,33.61,Low Risk
STU-D3DA508B,2,79.45,96.7,33.17,35.08,2.81,4.0,0.0,24.68,Low Risk
STU-69E1DA65,1,61.38,68.99,30.99,34.54,2.22,7.0,4.0,19.79,High Risk
STU-B84DD1D4,3,78.0,20.4,96.04,43.79,1.16,6.0,7.0,88.67,High Risk
STU-009B177A,3,96.97,64.49,84.51,31.96,1.38,1.0,4.0,25.4,Medium Risk
STU-918B1CED,4,51.11,49.11,16.0,10.3,1.43,0.0,7.0,68.44,High Risk
STU-AFB1A484,1,50.99,22.57,37.82,25.53,1.83,0.0,4.0,41.63,High Risk
STU-E619DB2F,1,47.11,54.52,32.44,89.43,1.77,0.0,7.0,62.88,Medium Risk
STU-AA26E3CE,3,82.06,81.89,27.51,16.81,2.63,9.0,2.0,22.22,High Risk
STU-D5BB4EB1,3,57.96,60.3,74.28,47.17,3.83,5.0,7.0,64.33,Medium Risk
STU-4E89759B,1,99.27,71.16,63.18,51.08,3.58,4.0,1.0,89.63,Low Risk
STU-6CAA3C17,2,81.45,71.18,53.58,80.03,2.53,8.0,2.0,37.6,Medium Risk
STU-3B90141D,3,58.88,73.68,31.11,32.73,1.05,5.0,2.0,42.35,Medium Risk
STU-37D7DEEE,3,44.7,51.01,38.6,37.87,1.21,9.0,7.0,33.54,High Risk
STU-19FAF91B,2,73.48,49.6,45.27,11.28,3.58,9.0,1.0,26.04,Medium Risk
STU-A85CEBF9,2,54.17,20.37,81.77,91.25,1.85,4.0,5.0,21.15,Medium Risk
STU-4CCD0649,4,93.86,32.34,99.08,71.7,1.95,6.0,7.0,71.97,Medium Risk
STU-238E9BBA,4,63.69,96.06,30.64,33.66,1.42,4.0,6.0,44.45,High Risk
STU-CC7C9292,1,54.02,87.39,44.03,89.88,1.67,0.0,4.0,53.94,Low Risk
STU-620DFAD0,1,73.26,42.01,38.82,17.79,1.74,8.0,6.0,42.35,High Risk
STU-029A763F,4,43.9,52.1,18.75,43.16,2.24,3.0,2.0,78.27,Medium Risk
STU-7E5B9614,2,71.5,95.19,33.63,60.72,2.87,4.0,6.0,73.03,Medium Risk
STU-68AF3305,3,38.65,40.04,91.64,55.5,2.06,3.0,3.0,71.59,Medium Risk
STU-D3C7908F,3,74.45,62.6,86.64,68.94,2.35,5.0,4.0,80.1,Medium Risk
STU-3D7B4FAB,2,69.46,21.77,29.25,36.78,1.55,8.0,5.0,64.55,High Risk
STU-11CB7917,3,68.85,69.58,46.12,78.21,1.17,0.0,4.0,23.27,Medium Risk
STU-4C654492,3,79.47,94.41,41.42,46.49,2.04,3.0,4.0,50.94,Medium Risk
STU-F47E70B9,3,37.89,90.78,27.56,21.28,1.19,9.0,2.0,41.93,High Risk
STU-60FE0198,1,64.88,60.16,67.89,76.64,1.9,2.0,0.0,44.11,Low Risk
STU-C806F31B,4,63.86,71.97,62.37,92.07,3.51,2.0,0.0,31.66,Low Risk
STU-36369A23,2,64.89,65.58,51.29,42.8,2.1,7.0,1.0,28.69,Medium Risk
STU-AA6F46EF,3,98.69,25.36,87.72,63.07,1.58,7.0,0.0,54.64,Medium Risk
STU-42E748E9,4,44.05,32.7,67.68,71.9,3.71,6.0,4.0,97.56,Low Risk
STU-6460C991,2,79.88,97.11,37.04,84.84,2.92,9.0,6.0,16.89,Medium Risk
STU-7CD48145,3,61.13,40.48,46.76,27.82,3.96,4.0,6.0,39.01,Medium Risk
STU-FD60BE9A,4,68.26,50.76,27.76,61.3,1.9,1.0,3.0,97.08,Low Risk
STU-B4F298AF,2,84.56,60.72,65.27,76.63,1.6,4.0,3.0,45.31,Medium Risk
STU-D0F2A932,2,45.23,98.33,64.86,27.92,1.89,3.0,7.0,70.64,High Risk
STU-F31FCC3B,4,84.63,75.2,88.97,52.52,3.44,7.0,4.0,37.74,Low Risk
STU-941F9959,1,39.57,70.37,87.74,51.79,1.45,5.0,7.0,61.08,High Risk
STU-B2E2F48F,1,66.42,61.95,86.14,85.54,1.72,0.0,5.0,29.75,Medium Risk
STU-4953C3AE,4,83.23,76.05,61.66,79.96,3.1,4.0,2.0,60.79,Low Risk
STU-C55D3784,4,47.52,73.12,70.42,30.87,3.21,7.0,6.0,55.74,High Risk
STU-F615B30A,4,85.11,92.23,80.92,30.97,3.88,0.0,7.0,85.96,Low Risk
STU-FA1A3C29,1,45.84,63.35,22.79,75.1,3.94,0.0,2.0,83.34,Low Risk
STU-D517609D,1,86.95,53.72,40.55,76.57,2.99,2.0,7.0,30.5,Medium Risk
STU-5F0CEAFB,1,65.48,84.57,29.37,26.1,2.09,0.0,4.0,94.92,Medium Risk
STU-142F0C64,3,79.5,83.98,58.47,47.01,2.36,5.0,4.0,48.1,Medium Risk
STU-92C40028,3,94.63,33.59,86.2,84.32,2.32,4.0,6.0,19.3,Medium Risk
STU-D1AF259C,2,61.55,38.94,34.61,17.15,2.16,4.0,1.0,21.51,High Risk
STU-3F6C4F40,1,50.14,96.69,77.13,43.65,2.01,2.0,2.0,50.59,Medium Risk
STU-45998711,3,91.37,55.53,49.5,68.01,1.5,1.0,0.0,90.43,Low Risk
STU-824E4800,3,45.51,61.57,91.76,79.4,2.1,0.0,5.0,28.29,Medium Risk
STU-8C7E0102,1,76.05,44.81,68.28,68.74,3.91,1.0,6.0,55.86,Low Risk
STU-A108FA37,4,95.01,58.49,98.01,45.78,3.65,9.0,6.0,60.8,High Risk
STU-632073E0,1,78.84,79.47,35.88,99.28,2.85,8.0,5.0,90.75,Medium Risk
STU-DFE3C7E3,3,47.72,58.59,93.54,13.74,1.58,9.0,0.0,16.05,High Risk
STU-484643A3,4,44.9,45.18,45.35,54.53,3.64,4.0,2.0,90.67,Low Risk
STU-07847A0E,3,51.4,27.68,67.87,55.9,1.94,7.0,6.0,37.96,High Risk
STU-D138FAA9,1,60.44,94.26,29.83,31.58,2.64,2.0,3.0,89.08,Medium Risk
STU-93920EB6,2,45.35,89.73,79.58,60.28,3.74,4.0,4.0,51.04,Medium Risk
STU-02079FD7,4,86.86,83.31,98.15,29.81,2.0,6.0,5.0,42.83,Medium Risk
STU-13185F3D,2,58.21,75.53,81.93,49.91,3.74,1.0,1.0,99.15,Low Risk
STU-23A0A966,3,95.85,61.24,67.34,48.85,1.71,2.0,7.0,81.51,Medium Risk
STU-3EE8E4B5,4,89.76,91.79,53.1,79.58,3.79,2.0,1.0,56.24,Low Risk
STU-D71A3CE6,4,94.07,83.34,44.35,94.83,2.08,8.0,5.0,46.76,Medium Risk
STU-9E7E61B1,2,54.14,85.28,50.62,28.26,2.12,0.0,6.0,42.15,Medium Risk
STU-309E9A2B,4,72.29,44.76,42.9,99.24,2.66,8.0,1.0,73.79,Medium Risk
STU-40E0B72E,4,55.89,53.88,85.78,94.63,2.04,0.0,7.0,50.42,Medium Risk
STU-8FD75D73,2,51.7,76.54,90.91,20.14,2.35,9.0,0.0,70.24,Medium Risk
STU-45305C59,1,74.46,49.68,95.72,92.11,2.5,6.0,6.0,50.32,Medium Risk
STU-A91F5AFA,1,88.17,59.52,50.56,60.81,2.47,3.0,5.0,46.58,Medium Risk
STU-F75E663B,1,41.08,71.72,61.43,89.11,3.88,9.0,3.0,43.2,Medium Risk
STU-A8E5F066,4,52.92,55.02,64.04,95.11,1.85,7.0,3.0,93.11,Medium Risk
STU-F041E905,3,48.33,83.44,70.34,87.3,1.85,0.0,5.0,80.14,Low Risk
STU-269D0B69,4,86.89,29.3,15.21,46.26,3.51,0.0,1.0,70.68,Low Risk
STU-B3D4AF87,3,95.67,77.44,86.63,67.31,2.18,5.0,4.0,71.56,Medium Risk
STU-45D6CB54,3,40.2,31.62,37.79,51.83,1.22,4.0,7.0,30.49,High Risk
STU-0FFB27DC,3,59.65,95.03,55.13,42.98,2.44,4.0,4.0,94.52,Medium Risk
STU-D1EDC3CF,1,94.44,45.12,86.53,32.56,2.65,1.0,5.0,23.98,Medium Risk
STU-EA6DA4B4,4,57.4,83.63,99.73,49.74,2.85,1.0,4.0,34.04,Low Risk
STU-7A6F4A7A,2,81.32,61.71,82.57,82.54,1.71,3.0,1.0,17.06,Low Risk
STU-863D5417,3,41.54,27.29,17.11,85.96,3.92,1.0,4.0,46.37,Medium Risk
STU-85315EAF,1,63.89,66.61,46.34,96.22,3.21,3.0,2.0,41.13,Low Risk
STU-3DF420A9,4,67.71,92.97,36.01,36.16,3.16,4.0,1.0,86.58,Low Risk
STU-08D16393,4,84.25,32.58,96.95,68.54,3.62,3.0,3.0,71.68,Low Risk
STU-309618C8,2,53.77,45.7,37.46,72.44,1.08,5.0,7.0,82.4,High Risk
STU-6112577A,3,52.17,55.13,95.18,27.22,2.84,2.0,0.0,27.64,Low Risk
STU-2B897B69,3,54.69,42.0,94.69,43.02,3.45,1.0,5.0,63.53,Medium Risk
STU-4B15614C,1,71.12,95.5,86.35,40.8,1.1,0.0,2.0,56.63,Low Risk
STU-437FC0FC,1,91.94,50.2,23.34,98.73,3.27,4.0,6.0,51.25,Medium Risk
STU-DCE68B8B,3,89.01,72.64,15.17,96.25,3.97,3.0,0.0,99.43,Low Risk
STU-B6F948F3,1,38.77,37.91,82.48,83.96,2.78,8.0,2.0,52.96,Medium Risk
STU-9C4B72AC,2,92.13,37.58,86.68,52.56,2.27,9.0,1.0,24.09,Medium Risk
STU-FF2E08EE,2,41.18,34.07,96.79,33.77,2.36,0.0,3.0,17.82,Medium Risk
STU-D583BA65,2,62.0,54.78,33.56,92.44,3.04,8.0,2.0,82.83,Medium Risk
STU-BF65C189,1,84.75,62.63,77.32,34.12,2.71,7.0,1.0,15.82,Medium Risk
STU-611C73F6,2,40.3,20.86,59.12,56.97,3.36,9.0,3.0,93.03,High Risk
STU-7EAD751D,2,37.63,86.63,42.92,32.06,2.26,3.0,0.0,32.72,Low Risk
STU-BDE7053A,2,56.45,61.02,66.53,97.41,2.25,1.0,6.0,89.93,Low Risk
STU-561B99C0,3,82.45,32.58,61.6,13.76,3.24,2.0,2.0,82.51,Low Risk
STU-18B3E222,4,68.91,25.38,39.85,25.69,2.94,9.0,1.0,32.87,Medium Risk
STU-DE092614,1,62.11,25.06,37.82,78.85,3.33,8.0,2.0,86.09,Medium Risk
STU-93D94A1C,4,87.85,40.61,56.36,23.63,3.66,9.0,4.0,42.3,Medium Risk
STU-C2DFAB95,2,84.84,59.94,55.29,98.14,1.79,1.0,2.0,32.72,Low Risk
STU-9FE7FFFC,3,86.09,88.82,40.67,38.92,1.95,7.0,5.0,33.23,High Risk
STU-B50D4405,2,64.88,92.24,37.42,92.68,2.58,9.0,3.0,89.27,Medium Risk
STU-4218EC1B,3,36.26,86.59,96.12,69.61,3.79,0.0,6.0,16.24,Low Risk
STU-5AC381E4,3,46.19,46.29,88.3,67.07,3.5,3.0,5.0,77.88,Medium Risk
STU-1D8AFA34,2,83.18,44.52,84.43,92.38,2.41,2.0,4.0,83.21,Low Risk
STU-11256309,2,83.96,99.0,33.21,56.2,2.72,9.0,5.0,46.5,Medium Risk
STU-B192AB24,4,98.2,74.5,31.09,46.07,3.14,1.0,3.0,75.01,Low Risk
STU-1C6834EC,1,47.36,44.4,83.79,29.59,2.57,2.0,0.0,91.93,Low Risk
STU-7541D5DC,1,42.99,46.33,30.7,23.01,1.3,2.0,6.0,61.19,High Risk
STU-B16F88C6,1,44.02,54.77,57.8,81.26,2.06,8.0,4.0,70.53,High Risk
STU-9E223B26,1,47.01,69.74,33.82,21.51,1.14,2.0,4.0,74.53,High Risk
STU-A155671E,2,69.35,91.84,47.14,45.46,3.01,8.0,3.0,96.74,Medium Risk
STU-3B530893,2,98.39,35.86,87.54,46.83,2.01,3.0,6.0,50.7,High Risk
STU-0B7A18BB,1,73.31,26.75,90.77,69.8,3.22,0.0,1.0,62.53,Low Risk
STU-4F12CF7D,1,68.97,52.46,99.72,35.07,2.29,7.0,2.0,54.71,Medium Risk
STU-62B8B822,3,78.77,39.64,95.23,85.44,1.14,9.0,6.0,41.83,High Risk
STU-7192CC19,3,39.81,66.08,72.06,28.67,2.14,4.0,0.0,95.16,Low Risk
STU-A29194D6,4,88.0,75.94,51.7,81.02,1.66,1.0,0.0,56.6,Low Risk
STU-91B938F7,4,77.05,44.86,19.9,86.48,1.64,8.0,1.0,94.11,Medium Risk
STU-51E6C41C,4,46.13,74.84,66.69,27.39,2.13,6.0,3.0,99.24,Medium Risk
STU-4C6D723D,4,76.0,47.45,32.91,82.85,3.93,5.0,0.0,87.86,Low Risk
STU-D988FD6B,3,73.75,70.8,87.26,74.24,3.88,1.0,2.0,29.04,Low Risk
STU-0FA49C19,1,39.22,70.64,61.66,88.69,3.41,5.0,1.0,18.27,Low Risk
STU-70A2D27F,3,52.35,42.25,77.35,55.9,1.74,6.0,6.0,61.02,High Risk
STU-D4FC0A20,1,60.41,70.86,72.25,31.05,3.29,4.0,4.0,60.74,Medium Risk
STU-2A9B1632,4,50.92,50.48,44.52,92.08,1.05,4.0,2.0,66.41,Medium Risk
STU-6AEDCA34,2,50.81,46.92,79.52,81.1,1.17,3.0,5.0,19.85,Medium Risk
STU-6CE59430,3,72.24,43.14,86.69,11.89,3.51,9.0,3.0,39.61,Medium Risk
STU-2F5C6D66,1,65.61,47.65,78.25,94.55,2.69,0.0,3.0,57.25,Low Risk
STU-6BF3AABB,2,78.37,82.94,81.03,95.37,2.12,9.0,1.0,58.72,Low Risk
STU-B56621C9,2,97.17,39.61,45.6,41.98,3.22,6.0,4.0,95.46,Medium Risk
STU-BF50157D,2,77.94,74.56,95.21,10.9,1.34,2.0,5.0,97.07,Medium Risk
STU-05493E9F,2,72.84,92.05,51.09,59.73,1.86,4.0,4.0,90.61,Medium Risk
STU-8F36A4BF,1,90.09,48.03,91.25,92.23,3.18,7.0,6.0,36.28,Medium Risk
STU-36940E02,2,76.08,22.36,87.91,21.2,1.62,1.0,5.0,69.48,Medium Risk
STU-25A29CE5,2,45.76,21.97,25.57,63.15,2.8,3.0,1.0,38.3,Medium Risk
STU-FE1473A6,4,55.46,31.16,97.13,75.86,2.34,8.0,1.0,95.8,Medium Risk
STU-1B924401,2,82.67,28.8,99.69,22.12,1.61,1.0,5.0,58.02,Medium Risk
STU-C6AA343E,2,82.99,79.85,66.52,56.19,3.67,7.0,1.0,85.41,Low Risk
STU-8C57A069,4,99.16,43.59,81.56,17.99,2.31,8.0,5.0,48.41,High Risk
STU-5762064B,3,75.75,72.2,94.36,60.23,2.8,2.0,6.0,47.43,Medium Risk
STU-30566D75,2,93.47,23.4,16.7,49.79,1.76,4.0,6.0,17.86,High Risk
STU-26C9591F,2,38.55,43.66,94.05,33.82,2.04,3.0,6.0,54.06,High Risk
STU-EA87C294,4,71.8,38.73,68.33,86.78,1.15,9.0,4.0,69.71,High Risk
STU-CBACD7A6,2,94.79,42.15,85.42,44.36,2.45,9.0,3.0,26.04,High Risk
STU-8635F6A5,2,53.67,35.26,60.96,72.98,2.03,7.0,3.0,30.71,High Risk
STU-47A2299B,3,45.07,69.43,60.1,81.16,1.99,7.0,2.0,97.59,Medium Risk
STU-65529CD2,1,57.78,73.01,91.29,26.08,3.67,4.0,5.0,77.19,Low Risk
STU-2AC664CF,4,86.5,31.88,58.14,20.72,3.11,4.0,3.0,92.23,Medium Risk
STU-7506FC5D,2,40.51,79.29,55.1,10.71,2.37,0.0,1.0,55.47,Medium Risk
STU-CBAEA4C5,3,74.02,40.0,66.7,37.52,1.59,4.0,2.0,30.23,Medium Risk
STU-7D53997E,3,43.82,42.63,59.08,83.44,3.92,0.0,5.0,29.14,Low Risk
STU-90AC39C0,1,63.31,86.3,52.93,79.55,1.22,3.0,7.0,61.04,Medium Risk
STU-FA50733B,4,97.79,92.09,30.34,88.46,1.41,6.0,7.0,75.81,High Risk
STU-22DBDFE5,4,47.68,85.98,48.78,78.45,1.81,1.0,7.0,92.85,Medium Risk
STU-83993862,2,37.21,31.82,38.97,12.16,3.86,0.0,0.0,49.61,Low Risk
STU-252C48DD,4,62.77,99.94,49.04,44.7,1.84,1.0,6.0,42.67,Medium Risk
STU-5141B38D,1,72.55,73.77,65.42,10.53,2.47,6.0,7.0,94.47,Medium Risk
STU-4653F9C8,4,54.34,60.85,66.75,13.24,3.28,2.0,4.0,53.56,Medium Risk
STU-8766986B,2,70.21,96.39,35.29,53.07,3.79,4.0,2.0,59.24,Low Risk
STU-6C869AC7,2,96.97,85.39,22.18,42.4,2.82,0.0,5.0,53.18,Medium Risk
STU-97F0500E,1,55.27,75.34,78.28,60.27,2.15,9.0,7.0,80.3,High Risk
STU-54475E53,2,55.11,87.07,59.93,15.95,3.96,9.0,0.0,21.05,Medium Risk
STU-35AE8EC7,1,66.38,50.84,52.58,62.95,1.08,9.0,1.0,86.09,Medium Risk
STU-57440148,4,68.5,74.76,26.02,15.85,3.5,7.0,3.0,48.31,Medium Risk
STU-198B9324,4,35.09,35.25,50.25,48.13,1.83,3.0,3.0,97.1,High Risk
STU-B61B952F,1,75.03,99.04,84.54,41.71,3.45,9.0,2.0,40.54,Medium Risk
STU-2BCCBC38,1,99.83,67.12,64.42,30.16,1.49,1.0,5.0,54.97,Medium Risk
STU-30F58CE9,4,53.98,85.14,22.73,38.08,2.04,7.0,0.0,50.9,Medium Risk
STU-E464F439,2,76.0,52.59,43.24,10.05,1.17,9.0,7.0,83.12,High Risk
STU-24630652,1,35.3,80.69,98.28,39.17,1.6,4.0,3.0,72.08,Medium Risk
STU-2C8A9996,2,74.28,50.99,61.28,17.06,2.81,1.0,6.0,69.98,Medium Risk
STU-EDAF7846,2,64.06,67.2,39.34,92.92,3.28,8.0,6.0,75.72,Medium Risk
STU-9607899E,1,69.47,82.25,92.64,16.69,3.73,5.0,5.0,96.52,Medium Risk
STU-EB14EA7D,3,70.35,29.32,43.56,95.78,1.36,7.0,1.0,55.63,Medium Risk
STU-B957E200,3,46.5,48.54,77.04,54.23,1.42,1.0,0.0,70.39,Medium Risk
STU-830894A2,1,85.05,63.59,27.51,56.19,3.82,4.0,0.0,73.13,Low Risk
STU-DE68D976,4,71.11,46.72,28.3,80.93,3.3,2.0,3.0,87.85,Low Risk
STU-C25346E0,3,52.56,44.73,62.71,72.58,2.62,7.0,2.0,39.5,Medium Risk
STU-6BD3C0FE,1,95.93,42.53,35.38,31.34,2.43,0.0,2.0,83.54,Low Risk
STU-96B966A4,1,35.83,38.22,19.19,12.29,1.47,8.0,2.0,57.44,High Risk
STU-34951061,1,82.19,87.91,93.75,80.06,2.14,5.0,3.0,16.37,Medium Risk
STU-096D5902,2,59.78,93.9,19.76,21.68,2.12,0.0,4.0,28.01,Medium Risk
STU-B448A4B2,1,68.97,76.01,75.98,63.85,2.95,2.0,1.0,86.35,Low Risk
STU-5C6EC48B,2,53.95,22.4,43.3,94.84,2.8,7.0,1.0,37.8,Medium Risk
STU-31A59B08,1,55.88,82.9,94.35,59.45,1.18,7.0,2.0,40.24,Medium Risk
STU-55837E15,3,35.99,62.56,98.81,35.7,3.55,2.0,2.0,77.49,Low Risk
STU-05F9FE1F,3,82.44,80.65,43.51,26.09,3.81,9.0,1.0,73.3,Medium Risk
STU-5A4AA606,2,81.2,54.99,65.24,12.43,3.34,7.0,6.0,53.28,Medium Risk
STU-96A26C46,3,77.53,23.3,80.7,66.09,1.54,5.0,3.0,77.06,Medium Risk
STU-DEC9968B,4,92.07,74.54,25.49,60.22,1.52,6.0,7.0,66.88,High Risk
STU-A209841C,3,93.58,55.53,75.3,51.56,3.18,1.0,6.0,30.56,Medium Risk
STU-B50B89EE,2,71.17,89.92,92.03,27.44,2.32,0.0,0.0,38.53,Low Risk
STU-8B07A4E1,2,79.51,79.05,30.17,31.3,3.34,0.0,7.0,20.46,Medium Risk
STU-6A822522,4,35.71,48.76,86.29,96.27,1.23,2.0,1.0,71.23,Low Risk
STU-5C8D058B,1,90.01,77.93,24.83,11.84,3.15,6.0,1.0,19.71,Low Risk
STU-65A1AC7F,2,88.07,59.62,63.31,42.71,2.27,8.0,0.0,78.13,Medium Risk
STU-7CB97B95,3,36.32,35.96,43.85,13.49,1.09,1.0,0.0,60.29,Medium Risk
STU-C04C4C18,3,70.28,53.59,55.1,27.24,2.64,5.0,4.0,52.3,Medium Risk
STU-4A95CB9C,3,93.93,37.8,40.55,93.98,3.1,7.0,7.0,65.73,High Risk
STU-1E595114,2,46.79,20.4,37.15,23.46,2.58,8.0,5.0,67.66,High Risk
STU-8E1F1299,1,57.92,39.74,78.17,64.07,1.37,9.0,1.0,64.68,Medium Risk
STU-DD48E5E9,4,56.52,36.76,33.96,41.23,3.45,2.0,0.0,75.63,Low Risk
STU-A6DA9705,1,58.14,20.35,49.72,66.97,1.95,4.0,5.0,69.07,Medium Risk
STU-3841814A,1,37.72,82.71,38.34,86.69,3.76,4.0,1.0,56.06,Low Risk
STU-F987DD9C,2,53.14,26.16,35.28,35.79,3.72,7.0,7.0,85.51,High Risk
STU-52C9E135,4,54.17,55.92,68.3,17.08,1.6,0.0,0.0,97.76,Medium Risk
STU-14BE8247,3,91.28,53.43,18.86,28.38,2.43,2.0,2.0,67.07,Medium Risk
STU-320E812A,4,57.89,34.51,82.06,49.52,1.41,5.0,5.0,75.53,Medium Risk
STU-624796B8,1,64.07,97.35,61.43,56.36,3.03,5.0,2.0,58.22,Low Risk
STU-4DE0A451,2,59.75,68.3,85.42,94.77,3.56,3.0,5.0,49.07,Low Risk
STU-0E8CDD9F,2,42.84,85.08,33.11,11.45,2.95,4.0,2.0,88.17,Medium Risk
STU-51131327,4,99.37,59.69,75.3,78.19,1.78,9.0,7.0,31.55,High Risk
STU-55C21345,2,88.68,77.82,50.75,16.53,1.23,2.0,6.0,73.68,Medium Risk
STU-6F6445F1,1,70.16,97.58,21.53,17.01,1.21,3.0,1.0,26.66,Medium Risk
STU-6D786BE1,3,65.96,47.87,78.96,68.87,2.83,9.0,1.0,80.16,Medium Risk
STU-1382C846,2,77.2,60.34,79.79,91.8,3.86,9.0,1.0,34.94,Low Risk
STU-59F2111A,2,56.22,61.16,38.03,35.89,3.09,0.0,3.0,66.6,Medium Risk
STU-E8766501,4,38.27,99.36,92.86,34.24,3.19,5.0,5.0,26.84,Medium Risk
STU-0294DD63,1,61.28,38.65,79.94,65.59,1.99,4.0,2.0,15.05,Medium Risk
STU-01EB8366,1,98.96,74.02,41.07,79.87,2.76,4.0,7.0,78.02,Medium Risk
STU-F0E58237,1,46.85,31.06,35.32,88.21,1.95,3.0,0.0,89.39,Low Risk
STU-D1D9101A,2,69.3,94.17,52.41,32.47,3.7,8.0,5.0,82.96,Medium Risk
STU-AD5E25A4,1,35.55,67.23,39.89,76.62,1.4,8.0,5.0,26.29,High Risk
STU-62DFE382,3,42.93,88.75,33.45,37.65,2.9,4.0,4.0,34.95,High Risk
STU-C55DB5C4,1,73.17,91.62,48.92,59.03,3.19,6.0,3.0,85.08,Low Risk
STU-9CDE736F,4,54.33,64.57,17.18,27.18,3.1,2.0,5.0,16.43,Medium Risk
STU-0705D890,1,93.87,74.56,49.12,23.14,1.77,0.0,1.0,59.92,Low Risk
STU-FADDF299,1,61.4,75.9,33.84,94.18,2.46,0.0,5.0,86.04,Low Risk
STU-1B466185,2,48.52,56.84,37.47,59.25,2.99,2.0,2.0,31.59,Low Risk
STU-EF18F75E,3,70.46,54.79,22.02,10.41,3.79,2.0,3.0,27.25,Medium Risk
STU-E4638383,2,86.67,34.9,65.06,81.41,2.5,4.0,7.0,30.45,Medium Risk
STU-76E8BDC9,4,36.26,50.71,55.12,72.18,1.9,7.0,2.0,79.23,Medium Risk
STU-DF749734,3,67.86,99.26,78.8,39.33,2.16,5.0,0.0,97.04,Low Risk
STU-A32CF87B,4,85.27,41.59,98.9,51.76,2.62,7.0,4.0,32.94,Medium Risk
STU-3B6A9308,3,41.73,81.0,25.16,50.49,3.93,6.0,3.0,24.23,Medium Risk
STU-9F9EC137,1,93.68,24.75,38.16,34.73,2.88,0.0,4.0,38.02,Medium Risk
STU-7B34F50D,4,52.19,57.4,73.01,98.25,1.46,9.0,3.0,24.42,Medium Risk
STU-01C8666C,4,46.09,24.67,35.17,58.95,3.53,7.0,7.0,15.43,High Risk
STU-A1183AB9,4,73.3,58.06,17.56,90.76,1.54,0.0,2.0,53.23,Low Risk
STU-02A1DBBB,1,46.38,22.2,24.33,62.68,1.12,4.0,1.0,78.87,Medium Risk
STU-567EC3D6,3,79.18,69.06,51.86,72.12,1.3,2.0,2.0,41.45,Low Risk
STU-64A363BA,1,66.86,66.92,51.62,12.66,3.36,6.0,1.0,43.14,Medium Risk
STU-B5E152BD,1,42.15,83.83,97.65,56.06,3.71,4.0,1.0,34.37,Low Risk
STU-C938B1B2,3,94.31,66.66,54.61,74.91,1.8,1.0,6.0,26.19,Medium Risk
STU-1B299B22,4,78.76,94.08,72.64,20.97,2.49,0.0,7.0,20.68,Medium Risk
STU-C92A501C,3,70.49,82.65,56.84,71.05,2.79,9.0,1.0,63.47,Medium Risk
STU-A545EB86,4,59.33,30.61,37.94,17.58,2.26,5.0,7.0,79.95,High Risk
STU-15CCF631,1,43.77,41.24,23.96,82.63,1.2,5.0,6.0,57.81,High Risk
STU-9A19C572,1,80.99,22.1,88.02,98.0,1.17,7.0,7.0,86.76,High Risk
STU-72BDA24C,3,87.89,50.89,27.98,66.41,2.32,8.0,2.0,54.25,Medium Risk
STU-BCA5AB98,2,43.18,60.76,23.24,16.94,3.39,1.0,2.0,21.05,Medium Risk
STU-31E66B66,4,67.15,95.68,33.18,62.81,1.25,4.0,4.0,66.34,Medium Risk
STU-E1F5173B,2,66.52,61.78,15.21,76.68,1.62,4.0,3.0,75.78,Medium Risk
STU-A66F592D,2,57.74,82.48,21.12,93.98,1.81,9.0,1.0,25.49,Medium Risk
STU-DA8E0D7A,2,86.31,41.44,68.99,14.09,2.68,7.0,0.0,59.5,Medium Risk
STU-44E47BE2,1,41.47,32.25,35.7,79.75,1.13,8.0,0.0,40.26,High Risk
STU-342D1550,4,48.33,84.87,43.77,21.93,3.58,4.0,1.0,96.82,Low Risk
STU-5564C78F,2,35.1,39.79,86.0,81.15,2.41,4.0,3.0,33.01,Low Risk
STU-0DD47489,2,59.24,89.71,80.7,89.98,2.46,2.0,2.0,73.02,Low Risk
STU-9664FC06,4,53.93,33.59,56.84,87.51,1.98,5.0,4.0,41.23,Medium Risk
STU-80A93BA7,2,91.35,88.13,67.1,68.76,1.64,6.0,0.0,50.39,Low Risk
STU-FCCC2D18,4,83.48,81.83,22.29,55.07,2.09,2.0,3.0,85.3,Medium Risk
STU-D774B854,1,40.49,68.9,79.74,88.71,3.74,1.0,2.0,99.76,Low Risk
STU-FA0E7EA3,1,83.16,88.02,58.88,56.72,1.28,1.0,6.0,25.29,Medium Risk
STU-1CC61D8E,4,78.9,46.46,63.53,27.11,1.18,8.0,6.0,54.06,High Risk
STU-8A0522CA,4,53.31,33.28,71.57,94.85,1.34,5.0,5.0,67.72,Medium Risk
STU-EBEFA82F,2,36.0,32.56,57.51,43.6,3.33,1.0,5.0,48.39,Medium Risk
STU-2F057EAA,3,42.49,41.63,59.34,66.19,1.15,4.0,7.0,26.21,High Risk
STU-32868923,4,51.25,55.7,57.47,27.92,2.0,6.0,6.0,17.03,High Risk
STU-4B4425AD,1,88.08,90.08,57.23,19.95,2.27,0.0,1.0,17.66,Low Risk
STU-B8D41131,1,65.25,27.16,78.77,59.59,2.52,7.0,2.0,57.29,Medium Risk
STU-EC49A4E9,2,94.7,93.22,51.31,59.91,1.01,5.0,2.0,49.94,Medium Risk
STU-269D3B7C,1,86.29,94.04,15.25,43.28,2.46,0.0,5.0,98.24,Low Risk
STU-48EA5760,1,53.66,78.18,67.03,38.06,1.58,7.0,5.0,92.53,High Risk
STU-F2359445,4,89.95,92.02,95.98,43.68,1.29,4.0,2.0,66.96,Medium Risk
STU-6BC0C96E,1,42.59,81.6,36.84,81.56,2.6,6.0,5.0,55.35,Medium Risk
STU-A3F14880,4,37.35,62.26,84.38,42.2,3.23,9.0,4.0,63.73,Medium Risk
STU-F7382B8E,2,74.55,68.06,53.72,92.92,3.8,3.0,0.0,54.47,Low Risk
STU-2B2625D1,3,57.21,70.26,69.65,20.17,3.74,1.0,0.0,44.47,Low Risk
STU-38E5EA29,3,56.41,30.15,90.72,93.84,2.2,7.0,6.0,66.88,Medium Risk
STU-D5ED36E6,2,79.67,35.44,80.54,72.06,3.11,3.0,4.0,94.08,Low Risk
STU-AEE50295,1,90.26,61.87,90.19,40.99,3.09,7.0,3.0,69.91,Medium Risk
STU-A8200DB1,1,55.94,29.22,15.81,10.62,2.24,8.0,2.0,30.08,High Risk
STU-88A32290,3,56.13,97.2,30.92,82.22,1.29,3.0,1.0,55.45,Medium Risk
STU-80279C79,1,69.7,60.57,51.0,97.24,2.15,7.0,5.0,29.67,Medium Risk
STU-60A38ECF,1,77.46,50.41,87.07,98.42,3.98,3.0,4.0,25.15,Low Risk
STU-3664B6EB,4,48.19,32.6,86.26,48.11,2.67,7.0,2.0,43.02,Medium Risk
STU-9F459A5F,4,94.32,53.32,30.74,16.35,2.02,0.0,7.0,31.93,High Risk
STU-6BBD6926,2,77.54,44.19,27.09,38.24,3.23,1.0,2.0,94.5,Low Risk
STU-854346DA,1,75.64,27.03,85.95,37.88,3.06,9.0,0.0,19.75,Medium Risk
STU-1593130B,3,93.77,97.36,61.02,19.21,2.74,2.0,4.0,96.95,Medium Risk
STU-5A176DEE,4,93.97,41.2,68.28,57.22,2.91,1.0,5.0,86.47,Medium Risk
STU-816C5534,1,43.81,75.24,83.78,64.41,2.75,9.0,1.0,37.21,Medium Risk
STU-E8B06E9F,1,44.43,27.31,33.0,75.59,3.87,7.0,5.0,22.87,Medium Risk
STU-7BC3D58D,4,84.53,93.05,26.6,14.59,2.53,9.0,4.0,63.19,High Risk
STU-F0C637D7,4,97.2,67.26,88.02,34.79,2.77,8.0,1.0,35.93,Medium Risk
STU-399282F3,4,78.32,72.55,24.5,41.97,2.41,8.0,7.0,36.3,High Risk
STU-718BEE29,1,61.74,82.54,22.5,90.3,2.8,0.0,5.0,63.79,Low Risk
STU-75011B76,2,79.43,68.47,38.55,91.13,3.67,8.0,2.0,53.9,Low Risk
STU-7CD61E00,3,49.87,25.67,41.93,33.4,2.02,7.0,5.0,58.09,High Risk
STU-DDC864A0,1,99.87,54.37,35.5,53.86,2.49,7.0,1.0,42.12,Medium Risk
STU-19F14D88,1,63.02,40.96,78.04,48.23,2.35,2.0,2.0,42.56,Low Risk
STU-B457C7E4,2,95.56,58.94,97.74,57.4,2.19,7.0,5.0,99.95,Medium Risk
STU-3E9B24A1,2,63.0,52.35,31.97,35.75,3.46,1.0,7.0,48.42,Medium Risk
STU-F87093E8,2,95.33,86.12,81.46,51.66,1.7,1.0,6.0,33.95,Medium Risk
STU-0A9FB8B6,4,56.82,39.76,18.76,23.08,2.5,3.0,5.0,74.88,High Risk
STU-54FA7199,3,84.44,36.1,25.11,73.86,3.77,6.0,5.0,81.62,Medium Risk
STU-54749B3D,4,96.82,96.65,58.78,43.28,1.48,3.0,5.0,34.99,Medium Risk
STU-2489700C,4,76.99,95.96,99.97,58.82,1.01,1.0,5.0,24.29,Medium Risk
STU-16F595F6,1,79.04,99.48,95.7,64.41,1.8,4.0,1.0,39.99,Medium Risk
STU-BA01E00D,2,41.69,65.47,24.52,85.29,3.77,7.0,0.0,59.65,Low Risk
STU-F10308FA,2,65.82,29.05,35.37,17.36,1.26,6.0,4.0,47.37,High Risk
STU-F46A9E86,1,92.64,90.41,95.39,53.45,1.41,6.0,0.0,28.14,Low Risk
STU-E921E618,4,50.66,31.61,27.81,90.47,1.96,8.0,3.0,17.09,High Risk
STU-878D1745,1,86.24,32.45,78.14,39.68,3.31,4.0,4.0,57.98,Medium Risk
STU-966EB42E,2,78.92,35.47,15.09,50.01,3.25,3.0,4.0,89.0,Medium Risk
STU-4446E91B,3,49.49,72.27,68.7,17.66,1.26,9.0,1.0,65.61,High Risk
STU-9514ABAD,2,53.38,28.58,57.04,77.56,3.8,8.0,7.0,88.83,Medium Risk
STU-93CB6957,3,62.79,82.26,55.04,17.65,1.72,0.0,6.0,80.12,High Risk
STU-4D8DDC13,2,43.13,24.66,85.48,66.79,1.84,5.0,2.0,44.17,High Risk
STU-E53718D0,1,94.37,28.84,21.86,43.68,2.16,2.0,7.0,50.12,High Risk
STU-B192A918,1,83.06,54.76,47.07,40.43,2.9,5.0,1.0,88.3,Medium Risk
STU-AAC967AF,4,58.72,50.33,52.91,62.7,2.56,6.0,6.0,74.96,Medium Risk
STU-27879ED8,1,54.48,99.18,25.53,61.09,3.79,0.0,4.0,62.55,Medium Risk
STU-406426E8,2,79.82,97.35,22.28,46.49,2.69,5.0,0.0,95.53,Low Risk
STU-1DA4BB78,2,62.57,35.17,30.27,35.05,3.57,7.0,7.0,18.97,High Risk
STU-B7E89732,1,49.91,95.73,35.49,55.74,1.23,4.0,2.0,87.83,Medium Risk
STU-EF97EE29,2,62.96,75.38,97.12,34.04,3.57,4.0,1.0,42.09,Low Risk
STU-A5F03075,3,91.63,52.71,55.43,19.24,1.59,6.0,0.0,70.17,Medium Risk
STU-6BC95FF9,3,39.46,79.17,58.37,81.92,2.09,7.0,7.0,92.78,High Risk
STU-303EED90,3,58.94,92.01,75.09,73.21,1.96,6.0,1.0,45.09,Medium Risk
STU-770C507E,1,97.55,34.41,73.16,17.59,2.01,2.0,5.0,57.08,Medium Risk
STU-3ADCD5AD,2,35.96,35.68,57.74,24.63,3.76,5.0,4.0,42.42,High Risk
STU-2AD652F7,1,92.89,52.7,43.89,19.02,2.32,8.0,1.0,74.86,Medium Risk
STU-8730EF6C,1,59.36,33.54,43.14,81.16,1.8,1.0,7.0,26.09,High Risk
STU-240D63BC,2,47.32,48.83,19.91,79.56,1.88,8.0,6.0,79.0,High Risk
STU-1DB1DC33,1,35.97,71.66,91.47,46.72,3.41,2.0,0.0,81.36,Low Risk
STU-93F5194A,3,39.58,85.03,80.4,83.93,2.62,2.0,7.0,20.61,Medium Risk
STU-CE6E68A4,3,46.17,44.15,67.98,97.66,2.35,9.0,5.0,48.98,High Risk
STU-B69CA7D6,4,36.65,42.54,48.67,97.34,3.78,1.0,0.0,74.23,Low Risk
STU-20C6CECC,3,56.83,82.38,64.51,98.28,3.79,2.0,5.0,23.02,Low Risk
STU-3EABFF17,1,37.92,50.48,56.23,86.17,3.27,6.0,0.0,82.44,Low Risk
STU-6BAF46E1,2,79.99,85.48,38.28,29.53,2.55,2.0,1.0,69.61,Low Risk
STU-2BE38747,1,88.23,99.47,40.38,15.17,1.35,0.0,5.0,54.37,Medium Risk
STU-96B32450,2,92.69,98.37,89.33,83.05,3.12,3.0,4.0,23.07,Low Risk
STU-C8D432D3,1,70.69,73.01,68.97,37.77,3.45,6.0,6.0,21.06,High Risk
STU-FE92BCF3,1,96.52,50.02,15.12,40.4,3.56,5.0,3.0,35.84,Medium Risk
STU-E3F7F417,2,35.37,25.24,42.78,16.57,2.75,9.0,3.0,82.17,High Risk
STU-C0828020,3,43.71,79.04,43.9,74.32,2.85,2.0,3.0,90.65,Medium Risk
STU-1288C04F,3,54.06,98.24,75.04,48.77,3.13,0.0,7.0,36.05,Medium Risk
STU-8BB870CD,2,86.29,25.44,74.54,28.38,3.62,7.0,2.0,40.88,Low Risk
STU-8AC43274,2,92.55,20.49,54.45,68.72,1.14,1.0,7.0,29.46,High Risk
STU-212A404A,2,75.18,86.54,95.83,98.19,2.69,4.0,4.0,73.3,Low Risk
STU-2034A4B5,3,59.91,28.18,89.14,54.86,2.11,2.0,4.0,17.35,Medium Risk
STU-F9448396,1,78.28,26.53,88.63,64.57,3.5,3.0,2.0,94.12,Low Risk
STU-7E1D2E42,3,46.76,92.83,44.6,24.66,1.4,2.0,3.0,38.38,Medium Risk
STU-615BBA2F,3,64.76,26.36,51.63,24.49,3.73,2.0,5.0,80.49,Medium Risk
STU-D6050139,1,67.99,29.12,50.61,51.24,1.37,2.0,3.0,96.99,Medium Risk
STU-CE559DFE,1,41.82,65.57,52.42,86.03,1.27,9.0,5.0,27.48,High Risk
STU-126B99A2,1,37.2,80.55,90.58,91.82,2.04,7.0,5.0,25.57,Medium Risk
STU-AA80F283,2,83.76,51.97,36.18,67.76,3.98,0.0,2.0,38.45,Low Risk
STU-4EBF0BCA,3,69.76,53.65,83.19,42.45,2.9,1.0,0.0,65.11,Low Risk
STU-3257CAB6,2,56.6,70.61,58.69,77.5,1.08,1.0,7.0,15.11,Medium Risk
STU-0262AE50,2,63.42,60.43,36.17,36.27,1.75,8.0,5.0,66.5,High Risk
STU-E238FAEF,4,97.25,21.49,59.82,29.76,1.45,6.0,4.0,64.04,Medium Risk
STU-23F21EBB,1,60.02,29.09,31.61,81.59,1.0,9.0,7.0,18.9,High Risk
STU-ED7E88AB,1,41.73,66.53,24.2,77.62,2.54,6.0,6.0,59.46,High Risk
STU-423D308D,2,65.13,83.49,86.25,89.39,2.14,7.0,6.0,85.93,Medium Risk
STU-27AB3EEE,3,77.12,81.05,74.44,61.88,2.84,1.0,3.0,40.45,Low Risk
STU-7E1EA283,3,35.79,79.2,32.42,90.7,1.65,9.0,3.0,84.54,High Risk
STU-B56F8CFE,2,56.6,81.7,95.1,12.38,3.49,0.0,2.0,52.6,Low Risk
STU-8858D4B9,4,60.58,23.56,17.07,32.83,2.15,5.0,1.0,86.57,High Risk
STU-A76E0557,3,65.14,91.61,43.33,82.4,2.45,2.0,5.0,55.03,Medium Risk
STU-3B969422,1,54.61,91.14,16.84,48.13,3.2,1.0,4.0,91.57,Low Risk
STU-BA69C273,3,78.35,62.55,27.1,31.55,1.5,2.0,5.0,92.68,High Risk
STU-D47EB094,1,96.41,39.89,30.31,81.65,1.79,3.0,4.0,15.55,Medium Risk
STU-CAD112D4,3,94.41,67.37,83.88,84.0,1.46,4.0,4.0,47.79,Low Risk
STU-BB1ACDC9,1,78.19,64.63,99.41,51.06,3.3,9.0,7.0,90.42,High Risk
STU-865B2918,3,67.95,37.84,88.72,51.99,1.29,9.0,6.0,16.19,High Risk
STU-ACE2EC48,2,88.68,68.25,68.99,80.28,2.47,3.0,0.0,23.68,Low Risk
STU-1E7AF90A,4,89.34,83.78,76.45,79.42,3.25,7.0,7.0,51.63,Medium Risk
STU-BC597D08,2,88.92,84.49,59.44,87.99,2.52,5.0,5.0,98.33,Medium Risk
STU-A066D862,3,45.26,24.78,50.92,68.1,2.53,6.0,1.0,93.83,Medium Risk
STU-C7FB9D74,2,36.65,35.77,73.83,26.73,1.19,3.0,4.0,64.73,High Risk
STU-7218C0C3,4,98.91,73.46,97.71,59.47,3.35,6.0,0.0,36.47,Low Risk
STU-7FF78ED6,3,97.38,88.79,17.46,44.41,2.81,4.0,0.0,69.55,Low Risk
STU-6117BE73,1,71.68,61.7,41.7,12.43,3.0,1.0,5.0,42.44,Medium Risk
STU-848750F3,4,99.55,76.6,43.06,27.69,3.3,8.0,0.0,70.54,Low Risk
STU-DE3A9825,2,85.09,21.69,50.21,28.5,2.68,1.0,4.0,29.4,Medium Risk
STU-FBB5C29B,3,68.63,68.67,68.29,17.41,2.53,1.0,4.0,66.15,Medium Risk
STU-F9E1F5A5,3,60.31,96.95,58.67,50.8,2.99,2.0,6.0,73.79,Medium Risk
STU-D9FDF42A,1,73.54,72.88,16.59,55.72,3.7,3.0,2.0,75.73,Low Risk
STU-B7572E10,4,68.53,93.78,49.99,40.6,2.92,6.0,5.0,98.05,Medium Risk
STU-05E5FC71,2,99.6,65.28,67.65,47.11,3.36,4.0,2.0,17.23,Low Risk
STU-A397817F,1,66.88,87.47,57.91,59.45,2.44,6.0,1.0,21.58,Medium Risk
STU-7A5EFC04,4,89.33,29.93,89.13,20.84,2.77,0.0,6.0,66.44,Medium Risk
STU-F04A8267,3,87.89,29.88,48.88,60.61,1.54,3.0,6.0,56.02,High Risk
STU-DF826E0C,1,39.64,29.61,16.07,73.89,2.47,1.0,2.0,68.46,Medium Risk
STU-188DAD6C,1,40.66,59.11,39.22,88.73,1.45,5.0,5.0,73.96,High Risk
STU-D4E9B39E,3,77.89,46.42,26.53,37.14,2.4,1.0,5.0,17.92,Medium Risk
STU-02002CFD,1,51.84,77.53,36.27,77.27,1.19,3.0,4.0,56.01,Medium Risk
STU-1D8AFDA2,4,77.74,92.21,45.78,64.54,2.73,4.0,2.0,57.25,Low Risk
STU-519B66AA,3,44.4,69.55,72.52,55.25,1.86,7.0,1.0,67.81,Medium Risk
STU-88A4A674,2,60.81,37.06,42.55,92.76,3.52,4.0,4.0,45.47,Medium Risk
STU-C3A7F514,2,41.66,94.47,90.15,65.8,2.13,1.0,3.0,20.78,Low Risk
STU-75DCF354,2,53.34,62.23,40.46,42.95,3.75,9.0,7.0,42.44,High Risk
STU-38CA63E4,2,40.74,77.6,26.64,74.16,2.42,7.0,3.0,33.51,Medium Risk
STU-321725E3,3,98.09,91.24,29.35,96.39,3.55,7.0,3.0,81.84,Low Risk
STU-61B2CF88,4,60.68,99.19,94.44,92.64,1.89,9.0,1.0,89.77,Low Risk
STU-0B5E1849,3,93.58,60.49,53.66,98.22,2.35,0.0,1.0,29.77,Low Risk
STU-B8D57777,2,98.13,84.65,49.27,18.56,2.9,8.0,4.0,66.79,Medium Risk
STU-F245CE4A,1,94.12,65.35,20.86,49.91,1.78,7.0,3.0,32.08,High Risk
STU-E5A24E44,3,64.57,58.92,77.33,48.94,2.97,0.0,5.0,85.72,Low Risk
STU-0BD383DB,3,85.63,63.02,74.05,44.54,1.87,8.0,0.0,80.6,Medium Risk
STU-911FED23,3,44.99,58.74,46.94,26.06,2.45,8.0,2.0,64.46,Medium Risk
STU-430F5B17,1,41.16,53.68,73.8,84.9,1.07,7.0,6.0,41.98,High Risk
STU-113AF17E,4,92.0,77.9,46.23,70.58,1.23,9.0,5.0,98.56,High Risk
STU-120C026F,2,37.02,39.97,21.22,64.54,1.68,6.0,3.0,69.95,Medium Risk
STU-E092A8C3,3,98.2,69.31,77.74,50.22,3.42,5.0,6.0,77.79,Medium Risk
STU-C56DAE74,3,78.69,77.04,97.04,44.97,2.98,4.0,3.0,89.84,Low Risk
STU-F03826ED,3,62.27,91.37,70.1,80.78,3.68,5.0,3.0,85.02,Low Risk
STU-BDD8A993,2,44.19,46.55,38.5,57.42,3.71,0.0,6.0,84.78,Low Risk
STU-8CA89825,3,82.01,88.85,37.94,64.69,2.12,0.0,3.0,36.6,Low Risk
STU-00435D35,1,71.6,95.62,93.96,19.0,2.1,8.0,5.0,41.85,High Risk
STU-FED2E6F3,3,81.22,71.89,40.78,52.43,3.51,5.0,4.0,48.37,Medium Risk
STU-B07F4DE9,1,62.16,81.71,80.3,21.73,2.28,2.0,2.0,92.93,Medium Risk
STU-AABA4CB8,2,39.31,52.46,69.65,14.85,3.57,8.0,3.0,19.86,High Risk
STU-73251E2E,1,55.47,96.17,65.37,72.04,2.52,2.0,4.0,37.03,Medium Risk
STU-1FFA1BDE,4,55.48,73.67,30.39,34.73,2.27,8.0,6.0,52.64,High Risk
STU-A9A51EA2,3,35.56,44.81,17.92,96.85,1.84,4.0,5.0,75.78,High Risk
STU-D393430D,3,35.62,52.34,56.54,64.49,1.38,0.0,3.0,28.78,Medium Risk
STU-BBDA7931,3,56.5,69.42,98.99,68.06,2.58,4.0,5.0,58.14,Medium Risk
STU-FDF03A5C,4,82.3,38.73,31.64,27.71,1.98,9.0,0.0,43.48,High Risk
STU-E5A6EC2A,1,75.56,80.31,60.63,21.6,1.75,1.0,7.0,33.39,High Risk
STU-247D7D52,3,50.54,37.98,72.03,57.29,1.51,1.0,5.0,20.23,High Risk
STU-98157BE1,3,74.18,67.34,56.11,93.3,2.17,0.0,4.0,84.87,Medium Risk
STU-2A09FE30,1,77.08,75.76,58.09,15.02,2.67,9.0,7.0,73.19,High Risk
STU-26AAECD7,1,68.97,88.78,71.2,55.74,3.51,3.0,7.0,38.88,Medium Risk
STU-12EB2E8A,1,68.89,78.71,84.27,27.88,3.46,3.0,0.0,48.08,Low Risk
STU-B44DCA19,1,59.03,83.91,43.33,80.38,3.57,4.0,3.0,61.59,Low Risk
STU-C6050609,2,43.02,93.03,91.44,71.38,2.73,3.0,2.0,42.3,Low Risk
STU-9186E157,1,60.06,67.82,56.22,18.75,2.68,1.0,4.0,30.92,Medium Risk
STU-E0FFE55C,3,57.45,87.7,71.26,65.47,3.72,4.0,0.0,32.91,Low Risk
STU-B8B017E0,1,73.48,38.55,24.05,98.52,1.87,7.0,5.0,87.31,Medium Risk
STU-7B63B674,2,90.66,85.18,56.86,57.53,1.44,5.0,0.0,56.2,Low Risk
STU-2FC54416,4,59.4,37.73,16.37,35.69,1.25,4.0,2.0,55.08,High Risk
STU-3620657B,2,81.13,94.77,48.24,23.69,3.64,6.0,4.0,47.95,Medium Risk
STU-8E8706E3,1,87.77,46.4,19.63,99.07,2.12,0.0,7.0,76.43,Medium Risk
STU-1A3DF171,3,48.76,33.75,91.24,60.74,2.5,5.0,1.0,85.52,Low Risk
STU-74BCA733,1,93.61,31.85,72.19,43.72,3.41,1.0,0.0,76.25,Low Risk
STU-3D240342,1,39.58,34.98,82.31,29.29,2.12,4.0,4.0,56.19,High Risk
STU-F0463CD7,1,93.61,55.8,54.75,95.52,3.6,9.0,1.0,32.04,Low Risk
STU-BCD453F8,4,45.64,61.77,87.41,66.43,1.97,3.0,4.0,61.06,Medium Risk
STU-6A19F186,3,56.92,93.1,89.21,15.19,3.2,6.0,3.0,76.74,Medium Risk
STU-8A5B4701,4,74.34,50.48,45.33,15.35,3.0,8.0,7.0,50.13,High Risk
STU-4267B33D,4,93.87,37.4,47.03,94.55,1.6,8.0,0.0,99.22,Medium Risk
STU-6AC6ACCA,4,51.62,79.51,58.2,73.91,1.37,9.0,1.0,94.48,Medium Risk
STU-9512B961,3,84.63,30.77,18.59,19.31,1.33,0.0,2.0,94.28,Medium Risk
STU-7825985B,3,81.18,91.38,99.64,66.14,2.95,6.0,6.0,65.45,Low Risk
STU-E836C3D2,2,45.38,52.75,45.53,47.75,1.04,6.0,6.0,61.99,High Risk
STU-C121272D,1,66.17,69.11,55.02,80.98,2.98,4.0,2.0,60.38,Low Risk
STU-6E22F1AD,3,66.3,34.89,79.15,34.63,3.35,7.0,3.0,54.89,Medium Risk
STU-0A5B512E,3,54.8,31.64,40.29,44.46,1.91,9.0,7.0,28.69,High Risk
STU-C7F04FEA,4,85.69,83.91,32.14,25.07,3.24,3.0,6.0,89.53,Medium Risk
STU-7A5320D3,2,95.19,54.38,25.83,32.72,1.5,0.0,3.0,84.5,Medium Risk
STU-7FBAF366,3,81.58,98.94,59.88,27.02,3.88,3.0,6.0,78.14,Medium Risk
STU-B06F26F4,3,98.24,61.94,15.47,12.19,1.7,1.0,5.0,73.64,Medium Risk
STU-0AAF0352,1,38.28,87.65,75.31,14.15,2.47,2.0,1.0,54.65,Low Risk
STU-50BD72B3,3,37.42,98.4,54.22,85.21,3.94,3.0,0.0,99.62,Low Risk
STU-A063ACAC,2,93.1,42.49,60.2,82.34,3.72,6.0,0.0,52.47,Low Risk
STU-0643350D,2,93.36,84.07,37.37,22.67,2.98,8.0,5.0,37.33,High Risk
STU-F244F108,2,41.96,21.76,30.15,70.11,2.11,3.0,2.0,43.35,Medium Risk
STU-43A2DAB5,1,58.23,74.38,74.5,77.11,3.1,1.0,6.0,75.79,Low Risk
STU-88026DDE,2,89.3,79.62,32.87,14.61,2.38,9.0,3.0,40.6,High Risk
STU-8E86D60B,3,43.36,58.19,81.31,17.97,1.33,9.0,5.0,71.83,High Risk
STU-80B280C4,2,52.38,32.97,32.31,60.67,3.39,3.0,6.0,75.41,Medium Risk
STU-1EEB8ACC,2,79.26,69.34,67.08,43.67,3.61,7.0,2.0,91.91,Medium Risk
STU-40CACC43,1,98.82,91.8,69.73,72.95,2.22,1.0,1.0,54.08,Low Risk
STU-500F59CB,1,86.81,94.51,57.98,60.19,3.0,7.0,2.0,56.62,Low Risk
STU-54C01DC7,2,85.53,79.69,99.73,12.79,1.09,4.0,2.0,20.86,Medium Risk
STU-C4E55F29,2,57.27,41.1,46.95,71.53,1.59,1.0,3.0,29.92,Medium Risk
STU-E377F00D,3,77.99,89.63,90.08,28.35,2.71,7.0,3.0,36.46,Medium Risk
STU-8F7BA344,4,42.35,91.11,29.38,38.13,1.82,1.0,0.0,94.23,Low Risk
STU-C4116BA9,1,99.5,49.38,43.66,76.28,3.83,3.0,7.0,69.48,Medium Risk
STU-8C82AEAC,1,66.24,34.64,27.36,79.41,3.51,1.0,0.0,91.69,Low Risk
STU-0D5FD218,2,76.52,89.97,66.31,41.12,2.97,5.0,6.0,41.54,Medium Risk
STU-4C944C97,2,91.95,90.81,69.25,18.03,4.0,2.0,5.0,43.03,Low Risk
STU-00465A7E,3,35.06,28.07,53.55,79.27,1.73,6.0,0.0,57.39,Medium Risk
STU-7CF5C54E,4,98.44,97.36,76.21,88.32,3.76,5.0,2.0,71.07,Low Risk
STU-52EB930A,4,58.35,62.65,88.75,96.79,1.91,0.0,2.0,27.5,Low Risk
STU-F8B9C144,1,57.07,99.5,81.01,38.6,2.79,8.0,4.0,29.71,High Risk
STU-3CB54D43,4,44.43,55.6,35.54,21.15,2.3,6.0,1.0,83.23,High Risk
STU-2B1D302D,1,90.78,62.66,42.23,94.39,2.33,0.0,7.0,88.32,Medium Risk
STU-49151E04,3,91.6,41.29,47.32,45.98,3.29,3.0,4.0,15.59,Medium Risk
STU-D8286883,3,36.3,91.92,32.32,18.42,2.04,3.0,1.0,75.32,Medium Risk
STU-21989A7F,3,38.62,55.5,45.71,54.89,2.52,5.0,5.0,45.47,High Risk
STU-EEE7F90E,1,94.69,85.17,35.23,27.15,1.64,2.0,7.0,44.18,High Risk
STU-9A9745BD,2,42.99,26.38,99.64,41.98,3.29,1.0,3.0,62.37,Low Risk
STU-EB0C5684,2,75.36,83.06,81.58,38.83,2.66,2.0,5.0,79.15,Medium Risk
STU-00128473,1,75.28,59.22,88.1,98.86,1.77,3.0,2.0,93.88,Low Risk
STU-1B23D377,1,91.53,20.43,93.38,67.56,1.8,7.0,4.0,15.89,High Risk
STU-7D4DFA15,3,72.22,38.1,71.53,54.26,1.88,7.0,5.0,37.64,High Risk
STU-0ED3FE20,2,63.21,35.5,29.96,56.24,3.1,0.0,7.0,47.95,Medium Risk
STU-952122F0,3,98.33,80.14,79.47,64.37,2.79,8.0,2.0,21.66,Medium Risk
STU-C83834FB,1,49.87,58.18,16.33,88.55,3.47,3.0,4.0,18.02,Medium Risk
STU-658BF66D,4,52.08,32.78,24.62,23.14,2.71,3.0,0.0,99.45,Medium Risk
STU-8623729B,1,40.51,40.54,17.51,63.97,1.92,3.0,1.0,69.9,Medium Risk
STU-80544CBF,4,98.4,60.33,26.51,39.0,3.89,6.0,0.0,37.82,Low Risk
STU-77B8B522,2,80.91,21.57,78.92,61.43,3.66,1.0,5.0,46.93,Medium Risk
STU-C452EE6B,2,35.79,53.93,90.27,56.6,1.84,6.0,2.0,75.11,Medium Risk
STU-157C81D9,4,80.78,74.24,38.7,12.69,3.74,9.0,7.0,27.34,High Risk
STU-4264F6EC,2,61.27,61.42,25.13,62.42,3.16,1.0,3.0,51.12,Medium Risk
STU-1EED1276,1,97.89,67.85,38.2,73.83,2.24,2.0,3.0,88.39,Low Risk
STU-5D980A66,2,53.03,46.13,70.0,32.14,2.4,4.0,0.0,38.06,Medium Risk
STU-53125FCB,1,81.17,34.65,44.77,19.62,2.34,0.0,4.0,29.68,Medium Risk
STU-B52D4D7E,2,75.78,84.78,96.7,29.05,3.39,7.0,7.0,90.22,High Risk
STU-96F685CD,1,35.78,92.45,26.13,67.28,1.53,5.0,7.0,95.75,High Risk
STU-73EDCD76,4,92.54,60.86,99.18,52.19,1.18,3.0,7.0,89.82,Medium Risk
STU-3BDB169D,3,44.07,44.4,16.06,87.88,2.5,2.0,0.0,93.4,Low Risk
STU-681FC221,1,78.13,60.9,53.39,35.65,1.87,6.0,3.0,49.65,Medium Risk
STU-2C095BA3,4,85.41,90.32,36.4,42.86,2.69,5.0,0.0,54.81,Medium Risk
STU-749A0ACE,2,76.01,75.31,63.13,57.52,3.93,8.0,1.0,67.75,Low Risk
STU-5547E3B4,2,41.31,88.69,23.21,51.4,3.01,1.0,0.0,19.99,Low Risk
STU-32EB738B,2,98.39,46.27,89.44,59.3,3.88,5.0,4.0,72.95,Low Risk
STU-E6ABEED8,3,50.39,76.96,26.6,38.09,3.2,9.0,2.0,61.11,Medium Risk
STU-9063184D,2,75.81,72.24,64.93,25.0,1.23,0.0,0.0,94.68,Low Risk
STU-A157D45D,3,86.82,65.73,17.83,82.3,3.67,3.0,1.0,61.25,Low Risk
STU-98D4F7CE,1,96.05,62.26,41.43,13.54,1.6,3.0,5.0,99.24,Medium Risk
STU-5CBC1594,4,74.26,64.08,27.73,43.27,3.59,8.0,4.0,97.4,Medium Risk
STU-94813490,3,51.84,87.97,98.12,17.87,3.25,8.0,1.0,49.13,Medium Risk
STU-75D81A2F,1,89.38,93.28,16.02,76.27,3.52,7.0,4.0,17.93,Medium Risk
STU-BC8A5785,3,45.61,29.03,44.95,42.9,1.76,7.0,5.0,83.64,High Risk
STU-9FBED06C,3,36.45,65.5,40.74,12.7,3.42,4.0,3.0,87.47,Medium Risk
STU-8C94DA2B,1,94.03,93.47,70.88,16.83,2.83,2.0,3.0,62.0,Low Risk
STU-E274700F,1,72.4,30.78,19.79,27.87,1.25,9.0,2.0,77.28,High Risk
STU-CFD7576F,1,39.53,53.03,83.9,80.82,3.67,4.0,2.0,55.55,Low Risk
STU-CFBB28C6,4,72.68,27.13,54.65,81.93,3.63,9.0,4.0,68.79,Medium Risk
STU-EA826368,3,44.43,29.08,53.49,99.7,2.72,6.0,6.0,58.53,High Risk
STU-B5D3789B,2,37.04,92.33,34.28,31.68,2.36,7.0,1.0,55.79,Medium Risk
STU-CB3975C9,1,42.57,55.69,56.65,15.44,2.2,7.0,1.0,84.72,High Risk
STU-8CE3420F,2,85.38,75.1,45.93,35.48,2.81,1.0,0.0,30.25,Low Risk
STU-A75A3E13,2,84.12,31.11,35.84,26.09,3.53,6.0,3.0,51.09,Medium Risk
STU-1ABEEEDE,3,74.28,21.76,29.34,73.93,2.7,3.0,0.0,72.31,Low Risk
STU-CED3491C,4,48.61,91.24,76.91,97.23,1.39,3.0,2.0,98.78,Low Risk
STU-93EAF5A7,2,83.03,65.96,27.07,34.57,1.92,8.0,7.0,63.6,High Risk
STU-C5B8E679,2,61.52,21.6,29.28,39.58,3.0,6.0,3.0,61.77,High Risk
STU-066FF252,2,68.2,99.39,64.05,41.6,2.94,4.0,1.0,58.18,Low Risk
STU-15112D20,4,93.35,59.38,34.22,87.13,2.56,4.0,5.0,19.41,Medium Risk
STU-AD921811,1,64.76,58.07,54.05,62.02,1.72,6.0,3.0,70.32,Medium Risk
STU-3BC723C6,2,75.71,69.67,62.0,97.66,1.81,8.0,5.0,96.93,Medium Risk
STU-98E1628D,3,97.51,20.63,38.33,66.44,2.45,5.0,2.0,76.41,Low Risk
STU-C052A4D4,1,64.34,65.53,44.2,73.53,2.18,9.0,3.0,42.16,High Risk
STU-D6CA463B,2,71.45,70.36,32.87,18.03,1.95,6.0,2.0,70.84,Medium Risk
STU-EC236C70,3,72.99,43.76,54.14,95.65,3.49,3.0,1.0,57.83,Low Risk
STU-A1405B5E,1,50.65,78.15,99.35,66.53,2.51,8.0,4.0,71.66,Medium Risk
STU-27AC7392,2,82.9,50.19,45.83,56.82,2.51,7.0,6.0,99.79,High Risk
STU-253B6821,2,82.23,77.42,70.53,44.87,2.28,8.0,3.0,66.83,Medium Risk
STU-F82245CA,2,48.88,31.51,69.05,16.93,3.04,4.0,4.0,16.64,Medium Risk
STU-8245ACE6,1,35.87,93.1,81.85,22.0,1.53,0.0,7.0,36.55,Medium Risk
STU-76794738,4,99.93,90.36,75.51,11.05,3.83,7.0,2.0,50.99,Low Risk
STU-86913E2B,1,72.8,32.05,16.0,99.88,1.31,7.0,3.0,20.93,Medium Risk
STU-12096444,3,46.77,95.08,41.28,80.77,3.13,6.0,6.0,54.33,Medium Risk
STU-EA4C4C85,1,53.43,64.62,88.97,81.77,3.11,6.0,7.0,53.41,Medium Risk
STU-E2E1E9DE,2,75.16,76.13,60.86,75.71,1.34,4.0,1.0,89.56,Low Risk
STU-4CE9DF80,1,43.95,87.22,23.86,53.57,3.98,7.0,3.0,39.53,Medium Risk
STU-C7A1245A,1,37.42,26.69,38.47,17.94,1.1,2.0,1.0,49.67,High Risk
STU-10D1E8F8,1,86.9,33.54,39.09,16.5,2.09,4.0,2.0,35.07,Medium Risk
STU-FB328150,2,81.53,43.23,89.22,92.47,2.27,9.0,6.0,82.97,High Risk
STU-AAB5B789,2,55.12,58.18,62.04,10.03,3.41,9.0,5.0,82.25,High Risk
STU-521B2DDA,1,38.8,47.68,66.71,72.92,1.09,8.0,5.0,95.31,High Risk
STU-6F1E80BC,4,66.61,60.47,46.2,66.57,2.67,7.0,4.0,85.7,Medium Risk
STU-78F2AA9F,1,52.95,34.87,20.13,55.11,1.61,8.0,0.0,83.56,Medium Risk
STU-75874B4A,2,60.86,74.57,21.4,97.75,2.72,7.0,0.0,35.07,Medium Risk
STU-C0B56978,1,52.81,24.46,50.73,27.83,2.94,5.0,7.0,73.1,High Risk
STU-C82B461A,2,46.39,48.92,30.09,80.68,1.1,6.0,5.0,18.56,High Risk
STU-B33D21C0,3,60.15,34.32,23.86,70.74,1.2,5.0,3.0,16.88,Medium Risk
STU-9E20FB9D,2,97.72,78.39,37.29,97.7,1.26,1.0,5.0,40.83,Medium Risk
STU-C048AA3B,2,52.3,90.69,78.07,94.07,3.56,0.0,4.0,88.88,Low Risk
STU-BBA855A6,1,56.84,26.3,21.21,21.57,3.78,0.0,1.0,38.41,Medium Risk
STU-298A8E65,3,56.4,82.8,53.1,37.69,2.31,6.0,0.0,93.96,Medium Risk
STU-A1DD15D1,1,66.22,91.66,85.22,86.57,3.62,7.0,4.0,33.74,Low Risk
STU-1AE1A009,2,89.83,97.92,37.77,30.58,2.43,0.0,4.0,19.03,Medium Risk
STU-598D211E,1,61.14,66.35,40.66,44.07,2.2,0.0,2.0,65.48,Medium Risk
STU-B8B7B55F,1,87.4,46.19,90.16,66.34,2.59,6.0,0.0,84.48,Low Risk
STU-97FEC2C9,1,42.48,45.76,70.25,60.66,3.37,4.0,2.0,63.46,Low Risk
STU-16D50F68,4,93.17,50.32,82.81,67.65,1.67,8.0,4.0,57.95,Medium Risk
STU-9EF02264,3,47.04,69.01,39.58,74.21,1.91,8.0,6.0,52.31,High Risk
STU-6B14A797,3,37.55,59.22,99.73,75.59,3.55,6.0,0.0,75.86,Low Risk
STU-0E5C1959,1,45.29,72.29,26.98,76.38,3.75,6.0,1.0,97.08,Low Risk
STU-81265B92,2,47.4,23.15,96.76,99.25,1.37,1.0,6.0,41.7,Medium Risk
STU-DCC1584E,2,68.05,28.47,91.68,42.09,3.11,1.0,7.0,44.14,Medium Risk
STU-8BAF1D52,3,64.25,98.12,61.91,13.98,1.03,9.0,3.0,20.69,High Risk
STU-9852D92D,1,81.53,99.63,64.75,41.4,1.74,0.0,7.0,29.04,Medium Risk
STU-F64470EB,4,38.31,79.73,80.88,92.04,1.21,6.0,4.0,59.72,Medium Risk
STU-3B1DD351,2,67.35,40.51,41.08,17.5,2.55,4.0,7.0,41.81,High Risk
STU-3F1B6A79,4,56.61,96.27,59.83,68.22,2.03,0.0,5.0,84.68,Low Risk
STU-7DDD67C1,1,76.0,37.1,91.7,48.08,1.41,6.0,7.0,67.88,High Risk
STU-EFD21B83,1,37.84,78.51,20.8,92.94,1.0,6.0,1.0,77.16,Medium Risk
STU-96DCD39E,1,37.27,29.22,91.97,93.57,2.17,9.0,3.0,52.54,High Risk
STU-DAA21F9F,3,62.77,71.91,76.95,80.67,1.88,2.0,7.0,23.47,Medium Risk
STU-B40B5F83,2,87.74,80.76,80.44,18.87,1.14,2.0,0.0,62.8,Low Risk
STU-22491668,4,78.62,88.77,20.5,12.22,3.56,3.0,1.0,37.03,Low Risk
STU-E2F4EE5B,4,36.09,78.74,30.96,22.29,2.23,6.0,1.0,59.4,Medium Risk
STU-A200783D,3,46.6,93.88,93.65,38.96,3.32,6.0,7.0,24.48,High Risk
STU-4B92F1F3,3,49.74,61.67,25.54,31.73,2.27,7.0,7.0,81.23,High Risk
STU-B1E566A8,3,62.5,74.19,68.65,43.28,1.2,8.0,3.0,48.95,High Risk
STU-00A6E1E8,3,73.14,49.56,81.53,22.88,2.18,4.0,1.0,71.54,Medium Risk
STU-A9D4A75B,2,49.07,20.83,34.66,77.73,3.66,9.0,0.0,56.85,Low Risk
STU-BDFAA6E1,3,59.86,80.54,74.4,86.08,1.02,7.0,6.0,54.68,Medium Risk
STU-F4011961,4,72.96,89.59,20.57,53.92,3.69,0.0,0.0,47.46,Low Risk
STU-3E8B9115,2,59.92,33.91,57.4,96.09,2.97,1.0,4.0,56.04,Medium Risk
STU-8DD54944,4,44.31,22.29,43.43,20.83,3.99,7.0,3.0,67.08,High Risk
STU-C947D083,1,66.96,33.16,69.89,19.52,3.75,7.0,2.0,34.05,Medium Risk
STU-11E0E841,2,56.06,91.62,90.57,28.04,3.61,8.0,0.0,75.73,Low Risk
STU-5FEF5D46,1,91.17,43.64,25.67,98.37,1.11,6.0,7.0,56.28,High Risk
STU-6D725765,1,85.42,38.7,53.28,47.48,1.84,7.0,2.0,67.43,Medium Risk
STU-C76B8306,4,47.37,21.17,50.97,93.17,2.12,1.0,1.0,55.17,Low Risk
STU-7C2569AC,4,44.92,43.76,42.52,28.18,3.1,7.0,3.0,28.91,Medium Risk
STU-FE77536A,3,57.6,77.25,55.81,86.15,2.95,2.0,5.0,42.86,Low Risk
STU-CED514BC,4,61.79,96.73,89.86,37.9,1.52,9.0,3.0,43.95,Medium Risk
STU-CAE370C4,1,95.58,45.02,97.76,76.1,3.21,3.0,0.0,49.44,Low Risk
STU-E1C64A13,1,54.61,39.25,15.24,97.7,1.47,6.0,0.0,42.12,Medium Risk
STU-7DC89FFD,2,91.39,91.05,77.82,93.97,2.37,6.0,3.0,72.35,Low Risk
STU-162717F1,4,67.85,88.2,67.28,84.82,2.74,5.0,5.0,99.51,Medium Risk
STU-F9FC0AB6,1,92.57,46.25,99.53,14.52,3.61,0.0,2.0,75.03,Low Risk
STU-F53A62B1,4,80.63,25.5,22.64,64.7,2.89,8.0,3.0,96.51,Medium Risk
STU-8B28F45B,3,81.05,99.36,83.96,85.19,3.86,2.0,7.0,77.75,Low Risk
STU-5C385080,4,68.72,74.46,94.38,45.94,3.98,9.0,5.0,64.86,Medium Risk
STU-6973E887,2,89.62,94.13,92.53,75.81,2.53,3.0,4.0,74.98,Low Risk
STU-A98E9D62,2,51.54,47.35,62.65,22.43,1.15,1.0,5.0,84.42,Medium Risk
STU-037E4A18,3,93.98,71.81,42.84,25.91,1.08,4.0,3.0,85.86,Medium Risk
STU-57D06A89,4,76.39,73.96,69.39,67.93,3.57,5.0,5.0,25.9,Medium Risk
STU-F0FA2970,1,63.52,89.83,41.02,49.34,2.5,5.0,2.0,68.17,Medium Risk
STU-17A4B91D,4,98.84,99.44,50.04,29.64,2.1,0.0,1.0,28.6,Low Risk
STU-AA4427FA,4,91.03,28.69,52.89,35.46,1.85,3.0,2.0,77.05,Medium Risk
STU-020919F5,1,85.18,70.49,40.67,65.7,1.85,9.0,7.0,15.47,High Risk
STU-F074DC0A,1,52.8,46.92,44.06,75.28,1.22,3.0,3.0,69.51,Medium Risk
STU-80BB047E,2,98.29,84.93,15.62,28.69,1.91,2.0,3.0,19.16,Medium Risk
STU-5EA04AE1,2,83.29,80.33,40.25,95.97,2.93,6.0,1.0,91.59,Low Risk
STU-F674EAD4,3,74.34,91.4,55.15,10.74,2.16,3.0,7.0,78.25,Medium Risk
STU-377C99BE,1,94.92,47.5,29.71,73.01,3.84,6.0,6.0,93.27,Medium Risk
STU-10247A72,3,45.54,34.76,83.47,36.19,3.0,2.0,6.0,56.23,Medium Risk
STU-ADAAE34B,3,44.04,21.74,60.7,53.07,3.59,3.0,5.0,15.24,Medium Risk
STU-AD5A56FB,1,71.64,40.44,82.48,61.29,1.34,2.0,5.0,94.42,Medium Risk
STU-ADB4D7A1,2,38.69,49.37,25.89,60.54,2.35,3.0,5.0,37.82,High Risk
STU-AFE7FD54,1,78.16,95.69,84.74,79.86,1.12,9.0,6.0,43.44,High Risk
STU-8A9F0014,1,50.65,59.31,96.45,84.14,3.69,3.0,4.0,62.04,Low Risk
STU-124C3A20,3,42.74,64.52,44.96,16.6,1.44,3.0,0.0,33.45,Medium Risk
STU-8AB6656E,4,61.62,90.41,39.14,73.27,3.42,2.0,2.0,96.59,Low Risk
STU-0F4ED62B,1,65.29,90.81,69.98,45.92,3.77,5.0,2.0,26.02,Low Risk
STU-000EA009,2,46.08,62.23,69.05,83.67,2.33,4.0,3.0,43.39,Medium Risk
STU-E65E5C46,1,37.7,29.1,24.56,64.8,2.17,5.0,2.0,96.76,Medium Risk
STU-307FC632,1,61.91,41.64,93.77,10.92,2.8,6.0,5.0,99.27,Medium Risk
STU-CC057730,2,84.37,56.55,55.72,69.98,3.22,3.0,5.0,69.53,Medium Risk
STU-39F02D27,3,91.82,80.09,79.98,93.31,2.94,8.0,1.0,81.69,Low Risk
STU-AE40ECB5,1,41.34,76.93,45.54,17.48,1.0,0.0,4.0,64.04,Medium Risk
STU-32FBE987,4,69.1,71.42,37.23,54.48,3.36,7.0,5.0,54.46,Medium Risk
STU-70158150,1,52.12,90.42,24.46,66.33,1.44,1.0,3.0,44.37,Medium Risk
STU-24D4B7FC,4,59.35,84.21,38.33,27.63,2.35,2.0,7.0,35.0,High Risk
STU-B0AC0BBA,4,95.67,98.57,99.44,68.56,1.85,1.0,0.0,37.61,Low Risk
STU-CD733AFB,2,57.88,91.13,70.93,14.48,3.78,9.0,1.0,56.41,Low Risk
STU-688A4AD2,1,58.75,35.65,83.24,91.51,2.51,5.0,0.0,95.18,Low Risk
STU-D777389E,3,48.61,24.61,96.47,78.64,2.57,4.0,2.0,88.95,Medium Risk
STU-5A98B53E,3,97.4,53.16,21.71,94.69,1.23,6.0,2.0,42.83,High Risk
STU-C2B59549,4,64.67,69.4,29.0,47.66,3.69,8.0,6.0,95.93,High Risk
STU-59711A82,3,72.08,71.45,93.88,13.08,1.72,6.0,7.0,28.39,High Risk
STU-97EF30DE,2,64.46,41.4,62.99,40.74,2.24,8.0,7.0,61.17,High Risk
STU-9A671328,4,51.44,88.79,68.96,56.42,3.96,4.0,4.0,73.61,Low Risk
STU-7A3D8A4D,4,87.68,46.34,51.35,94.23,1.34,2.0,0.0,95.05,Low Risk
STU-7B47D0BF,3,36.85,93.53,84.23,89.48,3.16,2.0,1.0,35.0,Low Risk
STU-3198A4BA,4,79.87,57.73,58.97,63.47,1.78,3.0,7.0,41.18,High Risk
STU-E53D0308,3,73.63,20.83,85.22,75.68,2.26,1.0,7.0,24.94,Medium Risk
STU-8BCC059D,3,44.38,32.96,99.34,95.85,2.25,2.0,0.0,43.58,Low Risk
STU-1043C3BE,3,45.78,28.19,69.97,86.55,3.8,8.0,0.0,86.2,Medium Risk
STU-2E13CEAE,3,77.85,23.52,59.95,69.29,1.03,8.0,7.0,50.36,High Risk
STU-9A0B7715,2,55.29,77.12,46.04,58.6,2.1,7.0,5.0,99.04,Medium Risk
STU-FC053B3F,3,52.27,35.39,31.55,52.84,3.56,1.0,7.0,48.72,High Risk
STU-34768321,3,38.85,87.09,70.82,78.09,3.73,8.0,0.0,76.01,Low Risk
STU-1F33DBB6,2,84.82,41.16,20.32,82.79,1.93,4.0,0.0,48.98,Medium Risk
STU-55749279,2,92.37,22.59,96.28,29.59,1.73,7.0,7.0,35.26,High Risk
STU-6253EEC3,3,88.29,85.65,70.04,52.66,2.38,5.0,7.0,30.15,Medium Risk
STU-F91272F1,3,65.29,57.29,96.55,79.4,3.24,1.0,7.0,29.77,Medium Risk
STU-1F048DFA,1,69.71,67.96,38.14,70.81,1.46,0.0,2.0,69.91,Low Risk
STU-EBD07320,4,50.75,46.9,95.45,63.24,3.35,3.0,5.0,21.25,Medium Risk
STU-1A07FDCE,4,46.24,23.68,67.03,39.14,2.54,3.0,6.0,69.26,Medium Risk
STU-EB7031D5,2,88.5,49.61,83.87,64.83,1.42,6.0,4.0,50.31,Medium Risk
STU-6D2A2290,1,86.89,61.46,30.21,65.09,3.02,1.0,1.0,71.36,Low Risk
STU-B32CC847,4,85.53,20.93,57.51,48.92,2.88,3.0,3.0,16.89,Medium Risk
STU-AB7D20BF,4,65.12,65.94,63.36,96.43,2.87,9.0,5.0,26.7,Medium Risk
STU-A5DF6BEA,1,91.19,91.44,48.39,68.78,3.26,0.0,7.0,89.16,Low Risk
STU-3BF01F9B,1,95.21,37.43,36.52,86.56,1.54,6.0,2.0,99.99,Medium Risk
STU-715C2BC3,2,56.34,94.14,91.91,21.61,3.09,2.0,2.0,86.58,Low Risk
STU-AFA830B3,3,49.61,27.81,22.23,78.11,3.66,7.0,6.0,25.69,High Risk
STU-8B3A4B4A,1,65.18,86.03,28.09,64.17,2.59,0.0,5.0,32.1,Medium Risk
STU-2AE5C06F,2,46.66,87.23,42.24,37.74,2.46,0.0,1.0,29.99,Low Risk
STU-0ADDC580,2,92.46,40.62,93.18,22.27,3.39,8.0,7.0,88.76,High Risk
STU-A5992827,4,56.97,96.63,62.96,44.17,1.44,4.0,5.0,85.3,Medium Risk
STU-569B999D,2,72.45,53.33,46.72,49.72,2.02,3.0,1.0,49.98,Medium Risk
STU-654E1DDA,2,73.66,31.3,49.23,22.67,3.56,3.0,4.0,25.54,Medium Risk
STU-85523223,4,68.47,67.34,86.21,70.31,2.5,7.0,3.0,90.53,Medium Risk
STU-7F8EBE57,2,45.17,99.73,17.28,37.64,3.52,8.0,2.0,64.48,Medium Risk
STU-4175A2E5,2,99.42,91.94,15.96,82.54,1.76,6.0,5.0,98.05,Medium Risk
STU-82123D0F,4,46.22,42.29,18.92,68.35,2.17,7.0,4.0,38.99,High Risk
STU-4D64BF04,1,83.85,66.16,54.88,37.95,3.47,1.0,2.0,18.18,Low Risk
STU-2D32FBC5,4,86.44,29.23,64.41,42.4,1.49,9.0,5.0,98.5,High Risk
STU-F9D9EC13,1,44.44,56.95,68.08,94.79,3.68,6.0,4.0,45.01,Medium Risk
STU-5D1128F6,1,95.66,61.85,77.15,95.33,1.93,3.0,5.0,53.1,Medium Risk
STU-FF16EF33,4,66.7,45.22,31.13,47.65,3.92,7.0,4.0,22.4,Medium Risk
STU-94B8C1AC,2,75.88,58.73,37.29,71.13,3.48,9.0,3.0,65.41,Medium Risk
STU-C8E4363B,3,76.74,93.6,35.7,98.2,2.37,7.0,6.0,37.11,High Risk
STU-718417B6,1,67.82,60.01,27.68,99.46,3.23,9.0,0.0,72.91,Low Risk
STU-04DCF0E0,1,44.23,86.48,35.77,16.49,2.67,1.0,2.0,79.6,Low Risk
STU-E87054DC,4,83.86,45.39,67.16,59.81,3.56,8.0,4.0,39.46,Medium Risk
STU-ABBB4CB7,2,72.82,97.71,46.14,75.4,2.55,5.0,4.0,52.53,Medium Risk
STU-F2447414,2,42.71,27.48,80.27,26.82,3.96,4.0,1.0,44.33,Low Risk
STU-D87FBECF,1,80.52,66.85,60.6,83.97,1.4,8.0,0.0,98.22,Medium Risk
STU-44113571,2,80.68,83.19,33.02,52.16,3.03,2.0,1.0,87.1,Low Risk
STU-D7646889,3,70.65,85.12,54.73,54.8,1.74,4.0,6.0,50.81,Medium Risk
STU-9329A4F8,4,40.89,35.86,65.44,34.69,1.57,4.0,0.0,58.66,Medium Risk
STU-4708B947,3,57.92,52.13,88.63,37.01,2.22,7.0,3.0,98.64,Medium Risk
STU-BF10DDBE,3,38.31,69.94,85.87,17.58,2.1,8.0,3.0,38.13,High Risk
STU-23116B41,2,66.04,45.27,51.25,93.84,1.14,8.0,1.0,90.25,Medium Risk
STU-0884C7C0,2,93.92,72.66,70.05,44.37,2.28,4.0,1.0,95.03,Low Risk
STU-2B7F6846,3,35.15,50.3,40.31,24.6,3.86,1.0,6.0,54.1,Medium Risk
STU-D12AA12B,1,52.33,48.07,68.81,22.81,2.4,9.0,0.0,36.05,Medium Risk
STU-F8567116,1,86.99,28.65,92.59,46.67,1.91,5.0,0.0,28.2,Low Risk
STU-981E4533,4,35.64,23.14,68.09,66.9,3.85,3.0,1.0,21.19,Medium Risk
STU-EB029320,1,35.66,86.82,40.82,80.0,2.52,8.0,1.0,30.44,Medium Risk
STU-DD4F97AF,1,74.7,59.16,69.74,93.21,1.86,7.0,4.0,43.62,High Risk
STU-EAAE55D9,3,86.3,65.03,91.73,67.21,3.35,5.0,2.0,80.75,Low Risk
STU-9631F101,3,85.47,49.78,26.65,47.86,1.67,1.0,1.0,48.01,Medium Risk
STU-B51F5744,2,85.67,30.94,56.01,47.98,1.74,2.0,0.0,45.88,Low Risk
STU-197B04E1,2,58.47,55.97,42.29,61.69,1.97,1.0,4.0,86.78,Medium Risk
STU-345E93EA,4,92.38,38.32,35.52,58.42,2.18,5.0,5.0,65.53,Medium Risk
STU-EEE54DC1,3,35.83,87.01,48.68,67.67,2.75,3.0,3.0,54.11,Medium Risk
STU-B8E78247,4,55.29,98.94,48.49,55.31,2.55,0.0,3.0,68.51,Medium Risk
STU-2F3A3204,1,56.92,91.13,32.89,15.31,3.23,8.0,3.0,62.62,Medium Risk
STU-CBE55E3A,1,45.76,62.26,49.31,55.07,3.15,5.0,4.0,52.78,Medium Risk
STU-A15236D6,2,56.85,70.25,68.87,12.03,1.14,1.0,6.0,48.97,High Risk
STU-EA0A2CFD,1,73.08,95.85,17.19,26.25,1.4,2.0,1.0,90.22,Medium Risk
STU-4F6A2CF6,1,68.82,63.09,99.08,44.87,1.65,7.0,2.0,30.67,Medium Risk
STU-9BD27F13,1,55.76,71.09,40.16,59.62,2.79,8.0,6.0,28.41,High Risk
STU-4A888947,2,83.71,70.34,68.01,26.63,3.69,8.0,6.0,83.06,Medium Risk
STU-5C465FB9,3,81.46,76.65,39.1,34.87,1.97,4.0,6.0,25.25,High Risk
STU-01044F4C,3,53.25,71.22,48.45,43.68,3.89,3.0,6.0,97.43,Medium Risk
STU-9FB973DF,1,56.01,73.66,61.69,27.75,1.52,4.0,3.0,38.71,Medium Risk
STU-B82B955A,2,53.69,78.07,67.01,99.89,3.77,0.0,1.0,87.53,Low Risk
STU-48B29469,1,43.38,84.73,80.49,82.42,3.4,2.0,3.0,70.01,Low Risk
STU-D9FB906F,2,83.93,52.24,82.29,82.98,2.17,8.0,3.0,83.78,Medium Risk
STU-F291E416,2,38.01,79.67,59.09,61.2,1.62,7.0,3.0,48.98,Medium Risk
STU-A814524F,2,44.79,28.02,21.44,96.52,2.17,3.0,0.0,32.27,Medium Risk
STU-F0A63AFD,4,41.84,90.1,62.41,75.9,1.64,0.0,5.0,95.59,Medium Risk
STU-751743AB,4,88.65,43.2,55.59,39.78,2.68,2.0,7.0,81.88,Medium Risk
STU-6DB0FBD7,3,37.86,52.28,33.31,64.95,2.72,3.0,4.0,27.75,Medium Risk
STU-A77873B2,4,78.2,84.29,15.86,58.93,3.3,3.0,4.0,52.63,Medium Risk
STU-9C0A6218,3,37.89,70.96,41.86,62.23,2.58,0.0,0.0,43.09,Low Risk
STU-3829AD34,4,86.12,44.69,37.06,83.6,2.04,5.0,6.0,28.15,High Risk
STU-1DABC52D,3,94.33,38.03,56.05,55.86,3.73,8.0,6.0,65.36,Medium Risk
STU-EBC1FF0A,2,66.64,96.62,79.74,75.58,1.23,7.0,7.0,77.89,High Risk
STU-1BE577BC,3,87.3,27.02,52.32,32.55,3.43,1.0,3.0,34.85,Medium Risk
STU-C24CF70D,1,80.92,20.35,95.88,93.89,2.23,6.0,4.0,61.74,Medium Risk
STU-06CF0AF4,3,86.72,73.83,33.81,17.77,1.54,2.0,4.0,32.07,High Risk
STU-1B585A02,4,84.84,69.16,33.78,99.42,1.36,5.0,7.0,71.18,High Risk
STU-40AA5117,3,48.35,79.01,66.38,66.94,1.66,1.0,4.0,74.41,Medium Risk
STU-48979E02,1,67.47,78.53,91.18,52.3,1.37,7.0,3.0,57.71,Medium Risk
STU-8AEB38B4,2,97.43,89.06,72.11,37.97,2.38,3.0,3.0,71.49,Low Risk
STU-DE773198,4,57.33,93.77,72.26,46.46,2.05,5.0,4.0,74.4,Medium Risk
STU-A8A00123,4,98.08,82.0,83.53,80.42,2.07,2.0,2.0,92.55,Low Risk
STU-17A607EB,2,72.91,38.58,71.84,22.55,1.47,0.0,1.0,85.97,Low Risk
STU-830B908F,4,65.0,57.08,79.54,32.74,2.98,1.0,1.0,84.88,Low Risk
STU-4838B5D2,4,77.75,71.34,88.62,21.14,2.82,9.0,3.0,16.85,Medium Risk
STU-1DC57B9C,1,88.03,63.15,15.67,48.4,3.95,7.0,2.0,37.34,Medium Risk
STU-E3938B02,4,60.62,32.71,90.28,44.85,1.5,5.0,5.0,31.42,High Risk
STU-1047CBC7,2,37.14,67.14,33.3,68.39,3.5,3.0,2.0,99.48,Medium Risk
STU-21E1B960,3,81.07,90.92,92.53,99.61,1.1,8.0,2.0,62.93,Medium Risk
STU-DE2DB663,2,97.15,53.48,37.63,90.31,1.22,6.0,0.0,29.8,Medium Risk
STU-7E414F80,3,75.62,73.51,53.7,89.23,2.94,0.0,0.0,63.49,Low Risk
STU-8DB8DCA6,3,47.25,69.27,94.38,68.11,2.22,5.0,4.0,74.01,Low Risk
STU-3BBADDBB,2,51.14,50.16,24.33,34.35,1.69,3.0,7.0,84.98,High Risk
STU-5AE3BA09,4,94.13,65.22,78.35,44.57,1.01,5.0,2.0,38.71,Medium Risk
STU-E466E6AA,4,35.88,36.82,48.36,32.51,2.99,7.0,1.0,62.41,Medium Risk
STU-AE782C70,3,70.67,63.69,17.05,22.16,2.32,8.0,6.0,40.65,High Risk
STU-1C538970,2,45.31,83.91,94.83,49.24,1.51,2.0,5.0,53.26,Medium Risk
STU-8B2CDFA1,1,53.38,80.72,25.02,90.78,3.92,1.0,6.0,49.6,Medium Risk
STU-3C0BD2B6,2,54.95,48.64,80.8,76.95,2.05,9.0,0.0,33.19,Medium Risk
STU-F146D6E5,4,49.25,28.97,47.66,98.64,1.91,6.0,3.0,39.93,High Risk
STU-F441547A,1,86.5,84.0,83.9,27.53,2.53,6.0,6.0,36.85,High Risk
STU-FEBAE935,4,56.59,41.2,78.77,55.05,1.83,2.0,3.0,83.98,Medium Risk
STU-C490BDD6,4,57.46,24.24,68.82,81.37,1.82,4.0,2.0,27.37,Medium Risk
STU-1348A9F8,3,64.45,55.62,94.83,51.44,3.9,9.0,6.0,97.62,Medium Risk
STU-D612A464,3,93.65,79.16,23.41,41.95,1.78,7.0,5.0,49.15,High Risk
STU-73C522F2,3,79.73,84.68,82.88,83.43,2.82,2.0,7.0,34.18,Medium Risk
STU-76F4ACFF,3,39.01,98.58,72.02,48.73,1.11,7.0,5.0,79.83,High Risk
STU-1815A91C,2,37.55,35.15,41.75,92.17,1.46,2.0,7.0,22.83,High Risk
STU-1BEBA830,4,71.82,43.5,61.41,34.16,1.07,3.0,7.0,84.3,High Risk
STU-FB518677,3,92.66,68.76,69.79,90.68,2.6,2.0,4.0,41.42,Medium Risk
STU-C958D61A,3,56.01,84.91,77.58,35.06,2.47,4.0,7.0,29.6,Medium Risk
STU-4169BEE0,4,51.11,38.73,30.9,36.06,1.99,7.0,2.0,86.81,High Risk
STU-2C1F537B,1,83.63,52.79,23.68,47.85,3.1,4.0,3.0,65.6,Medium Risk
STU-9AF9DF7C,1,74.14,52.67,23.67,56.42,2.88,6.0,3.0,60.77,Medium Risk
STU-EAB0FF3E,4,71.73,81.83,39.98,47.64,2.8,3.0,4.0,40.4,Medium Risk
STU-827581B9,1,44.7,39.27,28.1,87.59,2.01,9.0,6.0,57.55,High Risk
STU-7FA2E56A,3,46.44,97.5,60.53,81.6,1.98,1.0,7.0,81.39,Medium Risk
STU-15557D9A,2,53.32,60.84,52.15,37.89,3.62,5.0,0.0,55.55,Medium Risk
STU-1A72054C,1,48.44,42.57,90.91,56.04,2.63,4.0,4.0,68.63,Medium Risk
STU-BF768F4C,1,98.14,42.74,75.98,48.79,1.82,7.0,1.0,18.3,Medium Risk
STU-C64A5CDA,4,36.21,21.46,32.49,15.05,2.63,7.0,5.0,65.4,High Risk
STU-4CC56C8A,3,75.69,75.39,18.89,77.33,1.8,0.0,3.0,34.62,Medium Risk
STU-F923EB8F,2,68.64,82.08,75.28,26.35,1.56,7.0,6.0,77.5,High Risk
STU-A290D8F8,4,56.01,22.59,86.9,94.07,1.85,2.0,1.0,41.65,Low Risk
STU-5E2E5370,1,92.69,66.87,74.58,45.8,2.89,1.0,3.0,40.01,Low Risk
STU-3ADCF97B,1,78.56,82.53,69.72,66.0,2.55,9.0,6.0,50.24,High Risk
STU-24CA863A,3,99.89,50.1,36.19,83.65,1.49,3.0,3.0,25.0,Medium Risk
STU-63D95287,3,45.96,54.62,57.04,26.23,3.72,9.0,2.0,79.05,Medium Risk
STU-9FAED9D8,2,40.71,48.93,76.62,58.7,2.49,7.0,3.0,68.39,Medium Risk
STU-41CA551A,4,44.06,45.25,31.44,31.37,3.38,4.0,7.0,38.85,High Risk
STU-C2D64E3B,4,52.5,59.29,55.51,55.87,1.99,6.0,7.0,80.66,High Risk
STU-FB38B1CE,1,62.09,33.29,24.95,62.15,3.87,7.0,5.0,96.73,Medium Risk
STU-A2F30EB5,1,91.07,55.26,60.11,25.22,3.26,2.0,3.0,87.85,Low Risk
STU-38053F15,4,53.43,95.35,63.75,62.27,2.36,6.0,7.0,50.21,High Risk
STU-B44FC0DE,2,94.49,22.19,60.51,50.94,3.71,6.0,3.0,40.03,Medium Risk
STU-F6AD7834,1,65.09,33.18,54.9,56.98,3.15,8.0,3.0,15.69,Medium Risk
STU-ECF9F8E2,3,77.06,82.22,64.93,91.45,2.29,2.0,2.0,37.0,Low Risk
STU-98256D3E,2,52.19,30.56,99.73,53.54,3.92,5.0,6.0,24.85,Medium Risk
STU-ED19D62F,2,45.14,41.7,67.92,52.85,1.9,6.0,2.0,85.39,Medium Risk
STU-DC7C63ED,1,91.51,56.39,78.97,52.34,1.77,8.0,5.0,81.08,High Risk
STU-497F89CB,3,42.12,95.45,31.33,66.08,3.68,3.0,5.0,55.01,Medium Risk
STU-0C89F21F,3,85.31,34.68,60.05,43.08,3.12,3.0,1.0,24.95,Low Risk
STU-68DD8C19,1,72.76,93.85,15.64,82.12,2.04,4.0,1.0,59.16,Low Risk
STU-F8205225,2,90.97,77.48,17.67,35.74,1.7,9.0,5.0,60.09,High Risk
STU-E9FE9CDC,3,81.66,73.69,42.41,36.96,1.53,4.0,1.0,68.65,Medium Risk
STU-33428730,4,53.31,77.88,54.66,62.99,1.94,0.0,4.0,59.69,Medium Risk
STU-5F465BE5,4,72.34,22.5,63.93,33.39,1.38,7.0,7.0,23.46,High Risk
STU-31812FD4,2,35.85,27.91,90.48,18.1,1.44,7.0,2.0,69.32,High Risk
STU-A4619E0A,3,65.89,46.79,80.6,28.5,3.33,8.0,5.0,99.2,Medium Risk
STU-B3588BC4,3,40.59,25.92,40.5,92.23,1.19,2.0,2.0,68.85,Medium Risk
STU-4D2CD187,4,62.88,99.01,78.2,10.96,2.32,5.0,0.0,45.85,Medium Risk
STU-8DC04277,3,42.12,66.43,61.7,22.01,2.21,9.0,0.0,67.86,Medium Risk
STU-939E82DC,1,97.11,58.99,81.23,78.22,3.88,8.0,7.0,62.5,Medium Risk
STU-285120F0,3,69.0,82.84,49.94,98.19,2.4,3.0,0.0,23.08,Low Risk
STU-A21EDDDA,1,94.36,98.16,22.81,71.94,1.48,8.0,5.0,68.9,High Risk
STU-5E7614A9,1,36.45,96.41,67.57,93.01,1.27,5.0,1.0,70.5,Medium Risk
STU-97E1810A,3,76.45,83.45,62.35,86.97,3.2,3.0,3.0,44.74,Low Risk
STU-F2B05649,4,54.95,50.17,96.06,53.2,1.44,5.0,4.0,40.57,High Risk
STU-3F62A6FA,1,63.07,25.28,28.78,40.02,3.81,5.0,7.0,57.27,High Risk
STU-E8749E29,3,91.75,27.87,70.77,66.9,2.68,3.0,2.0,27.31,Low Risk
STU-4D45664D,2,98.7,20.09,55.3,58.02,2.21,9.0,1.0,22.82,Medium Risk
STU-E4531255,4,51.02,20.15,47.21,12.32,3.05,4.0,4.0,79.16,Medium Risk
STU-13962F10,3,96.64,94.91,82.54,96.16,1.6,0.0,2.0,30.55,Low Risk
STU-460DD727,1,79.77,94.16,83.91,61.32,2.15,8.0,5.0,36.12,Medium Risk
STU-2C52E43F,1,96.84,73.4,75.74,88.7,1.1,6.0,4.0,47.4,Medium Risk
STU-7AD3A7B7,2,71.55,78.13,22.11,76.12,3.63,4.0,4.0,76.11,Low Risk
STU-19088F38,1,97.45,61.06,44.33,40.67,2.28,4.0,2.0,63.15,Medium Risk
STU-FE7682B4,1,93.01,39.03,18.97,91.1,3.28,5.0,4.0,53.89,Medium Risk
STU-0DA3C99A,3,43.36,93.15,44.21,81.14,3.75,7.0,0.0,98.66,Low Risk
STU-D47BD919,2,55.2,42.22,70.07,48.68,2.96,2.0,6.0,55.03,Medium Risk
STU-2B37CAD8,3,50.8,79.17,59.09,85.64,2.13,7.0,0.0,64.9,Medium Risk
STU-7B59FF36,1,72.19,39.63,74.75,34.44,2.86,2.0,5.0,22.03,Medium Risk
STU-33376544,3,87.18,89.61,61.87,70.36,2.08,9.0,4.0,38.1,Medium Risk
STU-63CD8D5A,2,84.36,72.1,62.24,20.31,2.7,4.0,6.0,39.89,Medium Risk
STU-1D07BEEE,1,82.24,71.42,58.43,87.92,2.3,4.0,1.0,34.0,Low Risk
STU-046CAFFE,2,59.39,27.79,45.97,75.65,1.45,1.0,3.0,40.19,Medium Risk
STU-42AA17C1,1,44.08,53.56,52.96,23.73,3.34,0.0,5.0,56.11,Medium Risk
STU-2AC75BFE,4,48.69,61.99,24.56,11.92,2.49,2.0,2.0,87.78,Medium Risk
STU-D36E4326,3,83.21,43.52,85.93,45.09,1.57,9.0,1.0,69.81,Medium Risk
STU-45B75E60,3,44.59,90.48,90.58,70.77,3.68,3.0,5.0,82.84,Low Risk
STU-32BF0376,1,49.49,87.01,80.13,35.48,3.56,6.0,3.0,56.47,Medium Risk
STU-B9492223,2,62.6,59.49,64.6,97.59,2.68,6.0,2.0,63.27,Low Risk
STU-06C8091B,2,39.69,47.2,63.38,94.12,3.91,8.0,7.0,20.89,High Risk
STU-F04307A8,3,48.82,84.12,54.98,63.81,3.78,3.0,6.0,27.02,Medium Risk
STU-7BC8B6C8,1,44.73,35.75,34.66,38.4,3.69,2.0,7.0,85.65,Medium Risk
STU-C974333A,1,96.84,25.72,47.62,90.66,1.4,2.0,3.0,99.39,Medium Risk
STU-E5C180D1,2,47.45,23.66,99.14,82.31,1.88,9.0,5.0,81.54,High Risk
STU-1864BB34,2,91.02,23.09,27.39,17.75,2.23,9.0,2.0,31.72,High Risk
STU-216B8F37,1,42.46,59.11,61.13,52.87,3.5,0.0,0.0,17.08,Low Risk
STU-98952943,2,91.53,40.43,88.65,98.31,3.61,5.0,1.0,18.36,Low Risk
STU-AF5BCDA6,2,73.96,75.23,53.51,50.85,3.25,3.0,3.0,37.81,Low Risk
STU-71BB1EE6,2,90.23,72.31,66.48,93.96,2.42,4.0,7.0,89.88,Medium Risk
STU-85C19EA9,2,91.38,63.36,85.36,97.96,1.49,1.0,7.0,33.13,Medium Risk
STU-114EF204,3,73.76,48.23,61.54,44.86,1.11,7.0,0.0,69.63,Medium Risk
STU-69FFD8E4,1,94.65,88.04,77.17,96.81,3.1,9.0,1.0,26.76,Low Risk
STU-F792685A,1,73.05,76.78,44.52,22.41,3.98,2.0,4.0,75.06,Low Risk
STU-C68ED797,2,81.32,41.72,77.31,24.41,2.04,6.0,1.0,27.5,Medium Risk
STU-40CB9A93,2,62.05,60.14,18.49,34.89,2.71,8.0,1.0,47.68,High Risk
STU-5154898F,2,94.41,32.5,28.0,52.08,3.43,8.0,0.0,32.52,Medium Risk
STU-B2194D27,4,88.57,46.3,69.17,26.29,1.56,7.0,7.0,38.52,High Risk
STU-5D7A1E51,4,45.84,99.77,53.16,40.62,3.49,2.0,0.0,75.34,Low Risk
STU-70285E44,1,72.47,37.91,85.41,19.33,2.88,4.0,5.0,62.74,High Risk
STU-4785D0E4,4,93.29,75.86,44.07,48.7,2.71,9.0,3.0,23.57,Medium Risk
STU-C20BD369,2,86.55,39.07,80.21,84.47,3.29,0.0,3.0,85.93,Low Risk
STU-82F4E544,1,97.57,95.05,26.82,63.55,1.72,6.0,4.0,66.3,Medium Risk
STU-3C849DF4,4,50.03,44.81,94.06,82.91,2.84,3.0,0.0,39.0,Low Risk
STU-2183AC48,4,58.88,47.74,50.57,22.21,1.72,8.0,7.0,48.92,High Risk
STU-7994087A,4,67.97,67.51,34.63,45.95,1.54,9.0,5.0,89.97,High Risk
STU-92C5DCE1,1,50.12,67.05,82.08,13.54,2.87,7.0,0.0,42.68,Medium Risk
STU-BCD3373E,1,60.61,66.33,95.57,43.3,1.81,9.0,1.0,38.75,Medium Risk
STU-DEFA1D8E,2,69.94,65.86,93.04,65.3,3.14,6.0,1.0,32.9,Low Risk
STU-158619D7,3,47.44,44.97,35.22,61.2,2.54,9.0,5.0,81.98,High Risk
STU-571626A0,1,51.68,54.75,72.12,15.43,3.08,3.0,4.0,36.7,Medium Risk
STU-4AE69E9D,4,43.11,67.47,61.48,15.59,3.67,1.0,1.0,55.31,Low Risk
STU-B8002906,2,81.37,73.7,76.63,37.46,1.41,2.0,1.0,15.85,Medium Risk
STU-E36B5595,2,58.5,40.25,56.39,79.43,1.2,7.0,3.0,96.52,High Risk
STU-10153B1A,3,49.32,76.12,54.93,11.85,2.2,5.0,4.0,85.82,High Risk
STU-60A756CC,3,67.98,93.86,90.03,65.43,3.15,2.0,3.0,70.48,Low Risk
STU-94E521E8,1,39.44,80.63,89.06,26.53,3.66,9.0,5.0,41.09,High Risk
STU-73653A9F,4,95.02,26.74,81.95,94.99,1.1,1.0,4.0,30.95,Medium Risk
STU-88E8F044,2,54.14,57.53,74.92,48.72,3.38,7.0,6.0,52.23,Medium Risk
STU-C63844F3,1,92.62,54.82,72.66,14.31,1.23,8.0,3.0,34.01,High Risk
STU-8F2C7C57,4,67.35,46.92,19.78,74.23,2.74,6.0,3.0,94.64,Medium Risk
STU-05E2E3CD,4,90.26,59.31,78.71,53.61,2.03,4.0,6.0,77.35,Medium Risk
STU-18562474,4,51.06,55.17,69.24,89.31,1.05,7.0,4.0,73.61,Medium Risk
STU-0702D376,4,46.39,20.49,40.7,68.66,1.29,2.0,1.0,72.69,Medium Risk
STU-7E01F598,3,90.21,38.92,84.71,72.33,2.06,3.0,2.0,80.04,Low Risk
STU-8E9C9B54,4,48.84,37.1,85.76,79.05,3.86,2.0,6.0,18.71,Medium Risk
STU-69B395B7,1,83.5,47.94,94.24,47.83,1.46,2.0,0.0,36.96,Low Risk
STU-FA3A1605,3,57.4,33.96,50.56,81.33,1.82,7.0,4.0,63.93,Medium Risk
STU-4115A8CC,3,83.63,25.42,61.86,14.56,3.98,2.0,6.0,33.56,Low Risk
STU-4E69B16C,1,94.0,35.73,92.01,78.9,2.44,5.0,2.0,65.99,Low Risk
STU-C96E945C,2,98.81,88.33,41.93,67.27,1.79,6.0,3.0,96.48,Medium Risk
STU-98FF6AAC,2,58.39,83.76,82.71,61.0,2.85,0.0,5.0,43.24,Low Risk
STU-BB3662CD,3,58.89,55.37,99.32,38.63,2.31,7.0,1.0,79.38,Medium Risk
STU-40BC7521,1,98.79,90.23,70.41,20.27,3.57,7.0,3.0,51.85,Low Risk
STU-CE3D3078,4,91.0,38.61,98.61,68.25,1.02,3.0,4.0,75.93,Medium Risk
STU-F90C3186,1,37.93,66.74,58.84,52.45,3.99,7.0,2.0,20.39,Medium Risk
STU-59967B25,2,72.27,31.43,28.01,29.61,1.2,5.0,7.0,46.0,High Risk
STU-84B6CDED,4,46.78,86.67,29.93,13.9,2.61,6.0,3.0,76.68,Medium Risk
STU-5AB1D6C6,3,99.61,30.45,77.17,58.49,3.09,2.0,1.0,86.91,Low Risk
STU-6B123009,2,44.03,22.55,15.08,21.37,2.65,2.0,5.0,50.42,High Risk
STU-8D0ADE27,1,71.36,41.88,71.26,93.65,1.9,9.0,4.0,61.85,High Risk
STU-4D65EB19,3,78.24,92.07,27.86,23.56,3.57,9.0,6.0,97.11,High Risk
STU-BDB76DAB,4,95.91,30.36,98.67,12.88,2.29,8.0,6.0,53.67,High Risk
STU-0F0B51DF,4,90.07,46.45,28.87,33.58,1.9,9.0,4.0,35.04,High Risk
STU-BC3BA104,3,50.97,45.31,61.96,25.75,3.31,9.0,3.0,16.75,High Risk
STU-BFD09EF1,1,72.22,84.13,71.9,81.21,1.44,8.0,1.0,93.36,Medium Risk
STU-10559B64,1,96.98,53.72,84.66,36.04,1.62,2.0,4.0,19.62,Medium Risk
STU-5A36C7F5,1,82.82,68.93,54.04,32.07,1.76,8.0,4.0,35.28,High Risk
STU-4C662202,2,79.74,52.35,94.37,99.53,2.3,2.0,3.0,87.81,Low Risk
STU-0C5B8467,1,84.07,64.12,55.82,23.51,1.06,3.0,2.0,94.84,Medium Risk
STU-D565B35C,1,55.96,25.0,36.43,17.65,3.98,2.0,7.0,71.57,High Risk
STU-363B0909,3,82.4,49.92,65.41,37.51,2.8,4.0,6.0,36.99,Medium Risk
STU-02844FFA,2,50.14,88.41,70.93,46.46,3.91,3.0,0.0,37.79,Low Risk
STU-C347DAFB,3,62.83,75.29,58.13,78.44,3.42,8.0,1.0,57.96,Medium Risk
STU-AE3B3B18,4,92.85,98.55,77.32,95.99,1.4,1.0,5.0,94.4,Low Risk
STU-C19BE66B,3,36.23,83.03,50.76,78.73,1.63,9.0,5.0,95.48,High Risk
STU-CC100936,3,61.93,56.12,15.37,75.4,1.1,7.0,4.0,51.6,High Risk
STU-11525D2A,3,52.34,74.1,37.49,99.23,3.5,2.0,4.0,42.3,Low Risk
STU-766F47D3,2,47.91,82.07,95.4,78.88,2.78,8.0,6.0,47.9,Medium Risk
STU-23AEECB3,1,89.51,41.57,79.87,22.56,1.65,1.0,4.0,34.86,Medium Risk
STU-08515E18,1,80.27,24.8,31.11,51.54,3.91,6.0,2.0,29.62,Medium Risk
STU-825586FD,2,42.32,52.47,20.67,55.32,3.21,5.0,5.0,73.13,Medium Risk
STU-83292748,3,67.14,31.57,44.82,37.43,3.12,7.0,0.0,37.09,Medium Risk
STU-C1913EAA,4,65.35,42.18,86.09,24.78,1.8,2.0,3.0,85.56,Medium Risk
STU-1F7447FA,4,44.26,95.75,24.01,74.06,1.94,5.0,6.0,36.02,High Risk
STU-CAF250BA,1,86.98,87.77,61.19,34.97,3.0,1.0,1.0,61.76,Low Risk
STU-B66A2865,4,58.83,67.4,38.38,66.22,2.78,9.0,2.0,75.37,High Risk
STU-C64631D7,2,84.53,52.1,76.73,39.03,2.94,9.0,4.0,70.48,High Risk
STU-2DD6AC6D,4,47.48,41.15,15.03,55.56,3.64,6.0,5.0,24.64,Medium Risk
STU-EF0B1058,1,55.48,65.72,38.56,40.33,1.48,2.0,7.0,38.36,High Risk
STU-290E4F6D,1,41.19,62.65,72.74,47.06,1.35,4.0,5.0,16.41,High Risk
STU-7C59E199,2,44.33,82.46,61.47,75.89,2.69,2.0,5.0,65.18,Low Risk
STU-8051E1B7,4,92.41,94.24,81.2,89.54,2.5,9.0,0.0,67.38,Low Risk
STU-C48E9375,1,42.09,46.31,28.4,55.79,2.21,0.0,0.0,55.43,Low Risk
STU-097A4E49,1,41.22,36.5,60.13,64.92,3.71,0.0,0.0,68.9,Low Risk
STU-74F4E6D7,4,96.12,52.22,31.64,87.8,2.68,9.0,3.0,87.36,Medium Risk
STU-634842C4,4,76.98,55.0,69.33,22.89,2.7,3.0,1.0,36.63,Medium Risk
STU-AEF14B2D,1,41.56,23.19,26.16,24.6,2.1,4.0,4.0,60.75,High Risk
STU-28E45591,3,98.16,88.94,27.64,42.33,2.03,0.0,2.0,26.49,Medium Risk
STU-E2E24081,2,44.56,99.65,42.9,37.82,3.96,9.0,2.0,34.95,Medium Risk
STU-5D4DA67E,2,84.81,93.86,49.16,98.77,2.87,2.0,5.0,40.91,Medium Risk
STU-2CF122D1,2,37.27,88.85,57.38,60.77,3.48,2.0,2.0,75.51,Low Risk
STU-07377B34,2,75.6,99.41,64.36,57.15,2.34,1.0,2.0,27.49,Low Risk
STU-0182A4A9,2,70.54,92.62,54.85,62.08,1.58,5.0,4.0,74.19,Medium Risk
STU-FF2DA868,3,48.52,75.07,18.88,88.76,1.97,1.0,1.0,22.96,Medium Risk
STU-A5C542E5,2,76.8,33.34,44.19,31.92,2.04,3.0,4.0,72.77,High Risk
STU-0C1504E2,3,75.11,32.51,20.22,55.99,2.69,4.0,6.0,81.55,High Risk
STU-18EAA7FB,3,86.89,23.9,25.04,34.39,1.46,2.0,6.0,91.67,High Risk
STU-76E1557C,2,91.93,52.95,22.89,80.25,2.16,0.0,2.0,85.55,Low Risk
STU-943BE3B1,1,68.16,84.71,28.44,79.94,1.3,0.0,1.0,69.36,Low Risk
STU-5F76CF24,3,66.87,59.22,84.1,96.17,2.49,0.0,3.0,81.95,Low Risk
STU-4FA30C9D,3,75.4,49.31,68.34,50.21,3.84,5.0,6.0,76.1,Medium Risk
STU-EEF2EA2A,3,82.4,28.74,58.08,24.28,2.02,3.0,6.0,55.23,High Risk
STU-3E04859D,3,58.15,24.14,77.24,90.68,1.15,5.0,7.0,81.88,High Risk
STU-B1573DF3,1,67.8,51.93,96.7,90.15,2.83,0.0,7.0,15.45,Medium Risk
STU-68DD07FB,3,73.03,27.99,50.5,31.12,2.9,4.0,1.0,83.36,Low Risk
STU-9971215E,2,99.24,28.28,46.23,34.86,2.44,0.0,3.0,93.55,Low Risk
STU-5FAA341A,4,73.2,51.63,98.11,38.21,2.19,3.0,7.0,92.66,Medium Risk
STU-2F7FAE8F,3,49.57,60.23,80.56,50.66,3.68,8.0,4.0,99.88,Medium Risk
STU-17D2EE7B,1,73.22,34.93,81.05,84.61,3.82,5.0,3.0,38.7,Low Risk
STU-1E0DAA64,2,88.27,74.77,66.0,22.99,3.02,3.0,3.0,26.63,Low Risk
STU-099CBFED,4,90.73,53.5,58.1,73.04,2.5,9.0,1.0,56.87,Medium Risk
STU-2B0253F7,2,87.02,27.35,61.8,41.75,1.2,6.0,5.0,44.11,High Risk
STU-5B694716,2,92.73,70.96,70.43,27.61,1.9,9.0,4.0,53.87,High Risk
STU-9BDA20B9,3,56.76,48.56,47.03,40.46,1.86,9.0,1.0,45.84,Medium Risk
STU-F9230B59,3,67.99,24.19,81.5,57.99,1.17,0.0,0.0,87.68,Low Risk
STU-274185C1,1,85.67,95.84,92.28,92.93,3.53,0.0,3.0,61.13,Low Risk
STU-804CFE88,3,52.19,65.7,63.56,66.54,3.6,4.0,7.0,82.4,Medium Risk
STU-D64FB6E8,4,59.15,58.22,47.43,64.64,3.74,6.0,7.0,40.34,Medium Risk
STU-9924CC06,4,89.03,88.73,74.13,19.79,3.23,8.0,6.0,48.55,Medium Risk
STU-A5F89146,3,85.06,94.94,30.48,17.18,3.13,8.0,1.0,39.34,Medium Risk
STU-01C44C4A,4,98.13,37.63,97.33,21.65,2.43,9.0,4.0,97.57,High Risk
STU-D71D4E97,3,99.74,84.81,70.93,18.6,3.57,7.0,1.0,52.86,Low Risk
STU-015496D4,2,50.65,86.49,20.74,61.87,2.53,1.0,0.0,49.83,Medium Risk
STU-3ED65DE7,3,93.53,24.35,60.03,50.74,1.09,0.0,3.0,86.39,Medium Risk
STU-02CF106B,1,41.14,76.96,78.78,10.45,2.75,2.0,0.0,79.35,Low Risk
STU-EFAA04C9,2,81.14,25.04,38.62,41.6,2.17,0.0,7.0,93.23,Medium Risk
STU-3E1859BA,2,49.31,67.57,19.33,21.46,2.56,0.0,0.0,79.12,Low Risk
STU-250B5AA1,4,54.52,73.54,56.58,98.93,2.32,7.0,3.0,44.5,Medium Risk
STU-B325799E,3,96.51,49.36,85.86,51.41,2.49,2.0,6.0,40.65,Medium Risk
STU-E8B7E30A,3,52.1,90.46,36.38,48.35,1.33,1.0,7.0,73.19,High Risk
STU-B3202079,2,78.76,84.04,75.95,67.98,1.04,5.0,5.0,26.02,Medium Risk
STU-08F602AF,1,46.58,94.08,49.66,42.14,2.02,0.0,0.0,22.55,Low Risk
STU-38972934,2,41.07,45.19,20.07,74.4,1.76,1.0,7.0,82.53,High Risk
STU-74DC85C5,3,57.06,21.72,40.84,91.43,1.75,3.0,3.0,69.05,Medium Risk
STU-5AF1C021,1,75.57,84.92,41.68,54.9,3.81,6.0,3.0,33.6,Medium Risk
STU-D2428266,2,51.12,37.84,91.9,44.46,3.46,1.0,7.0,71.91,Medium Risk
STU-91BAECCF,2,54.51,57.37,98.45,56.97,1.04,3.0,6.0,41.31,Medium Risk
STU-B19D65BC,3,81.07,85.39,32.83,64.32,1.03,3.0,2.0,39.15,Medium Risk
STU-6A7F62DF,4,41.68,37.29,51.59,86.29,3.33,7.0,4.0,38.24,Medium Risk
STU-98CD3035,3,64.05,44.95,98.02,45.5,3.95,6.0,6.0,58.08,Medium Risk
STU-FADCFB6E,2,96.21,55.13,49.62,14.63,2.4,6.0,5.0,95.02,High Risk
STU-EEF7D21A,2,60.8,41.75,44.68,66.77,2.3,8.0,1.0,95.62,Medium Risk
STU-D67CBE7A,1,63.22,56.91,24.34,98.82,1.83,2.0,1.0,61.44,Low Risk
STU-9F7ECA87,1,82.98,20.77,79.03,86.88,3.0,2.0,4.0,88.83,Low Risk
STU-E25E1FB9,1,85.64,36.98,53.0,78.24,2.41,9.0,0.0,57.94,Medium Risk
STU-D2CF7578,1,85.02,86.6,69.29,25.89,1.5,8.0,4.0,56.83,High Risk
STU-4646799C,1,99.86,53.08,58.34,77.38,2.44,1.0,5.0,18.25,Medium Risk
STU-E8DCF14B,1,39.64,70.91,29.84,17.33,2.13,2.0,3.0,78.33,Medium Risk
STU-FE2082F4,1,98.85,38.58,29.99,54.45,3.67,8.0,3.0,69.16,Medium Risk
STU-0CA98277,3,96.76,71.99,94.88,43.38,3.31,9.0,1.0,46.21,Low Risk
STU-FACBD63F,4,90.39,100.0,90.61,91.48,3.1,5.0,2.0,27.49,Low Risk
STU-E06C1E87,4,64.52,67.62,66.9,24.39,1.98,4.0,0.0,99.18,Medium Risk
STU-6BBCC87E,1,91.61,70.27,15.11,81.0,1.42,8.0,4.0,84.42,Medium Risk
STU-B0F95A6B,2,49.35,28.92,51.83,14.37,3.59,6.0,3.0,68.32,High Risk
STU-A9DBDEE4,4,86.46,52.27,60.09,73.16,2.03,1.0,3.0,16.41,Low Risk
STU-2E4307DB,1,47.04,88.86,53.2,36.44,2.78,9.0,2.0,88.93,Medium Risk
STU-5CD7E35A,4,88.0,86.74,93.66,97.83,2.77,8.0,3.0,66.83,Low Risk
STU-EF66917A,3,74.94,61.79,18.47,70.46,3.78,5.0,6.0,28.43,High Risk
STU-ED6E1246,4,41.37,92.28,70.67,37.8,1.52,2.0,4.0,84.2,Medium Risk
STU-FDE96651,4,93.2,31.43,41.68,31.2,3.31,0.0,1.0,66.3,Low Risk
STU-32BC95FA,3,72.57,72.66,62.56,67.54,2.39,3.0,1.0,60.12,Low Risk
STU-6AD2E83D,3,77.66,39.91,70.75,34.55,1.52,7.0,7.0,26.9,High Risk
STU-6CD10DFF,1,53.43,71.64,52.47,26.81,3.51,4.0,0.0,36.65,Low Risk
STU-0C02C218,1,91.66,26.99,27.61,68.29,3.46,4.0,5.0,73.69,Medium Risk
STU-A094B938,2,70.44,95.49,59.12,75.19,1.12,1.0,4.0,44.76,Medium Risk
STU-B44C19CA,1,62.37,82.91,94.3,31.42,3.13,3.0,3.0,44.46,Medium Risk
STU-518AD89E,1,69.73,36.08,60.55,58.23,1.46,3.0,3.0,30.32,Medium Risk
STU-EA30349A,2,80.72,70.98,25.45,69.73,2.83,8.0,4.0,32.49,High Risk
STU-F3E59D16,4,80.18,80.73,85.05,94.77,2.93,6.0,5.0,72.31,Medium Risk
STU-EB73C196,1,58.24,36.76,33.85,82.31,3.0,6.0,7.0,93.36,High Risk
STU-82D2B5F9,2,60.04,27.47,46.47,47.87,1.36,8.0,1.0,19.62,High Risk
STU-7E6326AD,2,71.55,48.14,51.44,86.0,2.79,8.0,3.0,56.85,Medium Risk
STU-EFE120A9,2,95.09,30.86,43.87,49.75,1.3,4.0,3.0,96.27,Medium Risk
STU-7C319356,1,83.45,65.26,49.38,21.71,3.24,0.0,4.0,60.5,Low Risk
STU-F1D7B699,4,60.38,53.93,82.62,40.7,1.19,1.0,0.0,50.98,Low Risk
STU-CCB7E0D6,3,56.91,56.99,33.99,82.43,3.27,7.0,4.0,39.68,Medium Risk
STU-658E101C,2,69.04,63.43,54.99,96.02,3.65,5.0,3.0,79.13,Low Risk
STU-480F3C95,1,91.55,98.56,16.7,98.52,1.9,9.0,4.0,91.1,Medium Risk
STU-FC972CB5,2,35.56,83.41,58.15,67.52,3.33,7.0,7.0,99.14,Medium Risk
STU-D489392D,4,81.18,70.36,24.49,53.05,2.25,2.0,6.0,41.25,High Risk
STU-75635F59,1,54.14,49.1,38.99,24.59,3.39,2.0,7.0,25.81,High Risk
STU-B1FE1A12,2,48.55,22.17,42.61,19.23,3.06,5.0,6.0,76.51,High Risk
STU-F9C923E8,1,35.79,29.32,22.0,56.67,1.87,3.0,4.0,85.62,High Risk
STU-10127376,4,93.28,78.47,45.65,75.5,1.58,3.0,0.0,89.2,Low Risk
STU-A812FA5B,1,94.3,49.54,57.33,39.15,3.74,3.0,1.0,66.36,Low Risk
STU-7E35349C,4,38.99,46.75,51.64,70.72,3.52,1.0,4.0,96.63,Low Risk
STU-C098A137,2,68.92,91.12,38.84,61.37,2.98,6.0,4.0,24.53,Medium Risk
STU-1AFF8823,3,44.92,58.76,40.06,94.67,2.05,4.0,5.0,41.18,Medium Risk
STU-45CD7BCB,3,84.31,91.97,68.85,28.86,2.53,4.0,5.0,40.47,Medium Risk
STU-E9D15925,1,78.25,90.93,76.06,63.2,2.67,6.0,0.0,48.9,Low Risk
STU-FF25ADF8,2,54.31,26.41,64.01,47.24,1.26,4.0,5.0,78.83,High Risk
STU-4D1753A2,2,42.6,95.63,97.98,33.54,3.92,0.0,6.0,16.72,Low Risk
STU-3CBD5A23,1,89.03,26.16,95.31,42.16,1.28,1.0,6.0,16.48,Medium Risk
STU-D3B595E3,4,78.83,97.08,23.37,36.51,3.17,4.0,3.0,26.67,Medium Risk
STU-2412E663,1,35.44,56.21,37.22,57.49,2.48,6.0,2.0,30.79,Medium Risk
STU-4478851A,3,75.81,80.87,88.81,60.22,3.28,9.0,6.0,99.08,Medium Risk
STU-D6E4D9CB,2,87.67,76.49,17.52,87.9,1.78,1.0,2.0,36.92,Low Risk
STU-91BB73D2,1,73.4,61.48,65.34,80.32,2.19,7.0,6.0,53.89,High Risk
STU-D55A8A90,3,62.61,69.56,96.13,37.23,2.58,4.0,6.0,17.46,High Risk
STU-D6EDD51D,3,72.95,95.99,72.69,93.82,1.36,8.0,5.0,94.09,Medium Risk
STU-810B57D5,2,75.28,94.19,22.81,88.15,3.56,5.0,3.0,19.0,Medium Risk
STU-AD54845A,2,76.6,72.35,78.56,66.33,3.97,2.0,5.0,91.7,Low Risk
STU-DC83DD4F,1,97.86,72.62,47.0,11.68,2.25,5.0,7.0,32.03,High Risk
STU-7249C2A2,4,46.61,39.76,93.33,28.82,2.13,8.0,3.0,92.26,High Risk
STU-8D357D36,2,75.5,86.29,39.34,81.04,2.78,0.0,3.0,43.11,Low Risk
STU-8A19EDF7,1,47.22,70.61,55.22,50.84,3.07,0.0,1.0,55.53,Low Risk
STU-83997540,3,48.65,86.1,78.46,21.34,3.61,7.0,5.0,75.43,Medium Risk
STU-5CB62E5C,1,78.5,72.63,36.89,46.74,2.12,6.0,1.0,78.17,Medium Risk
STU-873E9E5E,1,94.54,43.95,30.45,29.07,3.29,0.0,6.0,17.89,Medium Risk
STU-03CF8826,2,45.34,35.16,15.23,90.33,1.72,7.0,0.0,16.65,High Risk
STU-12D4F7DB,4,97.56,26.16,56.48,90.03,3.04,4.0,3.0,42.34,Medium Risk
STU-48238D6B,4,55.76,66.88,93.93,44.84,2.4,8.0,4.0,58.48,Medium Risk
STU-DA8CC103,3,60.44,42.72,38.93,22.37,2.99,2.0,3.0,89.24,Medium Risk
STU-76A87E56,2,44.99,70.44,18.69,42.29,2.14,4.0,5.0,30.38,High Risk
STU-E29E1C9E,3,75.03,24.69,67.74,21.59,1.88,6.0,3.0,46.68,High Risk
STU-19432A75,2,73.77,50.05,19.77,37.36,2.46,9.0,4.0,52.01,High Risk
STU-8CAA25EC,2,63.75,40.84,58.09,79.41,3.69,7.0,0.0,56.46,Low Risk
STU-9641D2A0,4,65.95,49.63,47.43,36.28,3.02,2.0,3.0,74.91,Low Risk
STU-A1EB0F8B,1,75.49,24.34,55.41,58.98,2.83,0.0,7.0,92.34,Medium Risk
STU-689698B9,2,72.93,77.93,28.82,20.7,3.16,5.0,6.0,25.97,High Risk
STU-8EA9FD85,4,59.33,29.34,22.67,41.29,3.19,4.0,6.0,54.97,High Risk
STU-B5FF6CDA,3,92.47,21.15,78.66,13.57,1.88,4.0,4.0,98.71,Medium Risk
STU-BF99A8D7,1,78.4,95.7,35.88,59.34,1.7,5.0,2.0,65.93,Medium Risk
STU-2F580652,1,48.35,35.43,83.04,41.29,2.53,2.0,2.0,87.13,Medium Risk
STU-F985D769,2,55.79,86.24,79.47,88.48,1.44,4.0,4.0,90.63,Low Risk
STU-A93B7777,2,86.21,97.16,31.86,45.33,2.42,9.0,3.0,21.04,Medium Risk
STU-ABB94DE1,2,41.79,62.73,92.2,60.2,3.08,0.0,6.0,55.88,Medium Risk
STU-18FFEC25,2,83.77,62.09,28.71,97.9,1.02,7.0,1.0,96.76,Medium Risk
STU-3A42109E,4,58.32,49.39,82.76,67.84,1.33,8.0,1.0,27.69,High Risk
STU-0B2FEF41,1,70.86,54.05,50.75,55.04,3.89,3.0,3.0,31.02,Low Risk
STU-BB5F599E,2,53.24,58.57,30.56,18.83,3.78,4.0,4.0,58.01,Medium Risk
STU-3C4DD61E,2,99.12,32.17,94.74,83.89,2.25,6.0,0.0,26.32,Low Risk
STU-D974300E,1,93.88,49.18,96.88,67.81,2.77,9.0,1.0,88.09,Medium Risk
STU-853E35A8,1,95.35,85.29,58.47,19.77,1.47,4.0,2.0,79.84,Medium Risk
STU-D9CE9CCB,4,47.01,34.59,54.88,32.11,1.99,3.0,0.0,87.21,Medium Risk
STU-2FB0E1A9,4,89.71,78.39,91.57,58.39,3.38,7.0,2.0,49.44,Low Risk
STU-AE898F36,1,69.8,72.13,65.67,14.06,3.57,5.0,6.0,69.99,High Risk
STU-2A38014E,4,81.01,24.58,37.61,74.65,2.22,1.0,3.0,42.8,Low Risk
STU-E8568E7D,1,49.14,21.79,51.14,30.5,1.93,3.0,0.0,20.37,Medium Risk
STU-1C28C50A,3,81.28,48.2,86.06,54.07,3.05,2.0,5.0,80.86,Medium Risk
STU-1B1143B2,1,94.43,75.37,88.06,31.75,3.15,1.0,5.0,97.59,Low Risk
STU-5AF68ED3,4,52.39,46.43,94.84,54.03,3.95,5.0,5.0,39.31,Medium Risk
STU-B98A5F70,1,50.17,73.42,39.5,27.07,3.09,9.0,3.0,39.45,Medium Risk
STU-745F5E65,3,41.79,73.24,72.8,63.45,1.72,0.0,7.0,32.56,Medium Risk
STU-C039B449,3,52.34,84.52,20.81,91.94,1.18,9.0,1.0,51.26,High Risk
STU-361CF32F,1,69.83,27.96,76.7,82.66,1.77,3.0,3.0,46.94,Medium Risk
STU-C3BFF1AC,2,89.13,66.17,62.87,31.74,1.68,7.0,5.0,90.21,High Risk
STU-32187257,1,53.12,25.0,36.23,54.83,1.28,4.0,1.0,82.17,Medium Risk
STU-CA4750D9,3,75.37,34.08,70.64,48.08,2.33,2.0,6.0,89.85,Medium Risk
STU-DF4EBD2E,2,66.17,46.04,26.49,96.89,1.86,1.0,1.0,93.16,Low Risk
STU-519EA2D8,3,53.76,76.59,43.37,81.89,3.78,5.0,4.0,72.74,Medium Risk
STU-67C38799,4,68.17,97.91,49.08,19.67,2.21,3.0,3.0,69.68,Medium Risk
STU-AE41B1F4,2,45.92,47.4,81.06,25.17,3.63,6.0,0.0,54.62,Low Risk
STU-AD7B3D26,1,76.57,61.69,41.25,73.18,1.92,7.0,5.0,22.05,High Risk
STU-1637566F,3,42.52,40.72,19.17,24.39,3.49,8.0,5.0,52.93,High Risk
STU-431E07FE,3,82.51,74.04,30.36,95.54,2.36,6.0,0.0,45.82,Low Risk
STU-7D5B3AC9,4,46.55,49.33,66.69,99.37,1.1,8.0,4.0,47.17,High Risk
STU-BE4EBCED,1,99.88,58.53,16.3,80.05,2.46,3.0,3.0,57.62,Medium Risk
STU-6D3FEB3D,2,88.54,65.43,82.34,12.41,1.68,0.0,4.0,59.82,Medium Risk
STU-C6FF3E29,4,57.35,74.9,91.6,53.45,1.92,6.0,1.0,33.36,Medium Risk
STU-AD0FAE2E,4,62.7,24.8,57.11,46.55,3.05,1.0,7.0,38.36,Medium Risk
STU-1CC8BF16,3,51.85,64.39,75.15,81.96,2.59,9.0,3.0,32.27,High Risk
STU-ACA3C561,1,84.86,54.49,54.33,35.83,3.67,8.0,0.0,77.59,Low Risk
STU-97BD44C9,2,59.75,30.7,41.24,44.75,3.81,5.0,5.0,96.97,Medium Risk
STU-92204FA5,1,84.09,36.64,29.01,18.42,3.07,8.0,7.0,35.8,High Risk
STU-33925855,4,36.2,90.71,59.04,40.84,3.59,7.0,5.0,88.41,Medium Risk
STU-6D4D19FD,1,43.82,89.74,94.04,97.65,1.59,8.0,5.0,77.07,Medium Risk
STU-DA409556,3,58.72,22.67,90.65,94.79,1.24,6.0,1.0,41.03,Medium Risk
STU-D0867C8E,3,42.08,75.15,93.17,77.52,2.0,2.0,4.0,59.62,Low Risk
STU-A55DE048,2,74.07,64.33,97.15,91.65,1.98,9.0,6.0,66.85,Medium Risk
STU-9414CC9B,2,38.3,95.19,29.06,29.01,3.0,4.0,7.0,80.57,High Risk
STU-7E4B60F0,3,90.88,92.64,27.45,65.96,3.52,2.0,7.0,61.27,Medium Risk
STU-2C2E4396,2,84.49,66.36,51.36,55.0,1.89,2.0,7.0,70.74,Medium Risk
STU-CA357A6B,1,49.06,31.12,73.59,48.04,2.27,6.0,6.0,42.24,High Risk
STU-D47E525D,2,66.45,56.79,52.37,39.24,1.31,5.0,7.0,25.48,High Risk
STU-E0B2C080,4,64.37,78.01,90.85,87.97,2.24,4.0,6.0,20.11,Medium Risk
STU-49FB064D,4,82.12,96.14,75.98,53.61,1.64,4.0,4.0,39.81,Medium Risk
STU-1CE0277F,3,61.1,49.11,68.89,75.16,2.15,7.0,4.0,71.76,Medium Risk
STU-02131EF3,3,37.14,82.77,21.04,73.54,1.8,0.0,5.0,22.57,Medium Risk
STU-930CE446,2,52.79,74.67,29.9,22.25,3.43,3.0,3.0,77.8,Medium Risk
STU-8A7412F6,3,65.3,26.26,51.39,14.4,1.01,4.0,7.0,49.62,High Risk
STU-68BB8CE9,4,98.34,64.64,97.99,85.6,2.02,8.0,7.0,54.79,High Risk
STU-3929BF0E,2,92.28,34.68,43.42,54.13,3.91,0.0,6.0,33.11,Medium Risk
STU-F111A3B0,1,46.79,74.68,68.55,82.91,3.04,8.0,4.0,74.27,Medium Risk
STU-6641C8C6,4,82.01,68.81,99.06,36.74,3.32,5.0,1.0,97.49,Low Risk
STU-71467CB9,4,95.89,97.84,37.44,87.56,3.58,2.0,5.0,49.09,Low Risk
STU-3DDB1DE8,2,35.57,94.83,29.17,84.77,2.09,2.0,5.0,24.82,Medium Risk
STU-1FB8581E,4,81.86,20.75,61.44,44.35,1.2,3.0,3.0,16.46,Medium Risk
STU-6A03C8C4,2,64.86,26.4,61.91,47.05,2.23,4.0,3.0,88.62,Medium Risk
STU-645ECDC0,2,79.22,81.53,93.36,41.58,2.96,8.0,5.0,74.95,Medium Risk
STU-B283466E,3,74.36,74.85,17.25,13.13,2.11,5.0,1.0,86.94,Medium Risk
STU-C2E45E82,1,99.0,84.08,49.63,71.89,2.34,4.0,5.0,48.38,Medium Risk
STU-2F77563A,3,53.77,41.35,41.55,34.55,3.48,5.0,0.0,68.83,Low Risk
STU-8300B4EB,1,86.1,87.95,63.54,89.56,1.11,5.0,3.0,47.97,Medium Risk
STU-9C5153DF,1,50.25,55.39,15.79,90.76,2.0,8.0,1.0,42.94,Medium Risk
STU-93E9D78F,2,63.31,40.95,75.44,75.03,2.47,9.0,3.0,65.18,High Risk
STU-8DDCBE65,3,98.4,20.85,56.22,26.34,1.9,6.0,0.0,33.57,Medium Risk
STU-ED211CCD,1,84.8,89.71,74.56,18.04,2.34,6.0,0.0,76.96,Medium Risk
STU-33C55C17,4,55.53,62.83,53.06,83.48,2.21,3.0,2.0,68.87,Low Risk
STU-AE4289F0,3,75.26,98.03,55.31,90.38,3.77,4.0,6.0,49.55,Medium Risk
STU-0D9C45B7,1,38.23,77.17,91.12,41.68,2.48,6.0,3.0,39.25,Medium Risk
STU-13E2DDBD,2,52.32,26.43,32.93,41.77,2.43,7.0,3.0,45.58,High Risk
STU-E70CFA28,4,81.7,67.06,33.49,45.12,1.76,5.0,7.0,41.47,High Risk
STU-E1ABC213,2,72.06,21.37,62.56,84.49,1.14,7.0,1.0,45.71,Medium Risk
STU-DBA17901,1,65.53,64.62,71.12,73.64,1.9,8.0,7.0,16.35,High Risk
STU-7735F6F1,1,79.91,48.02,45.15,20.98,1.08,0.0,7.0,43.93,High Risk
STU-970FA144,2,60.9,71.46,59.16,67.12,3.48,3.0,1.0,60.97,Low Risk
STU-08774D3F,2,36.7,63.33,34.37,10.88,1.61,8.0,2.0,56.0,High Risk
STU-39131205,3,63.67,40.91,26.55,73.93,3.73,4.0,1.0,27.0,Low Risk
STU-F9686A15,4,93.64,32.99,35.25,78.82,3.66,3.0,0.0,95.49,Low Risk
STU-5F3C296F,1,90.68,52.38,92.89,83.35,2.99,8.0,4.0,30.68,Medium Risk
STU-3A85B755,4,61.58,98.95,83.15,66.31,3.59,1.0,3.0,64.12,Low Risk
STU-24189E36,4,36.44,54.86,26.92,26.25,3.63,1.0,7.0,46.56,High Risk
STU-36BC448F,4,76.36,79.9,18.96,81.44,3.33,7.0,7.0,72.23,High Risk
STU-9581833B,4,83.18,24.56,22.92,90.98,2.52,7.0,5.0,52.04,Medium Risk
STU-DE1242B5,4,54.13,50.31,39.94,67.04,3.85,4.0,2.0,18.49,Low Risk
STU-A2592BA4,3,65.98,66.43,83.97,34.76,3.45,5.0,5.0,68.87,Low Risk
STU-4FD711AF,2,99.47,80.1,42.32,26.14,1.38,4.0,3.0,93.68,Medium Risk
STU-97C3CCA1,2,72.46,62.27,30.78,30.83,2.26,7.0,2.0,88.91,Medium Risk
STU-14E9270F,4,57.82,61.22,48.65,11.52,2.62,5.0,4.0,42.91,High Risk
STU-38D4A4B9,2,75.79,81.11,25.54,10.92,2.59,5.0,2.0,42.64,Medium Risk
STU-9ED9D7FA,1,46.7,45.06,54.97,36.73,2.14,6.0,2.0,64.95,Medium Risk
STU-FD6B4728,1,47.95,27.25,72.42,93.07,2.59,1.0,5.0,31.72,Medium Risk
STU-74BE5E37,4,95.12,47.77,46.35,65.92,1.28,8.0,6.0,68.35,High Risk
STU-AAD1A768,3,50.55,32.72,29.76,44.75,2.97,2.0,6.0,83.1,Medium Risk
STU-CD3F7E46,2,55.2,97.28,53.52,10.98,2.49,8.0,4.0,32.3,High Risk
STU-8B0AC759,1,70.35,66.2,79.81,99.07,3.36,9.0,6.0,96.42,Medium Risk
STU-513D33FD,3,93.48,55.73,21.51,51.03,3.08,4.0,1.0,57.77,Low Risk
STU-3DEB2626,1,85.79,92.96,21.03,99.24,1.34,0.0,0.0,33.5,Low Risk
STU-43214DAF,3,37.85,92.03,42.04,74.81,2.05,9.0,2.0,20.69,High Risk
STU-CCE6D633,2,80.05,53.26,50.28,14.61,3.21,3.0,7.0,39.35,Medium Risk
STU-FE15D003,4,67.76,89.98,33.4,87.31,2.01,5.0,6.0,55.24,Medium Risk
STU-E1B4D5A3,2,65.91,25.12,17.29,57.74,2.7,2.0,0.0,55.68,Low Risk
STU-79BE63D6,3,79.95,90.86,33.66,50.75,3.88,5.0,2.0,32.38,Low Risk
STU-7826AD8E,3,47.76,44.85,52.01,78.21,1.24,0.0,4.0,36.95,Medium Risk
STU-F7213D6C,2,98.8,65.21,21.75,79.73,1.57,9.0,0.0,72.66,Medium Risk
STU-8DF4F85F,1,76.94,41.58,75.85,81.68,2.44,9.0,5.0,80.86,High Risk
STU-AF8F6169,2,58.77,98.78,61.93,78.45,3.22,8.0,6.0,24.16,Medium Risk
STU-550B2C7C,4,74.01,25.74,51.93,67.71,1.99,8.0,3.0,71.6,Medium Risk
STU-DD9B34AE,2,49.07,55.76,59.09,70.81,1.35,3.0,0.0,92.89,Low Risk
STU-767C60B1,3,76.2,69.68,70.74,87.27,1.95,1.0,4.0,17.99,Low Risk
STU-EEED2A24,4,36.83,69.25,99.56,72.15,2.93,7.0,1.0,67.11,Medium Risk
STU-4BA2A8EE,4,57.18,79.1,80.89,19.12,3.38,6.0,5.0,64.53,Medium Risk
STU-D8781C2E,3,83.59,77.95,60.93,68.1,3.93,0.0,1.0,35.04,Low Risk
STU-4E24DF45,3,87.52,83.45,80.5,25.3,3.28,5.0,0.0,85.1,Low Risk
STU-B92B59A7,4,51.44,38.74,55.39,11.28,2.48,9.0,7.0,15.56,High Risk
STU-0954ACCA,4,70.06,49.64,41.43,29.28,1.88,4.0,4.0,93.98,Medium Risk
STU-F0C85AA5,4,69.35,50.56,37.27,23.9,3.78,1.0,5.0,65.84,Medium Risk
STU-C1A6BAF8,3,62.39,96.47,48.96,19.19,2.6,4.0,1.0,56.73,Medium Risk
STU-CFA109E7,2,49.85,52.74,15.19,29.35,3.07,5.0,1.0,77.91,Medium Risk
STU-892E9587,1,80.71,37.75,30.04,60.72,2.42,9.0,1.0,95.09,Medium Risk
STU-5B6A8FC1,2,51.4,70.59,25.76,23.63,1.73,5.0,0.0,84.86,Medium Risk
STU-0E76B54F,4,94.22,54.18,96.63,35.15,2.64,1.0,1.0,63.26,Low Risk
STU-5E6459D7,4,69.35,40.01,20.51,86.46,3.52,0.0,7.0,25.71,Medium Risk
STU-C92B8FBD,2,91.58,77.21,57.58,89.92,2.15,3.0,7.0,47.36,Medium Risk
STU-4FBD3C03,2,53.9,35.35,93.18,39.98,3.01,3.0,4.0,89.21,Medium Risk
STU-55BC8AA1,2,87.46,70.67,66.64,90.91,1.13,8.0,5.0,87.35,Medium Risk
STU-658229D1,2,42.39,54.44,57.1,62.72,3.81,0.0,6.0,50.68,Medium Risk
STU-AF27614F,3,84.84,45.53,78.15,30.37,3.91,9.0,6.0,55.22,High Risk
STU-0435E5C7,2,60.15,95.68,45.04,77.89,2.16,0.0,4.0,73.16,Low Risk
STU-E1F90A79,1,65.55,45.95,31.47,92.99,2.5,7.0,5.0,52.34,Medium Risk
STU-22B62DB8,2,45.84,47.8,87.02,69.33,1.48,4.0,3.0,22.61,Medium Risk
STU-F6C937B5,1,36.21,89.65,19.81,28.12,1.59,8.0,1.0,77.01,Medium Risk
STU-4326253F,4,78.3,30.32,83.66,17.73,2.81,5.0,3.0,70.25,Medium Risk
STU-83ED9FA3,2,73.2,28.65,23.79,30.65,2.88,9.0,7.0,31.89,High Risk
STU-6883B280,4,75.46,42.62,68.17,40.47,2.02,2.0,7.0,83.24,High Risk
STU-DAA8BEB5,1,51.58,67.33,55.55,40.04,2.12,0.0,3.0,84.41,Low Risk
STU-8E2217B8,1,50.55,50.74,99.88,54.87,2.52,9.0,7.0,36.0,High Risk
STU-7B9FAC05,3,88.97,68.68,47.97,55.47,3.82,5.0,7.0,27.02,Medium Risk
STU-589C48E7,3,84.48,32.78,96.37,52.43,1.45,2.0,7.0,31.68,Medium Risk
STU-2B4A8420,3,56.89,40.92,49.32,40.94,2.65,3.0,1.0,56.92,Low Risk
STU-946DBE0F,1,76.46,65.21,72.94,19.61,1.17,2.0,3.0,42.14,Medium Risk
STU-19B3AB02,1,88.83,37.37,69.71,47.65,2.38,6.0,1.0,72.24,Medium Risk
STU-C1655EAA,3,92.77,53.82,22.35,98.72,2.19,8.0,2.0,59.31,Medium Risk
STU-647B213E,1,35.38,65.81,78.19,68.85,1.49,4.0,4.0,72.05,Medium Risk
STU-06C0552A,2,87.88,97.89,32.74,49.58,1.49,5.0,2.0,33.77,Medium Risk
STU-F2B95D8F,3,57.78,26.39,48.02,17.51,2.35,4.0,6.0,65.25,High Risk
STU-8D92B75E,1,81.69,56.83,81.49,29.19,1.38,2.0,5.0,90.07,Medium Risk
STU-1E586FC2,1,59.14,51.7,95.27,61.72,1.88,2.0,0.0,64.61,Low Risk
STU-3419E766,1,74.41,85.94,62.58,54.81,1.21,3.0,0.0,73.55,Medium Risk
STU-9137CAD9,4,77.04,92.02,59.15,11.73,1.89,4.0,3.0,95.77,Medium Risk
STU-B4740AD6,2,61.32,92.56,57.92,17.76,2.6,6.0,2.0,90.35,Medium Risk
STU-5391B112,4,68.33,50.01,84.41,42.04,3.23,8.0,2.0,34.12,Medium Risk
STU-D9A97699,2,82.21,44.37,99.41,22.67,3.49,4.0,1.0,84.38,Low Risk
STU-4F0D2EB2,3,65.96,55.93,68.86,96.21,2.01,1.0,3.0,98.3,Low Risk
STU-A197DF9C,1,35.91,47.52,47.18,13.07,3.82,8.0,4.0,82.04,High Risk
STU-F8C74D2F,2,35.84,77.51,33.59,97.66,1.72,4.0,2.0,25.94,Medium Risk
STU-3A29C253,4,77.99,37.09,31.9,69.09,1.24,5.0,2.0,67.72,Medium Risk
STU-9FF31AE1,4,90.07,72.69,87.77,46.65,3.78,8.0,6.0,70.49,Medium Risk
STU-49A477E4,4,86.04,94.16,99.35,58.55,2.62,3.0,1.0,27.53,Low Risk
STU-779B325F,4,55.18,42.39,74.33,46.91,2.05,2.0,1.0,62.18,Medium Risk
STU-1652B497,1,65.62,74.15,96.25,61.59,3.69,3.0,4.0,93.47,Low Risk
STU-7EFE1459,2,50.22,31.48,44.75,23.68,3.33,7.0,3.0,40.11,High Risk
STU-CCBAE406,2,99.29,29.71,68.35,20.8,3.5,6.0,1.0,83.63,Low Risk
STU-54A7C155,4,51.93,29.25,58.49,57.57,1.88,6.0,0.0,69.7,Medium Risk
STU-10176374,2,62.06,31.08,55.97,16.42,3.62,0.0,2.0,72.34,Low Risk
STU-974BA2BB,4,79.27,37.29,68.75,36.32,2.95,1.0,0.0,40.46,Low Risk
STU-B25FAB09,2,91.94,65.03,41.38,93.42,3.21,2.0,0.0,79.35,Low Risk
STU-4A0A2912,3,38.35,81.36,69.45,88.86,1.94,0.0,2.0,69.12,Low Risk
STU-2B692D9E,1,54.57,30.15,72.19,84.83,1.74,8.0,2.0,59.55,Medium Risk
STU-7DFE0138,2,71.98,89.6,86.07,55.64,2.22,8.0,1.0,56.7,Medium Risk
STU-AC4191E6,3,75.19,87.42,77.09,12.51,2.73,4.0,6.0,41.09,High Risk
STU-B511232D,2,39.55,78.19,42.18,20.92,3.0,3.0,6.0,32.18,Medium Risk
STU-2927CB46,4,78.17,54.08,53.32,92.75,2.49,2.0,3.0,80.2,Low Risk
STU-292BB40A,3,69.32,20.12,25.23,85.28,3.1,8.0,2.0,31.96,Medium Risk
STU-5BF9BE00,3,88.8,78.78,36.87,43.89,3.12,1.0,3.0,29.23,Medium Risk
STU-E3A60EE6,4,49.44,90.32,59.28,75.61,3.0,7.0,2.0,87.35,Medium Risk
STU-CC2D581B,3,47.68,46.82,23.56,86.91,1.75,6.0,5.0,21.8,High Risk
STU-D928D1D1,3,86.57,77.44,63.5,65.83,2.34,1.0,6.0,28.04,Medium Risk
STU-3F58D18E,1,80.75,24.96,48.17,86.82,3.3,2.0,0.0,22.74,Low Risk
STU-192E1D01,2,86.46,76.76,17.96,32.02,3.66,1.0,0.0,96.45,Low Risk
STU-74EB07BE,3,85.83,25.46,51.93,51.59,2.5,2.0,6.0,23.91,Medium Risk
STU-C797AAD7,4,41.76,66.97,38.9,62.11,3.96,3.0,4.0,15.51,Low Risk
STU-5F12BCE5,2,53.11,67.8,20.69,66.8,1.52,4.0,1.0,67.06,Medium Risk
STU-64BAD0D3,1,51.91,44.17,39.94,98.83,1.67,1.0,6.0,75.65,Medium Risk
STU-D435AAB5,3,95.75,26.33,40.0,86.13,2.38,6.0,6.0,30.1,Medium Risk
STU-B68FB897,1,66.69,95.95,45.18,14.97,2.53,3.0,1.0,44.65,Medium Risk
STU-E7DEF510,3,42.22,62.85,46.15,25.22,2.27,0.0,2.0,41.33,Medium Risk
STU-6E4A662F,3,53.82,66.38,51.53,69.14,2.29,3.0,2.0,76.53,Medium Risk
STU-9A517919,2,91.67,69.2,22.82,31.65,2.46,8.0,7.0,48.5,High Risk
STU-2601C469,4,90.06,91.28,15.45,24.31,1.96,4.0,1.0,59.93,Medium Risk
STU-B5429E2A,2,93.52,24.82,77.56,70.0,1.39,1.0,4.0,81.0,Low Risk
STU-EB37297C,3,60.25,91.46,43.67,58.28,3.87,5.0,6.0,56.93,Medium Risk
STU-09EDC388,1,76.69,39.17,67.16,82.47,3.38,6.0,2.0,76.68,Low Risk
STU-43D3F4D0,2,53.08,26.24,41.1,38.74,3.44,1.0,3.0,63.16,Medium Risk
STU-80FEC6DB,4,46.75,72.58,98.66,39.67,2.09,9.0,2.0,75.58,High Risk
STU-A9E24EC0,1,36.42,98.16,41.81,23.54,2.21,1.0,3.0,22.71,Medium Risk
STU-A201ACFD,2,49.52,24.58,66.43,68.7,3.81,9.0,7.0,98.15,Medium Risk
STU-2F33B9DA,2,74.28,54.09,33.7,73.8,3.92,2.0,3.0,22.39,Low Risk
STU-91CC3F6B,1,93.77,62.38,59.01,22.46,3.83,9.0,7.0,69.07,Medium Risk
STU-EC98A9A4,2,43.67,40.17,64.24,32.87,2.93,3.0,0.0,16.97,Medium Risk
STU-722A693A,1,94.67,98.63,30.54,23.88,1.73,4.0,5.0,58.96,Medium Risk
STU-3DD4A8B7,4,57.45,71.28,25.51,77.29,2.81,2.0,5.0,23.16,Medium Risk
STU-A9F7FD47,3,62.74,87.55,97.76,28.82,2.77,3.0,6.0,22.65,Medium Risk
STU-B69B4984,2,58.72,53.26,90.93,23.7,3.72,6.0,5.0,39.22,Medium Risk
STU-41BD03A5,3,61.56,48.32,71.11,16.29,1.94,5.0,7.0,35.54,High Risk
STU-FA4300A0,1,51.85,64.25,88.19,84.82,1.6,1.0,7.0,26.63,Medium Risk
STU-5A85AF9F,2,80.41,54.82,23.12,21.16,1.8,6.0,0.0,64.23,Medium Risk
STU-8505E6E2,1,84.28,77.2,77.0,12.67,1.73,1.0,4.0,90.26,Low Risk
STU-776E6E7E,1,88.5,41.27,39.28,15.79,2.95,2.0,6.0,92.98,Medium Risk
STU-B93BBD3F,4,57.18,55.97,60.86,43.01,3.44,0.0,5.0,39.68,Medium Risk
STU-55FE57AE,1,84.7,91.61,80.01,63.7,2.1,5.0,0.0,88.49,Low Risk
STU-6081C057,4,76.45,80.49,17.85,45.84,1.53,9.0,7.0,97.24,High Risk
STU-A2907F6D,2,97.26,33.45,74.06,50.99,2.03,3.0,3.0,41.53,Medium Risk
STU-F6D1693D,1,62.61,90.95,51.96,92.74,2.64,8.0,4.0,94.66,Medium Risk
STU-33F245FF,3,99.5,67.12,52.37,78.3,2.99,3.0,0.0,51.21,Low Risk
STU-03924837,3,83.13,74.34,92.12,40.69,2.65,9.0,0.0,54.44,Medium Risk
STU-16FEA4F0,2,85.46,43.54,88.08,23.89,1.77,5.0,5.0,55.83,High Risk
STU-022F20C1,2,36.67,55.32,19.89,77.43,3.75,7.0,3.0,77.15,Medium Risk
STU-1172D0D0,1,67.33,84.54,67.56,61.62,2.31,4.0,2.0,37.15,Medium Risk
STU-6C03F5A9,4,69.34,46.45,52.05,96.6,2.38,2.0,5.0,35.43,Low Risk
STU-67801418,2,37.64,33.2,25.01,91.76,3.9,8.0,6.0,68.51,Medium Risk
STU-99B2F253,1,55.29,50.26,87.34,60.73,3.61,2.0,4.0,62.4,Low Risk
STU-16CF2BBE,4,97.12,25.54,21.08,16.29,3.42,8.0,0.0,21.04,Medium Risk
STU-98BA4D80,1,62.7,77.43,17.73,12.79,1.55,1.0,3.0,91.71,Medium Risk
STU-EC1482BA,1,47.14,31.82,31.79,85.38,3.51,7.0,7.0,39.71,High Risk
STU-E273D61D,2,68.37,42.81,40.79,72.82,2.37,5.0,0.0,78.83,Medium Risk
STU-39B479D4,3,37.19,90.49,20.17,60.41,1.63,8.0,2.0,64.17,High Risk
STU-124D7215,1,68.54,63.24,69.51,72.0,3.97,4.0,1.0,63.64,Low Risk
STU-FD6CFEDC,2,73.63,45.71,52.16,58.58,1.52,3.0,4.0,87.99,Medium Risk
STU-BBA77279,4,58.25,63.81,50.04,62.05,3.77,1.0,6.0,89.84,Low Risk
STU-E682CFC2,1,84.57,37.46,27.35,30.33,1.0,0.0,4.0,62.61,Medium Risk
STU-2F8D7E0B,2,43.82,22.01,52.21,51.0,2.31,3.0,3.0,51.42,Medium Risk
STU-328D4507,2,92.08,68.3,48.16,11.0,1.09,7.0,6.0,67.71,High Risk
STU-87251656,3,97.1,77.13,47.61,70.19,3.74,9.0,5.0,25.17,Medium Risk
STU-DD6D89B5,4,35.08,90.38,33.58,39.91,1.38,8.0,3.0,50.7,High Risk
STU-C350DF8D,2,89.78,81.75,23.03,69.07,3.02,0.0,0.0,71.27,Low Risk
STU-4D787E05,1,67.9,94.13,37.16,93.38,2.89,1.0,4.0,79.86,Low Risk
STU-E9C980C8,2,64.99,98.88,71.72,63.25,3.34,2.0,5.0,76.31,Low Risk
STU-F46DA641,1,50.51,79.59,21.2,39.53,3.24,7.0,0.0,29.84,Medium Risk
STU-EDBE98A6,3,64.08,89.43,47.5,28.64,1.1,8.0,1.0,66.98,Medium Risk
STU-E40A4B13,1,96.78,73.9,58.72,32.65,2.17,2.0,5.0,22.68,Medium Risk
STU-F26772C7,2,48.7,33.68,96.87,98.86,1.97,3.0,4.0,65.66,Medium Risk
STU-0D997CD8,2,46.64,34.54,86.73,65.38,3.92,7.0,6.0,78.4,Medium Risk
STU-4D0BF401,1,50.72,28.82,92.91,49.65,3.32,2.0,1.0,68.67,Low Risk
STU-27430500,3,70.87,95.44,84.7,30.79,3.12,5.0,0.0,68.12,Low Risk
STU-44600E43,1,95.47,73.82,65.07,79.57,2.33,0.0,5.0,70.52,Low Risk
STU-F76AA431,4,72.3,83.19,88.17,44.87,3.67,6.0,7.0,50.53,Medium Risk
STU-920D7031,2,50.83,46.49,63.05,37.1,1.05,4.0,6.0,47.72,High Risk
STU-D4514F30,4,63.63,56.83,45.41,30.01,1.69,3.0,2.0,52.82,Medium Risk
STU-7B835051,2,60.38,23.18,46.65,26.71,3.09,7.0,1.0,32.96,Medium Risk
STU-C19FF4D4,3,38.03,91.12,63.06,34.6,2.53,7.0,6.0,53.58,High Risk
STU-595433C2,1,68.19,88.24,83.8,66.45,2.6,6.0,5.0,91.89,Medium Risk
STU-A9D1C5D8,3,43.19,82.78,26.36,31.59,2.25,0.0,7.0,39.71,High Risk
STU-AF418B6E,2,89.75,24.66,18.34,15.45,1.5,9.0,2.0,51.64,High Risk
STU-FDCA7061,2,70.68,33.94,82.11,42.31,1.5,5.0,4.0,69.91,High Risk
STU-D0F50F24,3,89.9,46.73,70.05,62.64,1.88,2.0,2.0,80.21,Low Risk
STU-B5D45D78,3,97.14,41.05,84.81,15.42,2.4,7.0,2.0,15.77,High Risk
STU-4ED479E0,3,96.31,87.08,98.02,50.74,3.47,9.0,5.0,71.45,Medium Risk
STU-EF1C82EF,1,41.53,35.59,36.37,14.71,2.34,2.0,0.0,27.19,Medium Risk
STU-CA0726FB,1,96.41,62.57,31.51,79.14,3.69,7.0,0.0,78.23,Low Risk
STU-72B1B8CA,3,86.72,65.71,43.98,88.47,1.36,4.0,6.0,26.56,Medium Risk
STU-D8AAE86A,1,85.55,54.0,89.63,96.74,1.82,4.0,0.0,78.76,Low Risk
STU-D01D562F,1,40.86,39.26,16.19,72.21,1.21,7.0,0.0,95.39,Medium Risk
STU-9611B7D1,1,46.67,96.82,15.9,66.89,2.53,2.0,6.0,34.0,Medium Risk
STU-9523FB98,1,98.39,53.07,33.43,72.47,1.27,3.0,4.0,15.74,Medium Risk
STU-2BE763ED,2,48.87,78.18,46.95,86.92,3.39,0.0,6.0,24.43,Low Risk
STU-54D7D694,3,45.99,34.72,40.7,82.64,1.12,8.0,7.0,93.14,High Risk
STU-C1D96245,4,58.55,85.82,85.12,49.46,2.43,2.0,0.0,54.98,Low Risk
STU-FE5F3A60,2,94.37,37.27,73.63,68.6,2.26,7.0,4.0,60.7,Medium Risk
STU-C8C24295,4,65.95,74.02,86.22,24.57,1.61,0.0,4.0,28.01,Medium Risk
STU-F3CD0690,3,94.84,60.52,47.62,72.54,2.76,0.0,5.0,98.9,Medium Risk
STU-508406BC,4,56.73,31.72,65.64,75.77,2.16,5.0,7.0,30.51,High Risk
STU-0957C6FC,4,49.72,22.0,58.81,82.12,1.59,5.0,2.0,66.19,Medium Risk
STU-8DD14018,3,67.19,94.46,55.35,83.59,3.48,6.0,4.0,63.4,Medium Risk
STU-538B8804,2,75.01,30.06,39.49,49.59,2.98,0.0,0.0,20.56,Low Risk
STU-2515B20C,1,60.45,76.4,75.28,91.32,1.04,2.0,6.0,99.7,Medium Risk
STU-F5DBBAFF,1,57.49,72.21,59.54,98.29,2.51,3.0,3.0,61.75,Low Risk
STU-AA43BFF7,4,49.17,47.34,21.68,98.02,1.81,8.0,7.0,28.22,High Risk
STU-681B8807,4,52.88,34.83,15.04,62.72,3.75,7.0,2.0,79.16,Medium Risk
STU-9EE1F1DB,3,78.75,34.27,16.73,60.35,3.18,3.0,6.0,48.36,High Risk
STU-0F8A98D7,4,59.04,66.83,21.46,51.16,2.83,9.0,4.0,71.96,High Risk
STU-AF84DA1D,4,40.18,63.75,46.53,36.98,1.27,6.0,2.0,33.99,Medium Risk
STU-684E9EF1,2,43.98,90.07,40.98,40.04,3.79,8.0,5.0,93.39,Medium Risk
STU-4472CFEE,3,59.2,71.2,28.31,29.42,1.43,9.0,4.0,18.48,High Risk
STU-B0C382AE,2,95.09,85.54,58.81,96.02,2.35,9.0,4.0,16.72,Medium Risk
STU-94078E8F,2,59.64,22.59,97.47,65.78,3.04,7.0,2.0,88.51,Medium Risk
STU-3F21723F,1,38.94,73.68,28.66,94.1,2.48,4.0,2.0,61.26,Medium Risk
STU-2FF59FE9,2,62.17,38.7,36.3,44.84,3.65,8.0,1.0,44.03,Medium Risk
STU-6F4A92C5,3,78.47,40.23,54.28,36.84,3.51,4.0,1.0,27.0,Low Risk
STU-6A98A7BC,2,73.58,77.65,69.47,21.95,1.41,2.0,0.0,20.08,Low Risk
STU-7EAD0DCA,4,53.12,83.47,66.02,37.02,2.85,5.0,4.0,40.12,Medium Risk
STU-AF17FEDA,2,79.73,49.74,59.3,90.11,1.16,2.0,2.0,83.94,Low Risk
STU-B0BF82F5,1,75.99,83.21,77.67,62.4,3.16,1.0,6.0,31.36,Low Risk
STU-2BC85CDA,4,46.19,55.5,86.91,50.72,3.21,6.0,5.0,98.26,Medium Risk
STU-FF05736A,3,45.54,88.61,99.91,61.14,2.03,2.0,5.0,82.29,Medium Risk
STU-0A12C963,1,70.57,21.99,54.57,90.34,3.36,4.0,7.0,16.0,High Risk
STU-5F3C6BCE,2,77.86,26.68,99.57,27.35,2.96,8.0,3.0,61.72,Medium Risk
STU-7CA5E54C,2,97.52,82.11,77.09,96.91,2.51,3.0,5.0,48.65,Low Risk
STU-370142A8,4,62.43,69.93,70.87,69.96,2.37,8.0,6.0,52.74,Medium Risk
STU-48433ADE,3,84.72,64.72,69.37,86.98,1.33,5.0,5.0,52.7,High Risk
STU-3482E839,1,42.57,69.12,92.41,57.29,2.59,2.0,2.0,87.35,Low Risk
STU-9E56CE01,2,92.82,94.42,95.57,31.3,1.47,0.0,6.0,73.28,Medium Risk
STU-72C822FD,4,76.15,72.44,30.17,61.07,2.97,7.0,1.0,39.71,Low Risk
STU-7C63BD2C,3,75.89,71.8,56.94,16.11,2.78,9.0,6.0,58.83,High Risk
STU-78592619,4,44.26,80.76,95.02,86.7,1.87,3.0,6.0,56.39,Medium Risk
STU-F56F0252,1,37.57,89.33,47.48,68.46,1.74,5.0,2.0,39.4,Medium Risk
STU-3F3D647F,4,80.59,40.95,34.78,35.46,2.43,1.0,5.0,67.74,Medium Risk
STU-9D1E88AF,3,42.61,69.34,23.73,34.7,2.54,3.0,3.0,68.69,Medium Risk
STU-B95AD55B,3,43.25,66.72,65.76,91.25,3.39,7.0,2.0,24.12,Low Risk
STU-2AE38445,2,47.19,30.79,74.52,85.68,1.91,1.0,2.0,22.58,Medium Risk
STU-B2D14C7D,4,41.35,61.63,31.62,78.68,2.21,5.0,7.0,17.52,High Risk
STU-570D7BA1,3,75.65,25.56,72.26,47.33,2.03,1.0,3.0,65.35,Medium Risk
STU-FD97862D,4,62.43,34.8,91.47,88.53,2.18,7.0,1.0,99.65,Low Risk
STU-2A0B2792,2,52.3,93.04,35.7,32.22,2.7,2.0,7.0,92.24,High Risk
STU-92CC4B82,1,63.65,29.54,25.37,12.18,2.67,8.0,2.0,54.18,High Risk
STU-E7BA2D20,2,89.87,66.31,86.01,48.95,2.08,5.0,5.0,42.1,Medium Risk
STU-4DF10C2E,2,95.26,45.88,92.9,92.76,2.81,2.0,1.0,77.33,Low Risk
STU-4A569600,2,66.69,64.43,33.26,61.41,2.85,1.0,3.0,43.5,Medium Risk
STU-2F700BCB,2,71.84,38.8,76.32,30.65,2.58,7.0,2.0,17.95,Medium Risk
STU-E30D1C81,2,51.72,55.55,65.23,68.57,2.36,3.0,2.0,58.97,Low Risk
STU-7D2514B9,4,68.38,89.39,35.33,77.05,1.23,7.0,4.0,42.26,High Risk
STU-8C4C04D0,1,83.63,50.1,85.01,59.53,2.62,6.0,0.0,18.76,Low Risk
STU-41AE0E29,2,66.99,48.24,54.99,85.83,3.14,1.0,6.0,79.58,Medium Risk
STU-1E0D462B,4,54.63,55.69,74.53,63.31,1.65,6.0,3.0,63.72,Medium Risk
STU-6F510919,3,72.83,28.04,40.62,18.64,3.33,3.0,5.0,44.66,Medium Risk
STU-2EC28255,3,96.53,50.99,84.34,82.86,2.76,5.0,1.0,50.43,Low Risk
STU-FC089E6A,2,92.72,20.55,37.46,23.17,1.71,7.0,3.0,21.65,High Risk
STU-B3C60F4D,2,85.0,60.27,46.01,89.45,1.49,8.0,7.0,25.5,High Risk
STU-64844EB8,1,52.95,87.84,48.27,56.97,1.74,3.0,4.0,50.62,Medium Risk
STU-0D8E8384,2,50.7,64.17,32.55,75.87,3.28,2.0,5.0,27.86,Medium Risk
STU-FAA37E11,4,89.5,68.62,89.32,97.49,1.75,1.0,3.0,31.15,Low Risk
STU-58145F98,3,46.79,22.45,24.65,48.87,3.05,3.0,0.0,46.34,Low Risk
STU-4B39AE4D,1,74.36,88.76,62.87,51.37,2.64,1.0,5.0,59.54,Low Risk
STU-DF420900,4,63.53,50.8,84.2,84.33,2.64,2.0,6.0,62.39,Medium Risk
STU-2B9539F3,2,65.42,97.99,64.38,19.92,3.56,0.0,3.0,56.61,Low Risk
STU-4F98EA1E,1,64.55,29.64,42.79,12.49,3.62,6.0,1.0,21.2,Medium Risk
STU-2648CF0E,4,93.5,95.57,81.42,64.39,2.61,5.0,5.0,21.79,Medium Risk
STU-A038DA86,1,40.66,70.74,57.43,25.08,1.2,0.0,1.0,32.48,Low Risk
STU-5142BA4E,4,85.89,24.19,28.86,33.02,1.48,8.0,0.0,89.46,Medium Risk
STU-94624EB1,2,89.28,97.74,41.93,97.87,3.85,5.0,4.0,24.48,Low Risk
STU-481A2D2E,3,96.29,21.11,65.31,68.78,1.4,4.0,5.0,76.38,Medium Risk
STU-1667B731,2,64.42,78.46,71.0,87.02,3.51,0.0,6.0,84.65,Low Risk
STU-94F291E5,1,67.5,91.16,61.59,90.8,2.62,9.0,2.0,23.92,Medium Risk
STU-236DC250,3,97.48,34.06,38.12,20.92,1.34,4.0,2.0,65.72,Medium Risk
STU-E9932F36,4,64.8,47.47,65.47,93.5,3.76,1.0,7.0,80.37,Low Risk
STU-8F8345AA,3,67.73,64.9,43.26,87.99,3.78,6.0,0.0,83.27,Low Risk
STU-0B48219C,3,56.6,74.38,34.12,14.08,2.85,5.0,6.0,17.46,High Risk
STU-A696102A,4,37.06,89.75,95.37,97.95,2.17,3.0,0.0,60.49,Low Risk
STU-1351EC82,1,63.15,80.89,41.76,51.25,2.82,2.0,1.0,30.84,Low Risk
STU-5905E70D,1,77.58,49.07,43.53,97.7,2.88,4.0,0.0,90.59,Low Risk
STU-4AD58C2D,1,79.85,85.74,91.23,84.15,2.87,2.0,7.0,54.51,Medium Risk
STU-6EDCB25C,3,35.42,97.29,27.13,49.61,3.2,8.0,6.0,50.34,High Risk
STU-1822DDB9,4,87.07,38.16,64.69,56.04,1.2,5.0,1.0,32.58,Medium Risk
STU-0E3B284C,3,67.01,25.93,81.62,34.76,1.31,9.0,3.0,31.68,High Risk
STU-4E8AB776,4,68.85,54.13,38.26,53.82,1.85,1.0,1.0,99.26,Low Risk
STU-AD681427,3,97.51,90.51,86.75,19.67,2.05,6.0,1.0,20.75,Medium Risk
STU-3D414894,2,53.49,32.02,80.42,91.78,2.91,7.0,3.0,18.58,Medium Risk
STU-1843F3B0,1,84.51,90.86,56.32,74.19,1.52,8.0,1.0,37.6,Medium Risk
STU-22413947,4,72.36,99.38,25.09,82.47,2.62,3.0,7.0,46.15,Medium Risk
STU-D451B301,1,80.55,24.32,97.46,57.8,1.56,0.0,2.0,48.0,Low Risk
STU-3ED02F99,2,62.16,59.62,68.06,21.31,2.07,7.0,1.0,31.3,Medium Risk
STU-6B7DFA1F,2,53.15,46.31,58.95,58.35,3.81,9.0,7.0,94.82,Medium Risk
STU-2AFC3E33,1,70.5,51.49,90.26,39.63,3.69,0.0,0.0,91.68,Low Risk
STU-4EAB0D85,3,59.37,56.13,50.82,10.91,3.86,4.0,1.0,57.27,Medium Risk
STU-E074FBE0,1,49.49,79.18,62.91,65.35,2.77,1.0,3.0,79.06,Low Risk
STU-18B6CE55,4,89.55,67.3,87.97,86.83,2.5,7.0,0.0,34.11,Low Risk
STU-A9F7F6D2,2,65.93,96.9,48.4,73.95,3.55,4.0,5.0,87.66,Low Risk
STU-B8C84A36,3,90.08,46.62,80.65,30.12,1.24,5.0,3.0,50.01,Medium Risk
STU-DA16B3EF,3,65.81,63.32,36.77,83.72,3.94,6.0,3.0,26.35,Medium Risk
STU-2BF64FE1,3,71.19,85.07,74.7,37.85,2.39,3.0,2.0,82.41,Low Risk
STU-A56E79B3,4,99.69,49.84,58.39,29.66,3.03,4.0,5.0,55.86,Medium Risk
STU-AFFB652F,1,96.85,57.22,29.02,96.5,3.19,8.0,4.0,66.6,Medium Risk
STU-C175B3B0,1,52.66,74.8,26.56,11.49,2.89,5.0,2.0,92.91,Medium Risk
STU-E7300222,1,91.46,88.86,53.9,25.08,3.67,7.0,6.0,63.65,Medium Risk
STU-8FA43619,4,60.38,53.25,75.42,52.03,1.86,3.0,3.0,37.63,Medium Risk
STU-527C608C,4,39.63,62.56,66.28,25.04,2.6,3.0,6.0,44.15,High Risk
STU-F1C65EBE,2,72.43,98.01,87.65,25.02,2.29,7.0,3.0,87.8,Medium Risk
STU-0D0FB5AD,3,98.51,23.4,48.12,67.09,3.11,2.0,6.0,84.1,Medium Risk
STU-E82719DF,1,98.33,55.86,86.71,83.71,2.19,4.0,3.0,77.87,Low Risk
STU-ECFB4291,1,43.22,70.88,18.15,69.55,3.68,2.0,3.0,25.96,Low Risk
STU-F00DCD69,3,85.13,20.67,46.09,19.13,2.47,0.0,3.0,31.52,Low Risk
STU-56C731DE,1,87.18,67.74,21.2,90.58,2.61,2.0,7.0,74.75,Medium Risk
STU-12AABA09,2,58.97,24.5,93.14,93.05,2.48,5.0,2.0,38.64,Medium Risk
STU-1F5779ED,3,77.81,88.6,55.4,35.29,2.87,5.0,4.0,75.46,Medium Risk
STU-24D6B63F,3,66.73,84.57,41.87,59.78,2.53,6.0,3.0,73.94,Medium Risk
STU-A8489AEF,2,49.81,22.58,56.86,53.67,3.81,2.0,5.0,65.03,Medium Risk
STU-6CC995E2,3,84.48,23.9,60.29,70.14,1.39,8.0,4.0,99.01,High Risk
STU-FE571B69,2,52.08,80.29,86.93,98.02,1.04,9.0,0.0,89.33,Low Risk
STU-67784212,1,57.13,49.56,61.11,98.77,2.57,8.0,1.0,25.25,Medium Risk
STU-555B1B89,3,47.35,66.0,51.67,55.82,3.29,1.0,5.0,77.33,Medium Risk
STU-23480E26,1,81.75,41.63,96.72,18.28,2.94,7.0,3.0,87.13,Medium Risk
STU-CD954985,1,64.82,33.84,97.33,40.1,3.89,1.0,5.0,89.11,Low Risk
STU-79B4FC52,2,63.82,43.69,18.27,47.22,1.55,1.0,6.0,58.71,Medium Risk
STU-D6BEF4BD,4,74.3,39.74,75.08,58.12,3.08,5.0,6.0,87.9,Medium Risk
STU-8A5DB746,1,45.22,55.86,46.6,96.43,3.45,7.0,7.0,87.62,High Risk
STU-5CD1E2B2,1,93.38,79.73,72.39,33.62,3.74,0.0,7.0,62.08,Medium Risk
STU-BB1EE2FE,1,65.23,64.33,69.14,58.3,2.59,7.0,6.0,61.0,High Risk
STU-53D89564,2,58.82,68.73,43.06,36.19,2.09,7.0,6.0,67.3,High Risk
STU-14258912,3,43.23,57.61,98.87,92.75,3.87,3.0,5.0,28.37,Medium Risk
STU-AEC5F06A,1,45.92,45.98,45.35,99.1,3.37,5.0,3.0,77.81,Low Risk
STU-B66EDAB3,4,94.82,31.48,68.72,88.37,2.41,1.0,5.0,90.68,Low Risk
STU-BC0BE858,3,64.68,48.37,84.14,40.49,2.95,0.0,3.0,62.6,Low Risk
STU-843AC161,3,81.94,73.22,27.36,35.01,1.84,6.0,5.0,77.63,High Risk
STU-8D29CD37,2,40.23,78.7,40.55,48.81,2.84,6.0,6.0,59.4,Medium Risk
STU-5334FACB,2,76.83,57.53,31.91,77.28,2.62,2.0,1.0,62.76,Low Risk
STU-5584B5BA,2,94.9,71.6,81.45,10.84,1.12,2.0,7.0,64.05,High Risk
STU-4A209708,2,54.5,36.84,83.1,99.56,3.6,9.0,4.0,36.73,Medium Risk
STU-08073C87,1,72.64,88.81,36.76,89.51,2.47,0.0,5.0,80.05,Low Risk
STU-560B90DC,3,96.11,89.27,15.35,12.14,2.44,0.0,2.0,50.43,Low Risk
STU-F832D763,2,81.76,45.63,50.98,44.39,1.85,1.0,3.0,20.09,Medium Risk
STU-BCB020A7,1,39.05,63.82,73.41,71.91,1.59,9.0,1.0,56.2,Medium Risk
STU-392BE243,1,59.62,68.53,67.91,31.73,1.87,2.0,0.0,25.57,Medium Risk
STU-F154B6B5,1,40.58,57.79,52.88,22.86,2.95,3.0,1.0,82.93,Medium Risk
STU-2126317C,4,90.99,92.89,40.67,66.64,1.29,7.0,3.0,29.57,Medium Risk
STU-07C14CD5,1,75.41,79.18,55.32,91.32,2.0,4.0,6.0,91.75,Medium Risk
STU-9484F427,4,97.16,73.8,16.28,96.0,3.94,1.0,7.0,90.51,Low Risk
STU-FCCD0A94,3,36.28,61.61,21.28,10.92,1.81,6.0,6.0,90.51,High Risk
STU-16C4743C,4,62.5,26.79,28.83,88.7,3.9,7.0,4.0,41.94,Medium Risk
STU-A8A8ECA4,2,41.78,28.63,68.16,60.47,1.31,2.0,4.0,41.94,High Risk
STU-EFA315FB,4,57.78,43.92,33.6,31.39,3.38,5.0,6.0,45.79,Medium Risk
STU-0CDD0F57,1,45.52,36.92,50.99,65.52,2.32,9.0,0.0,89.87,Medium Risk
STU-D0EE8E4F,3,56.37,96.2,67.82,99.62,1.58,7.0,3.0,47.42,Medium Risk
STU-F0489277,1,88.25,52.79,85.6,34.86,3.36,9.0,0.0,63.12,Low Risk
STU-82F7BA6F,2,45.45,90.13,61.72,34.92,1.02,5.0,5.0,97.54,High Risk
STU-66C34176,3,65.79,85.45,30.06,72.9,2.04,9.0,7.0,74.35,High Risk
STU-CB4B775A,3,94.9,85.01,95.9,13.89,2.81,5.0,0.0,82.71,Medium Risk
STU-B1E6AED0,2,99.92,37.26,22.65,83.85,1.69,7.0,3.0,54.02,Medium Risk
STU-41126432,1,51.29,55.79,46.21,68.73,2.0,0.0,6.0,79.38,Medium Risk
STU-23F30A3D,3,95.81,45.44,93.31,85.71,1.27,1.0,4.0,82.89,Medium Risk
STU-8DBC76C7,2,51.99,97.63,66.2,30.77,3.56,2.0,4.0,73.07,Medium Risk
STU-C71BB1A7,1,61.88,90.14,71.33,86.25,2.27,6.0,4.0,99.94,Medium Risk
STU-9627B76B,4,92.07,39.99,40.64,50.38,1.44,0.0,4.0,21.71,Medium Risk
STU-BDE8CC3E,4,86.1,45.08,21.68,21.95,1.6,3.0,4.0,85.74,Medium Risk
STU-5D4EA209,4,90.74,62.31,46.09,91.13,1.83,2.0,7.0,33.44,Medium Risk
STU-5FD080E8,4,87.02,42.29,49.18,73.45,1.69,7.0,0.0,68.31,Medium Risk
STU-B924BDA1,1,50.28,85.96,37.97,25.15,2.51,6.0,6.0,84.46,High Risk
STU-4372ABD4,4,71.32,85.54,33.32,32.19,3.72,0.0,5.0,70.21,Medium Risk
STU-9FF46D5F,2,60.04,77.95,45.22,34.2,1.55,8.0,2.0,38.26,Medium Risk
STU-09C9EC3E,1,64.88,75.14,69.35,96.7,2.36,3.0,3.0,41.07,Low Risk
STU-64BB0EE8,4,45.01,63.78,95.67,89.76,2.99,6.0,7.0,66.01,High Risk
STU-2D185182,1,55.52,47.77,74.82,41.17,1.55,5.0,5.0,91.96,Medium Risk
STU-02E3019B,2,90.75,86.96,81.27,52.0,1.46,2.0,5.0,70.84,Medium Risk
STU-DF1A15FA,1,93.34,88.71,41.02,35.68,1.47,5.0,2.0,51.07,Medium Risk
STU-03F1437C,2,74.66,23.96,23.9,76.84,3.65,6.0,0.0,88.51,Low Risk
STU-5EF36098,3,67.39,51.89,39.78,24.51,3.13,4.0,7.0,40.39,Medium Risk
STU-265A00CE,2,81.33,22.13,49.23,40.48,2.01,9.0,6.0,59.77,High Risk
STU-02FDB97D,1,74.58,87.16,73.64,64.55,3.71,3.0,7.0,41.31,Medium Risk
STU-B434B384,2,98.94,34.17,94.85,88.96,3.86,5.0,3.0,81.73,Low Risk
STU-935C87A1,2,47.36,73.91,83.79,67.2,2.19,9.0,0.0,32.05,Medium Risk
STU-47F6F32F,1,64.19,48.59,37.64,94.58,2.53,7.0,5.0,70.75,High Risk
STU-E3BC2032,4,94.69,85.29,84.73,93.77,2.07,6.0,7.0,71.08,Medium Risk
STU-BAC5E4AB,2,94.46,60.77,50.0,74.65,1.68,2.0,3.0,94.15,Medium Risk
STU-BA46354E,4,67.2,45.95,29.91,35.08,3.34,1.0,5.0,52.5,Medium Risk
STU-CDFD4149,1,43.76,45.91,54.21,71.48,2.95,9.0,1.0,57.19,Medium Risk
STU-2183C8C5,2,87.97,46.15,62.87,27.35,2.1,4.0,0.0,65.89,Medium Risk
STU-E22E8F4D,1,73.04,83.09,79.89,39.99,1.04,8.0,0.0,25.79,Medium Risk
STU-30D9CA4A,2,85.26,76.89,44.74,78.21,3.29,9.0,1.0,53.68,Medium Risk
STU-A1C3DE1A,1,65.06,45.54,27.48,86.56,2.43,4.0,5.0,27.76,High Risk
STU-7160A355,2,48.25,59.22,23.02,47.51,1.22,9.0,6.0,81.96,High Risk
STU-E161F753,2,36.56,26.09,24.56,57.11,1.37,0.0,4.0,42.79,High Risk
STU-8232C5B7,1,71.34,86.2,95.75,44.75,2.89,8.0,1.0,52.13,Low Risk
STU-18E19ABC,3,45.47,41.28,95.9,53.14,2.64,1.0,1.0,39.07,Low Risk
STU-2DFB42C0,4,47.16,91.14,97.34,56.12,1.72,1.0,2.0,36.86,Low Risk
STU-8B7097BA,1,63.36,67.74,40.71,72.27,1.42,5.0,2.0,98.94,Medium Risk
STU-B56B0937,3,63.74,65.43,31.29,77.55,3.65,2.0,7.0,85.8,Medium Risk
STU-702C2968,3,52.84,33.02,98.38,97.75,1.4,4.0,4.0,53.18,Medium Risk
STU-B273FA35,2,43.57,25.56,99.0,49.39,1.26,4.0,2.0,85.42,Medium Risk
STU-2767DF5B,4,96.42,64.21,21.66,17.48,2.86,2.0,4.0,72.51,Medium Risk
STU-19036594,4,43.56,57.44,78.96,71.93,1.76,7.0,5.0,49.79,High Risk
STU-06352EFC,2,57.8,29.57,39.54,54.84,2.97,2.0,1.0,17.38,Low Risk
STU-E6884219,3,54.82,86.85,92.29,85.69,2.47,5.0,5.0,92.65,Low Risk
STU-6BDFCA4D,3,91.31,53.38,22.58,23.19,1.63,9.0,2.0,34.28,High Risk
STU-EE68F638,2,61.65,40.84,90.53,68.04,1.21,4.0,5.0,76.6,Medium Risk
STU-92B7ECA7,2,43.06,83.06,15.22,51.33,1.21,6.0,4.0,84.31,High Risk
STU-67FA847B,4,35.67,93.05,59.37,47.74,2.76,5.0,5.0,64.88,Medium Risk
STU-03A787FE,3,81.93,44.48,43.52,60.84,3.27,8.0,4.0,70.83,High Risk
STU-39B1A8CC,1,81.44,82.08,51.32,71.58,3.07,1.0,6.0,20.84,Low Risk
STU-90233622,1,62.16,72.2,51.87,86.58,2.78,9.0,2.0,62.64,Medium Risk
STU-D26AA1EF,4,43.21,99.18,70.56,31.16,1.63,5.0,3.0,40.21,Medium Risk
STU-D0779EAB,1,59.16,36.32,16.96,36.38,3.59,9.0,2.0,63.27,Medium Risk
STU-67452E94,3,73.34,96.85,73.77,59.37,2.89,9.0,6.0,66.36,Medium Risk
STU-EAC02E81,1,80.76,45.22,16.89,41.19,3.08,4.0,6.0,21.23,High Risk
STU-6972346F,1,40.09,52.96,30.75,61.15,1.67,8.0,4.0,52.16,High Risk
STU-E8909B10,1,71.16,48.71,66.57,28.01,1.78,1.0,3.0,87.0,Medium Risk
STU-2FDB9C03,2,52.95,41.48,22.35,37.69,3.72,7.0,2.0,25.29,Medium Risk
STU-C3C60DEF,1,75.12,75.46,99.23,39.24,2.43,6.0,1.0,78.68,Medium Risk
STU-E2B96913,3,77.13,67.13,81.67,99.31,2.66,0.0,5.0,61.91,Low Risk
STU-27621A46,3,94.19,44.46,74.98,86.89,1.33,2.0,0.0,67.21,Low Risk
STU-76D6C6A4,2,61.67,30.58,37.75,85.39,2.18,3.0,2.0,16.85,Medium Risk
STU-D06EB9C1,3,69.94,45.39,19.13,56.22,3.66,7.0,6.0,88.42,Medium Risk
STU-A2BBEEF5,2,52.43,50.5,98.2,52.02,3.7,1.0,6.0,91.73,Low Risk
STU-54189D73,2,53.63,50.45,27.57,16.31,3.19,7.0,2.0,68.0,High Risk
STU-FFA9B353,2,37.99,48.58,85.6,27.76,2.64,1.0,0.0,98.99,Low Risk
STU-21D039BE,2,53.59,23.9,31.79,90.58,3.79,2.0,3.0,40.67,Low Risk
STU-5898FA6F,4,39.15,57.12,46.8,57.31,3.62,7.0,7.0,32.75,High Risk
STU-252C0937,3,97.65,86.9,73.96,98.87,3.54,8.0,0.0,27.48,Low Risk
STU-B6C39792,2,75.58,34.43,95.36,63.26,3.65,4.0,6.0,30.36,Medium Risk
STU-DE53D791,3,46.25,31.65,16.68,43.97,2.36,3.0,3.0,17.91,Medium Risk
STU-D19E6C7C,2,42.59,57.75,37.17,34.67,2.58,2.0,4.0,74.79,Medium Risk
STU-8475B2FF,1,59.06,49.65,80.02,92.65,2.27,2.0,6.0,80.72,Medium Risk
STU-29DA03C1,2,55.0,64.9,29.74,43.37,3.22,8.0,6.0,16.0,High Risk
STU-E147F6C9,3,53.15,95.77,24.47,23.15,2.78,3.0,3.0,34.86,Medium Risk
STU-C01C6D45,2,65.43,80.87,18.93,35.04,1.21,1.0,1.0,33.54,Medium Risk
STU-F821396A,4,94.34,74.96,57.71,68.11,1.41,3.0,0.0,68.89,Low Risk
STU-A2127862,2,71.92,53.27,80.26,21.97,1.58,2.0,7.0,81.97,High Risk
STU-682122F6,2,68.88,42.99,96.75,18.24,3.01,4.0,1.0,76.08,Low Risk
STU-2CCEB09C,4,87.43,63.22,37.74,51.19,1.33,3.0,1.0,79.77,Medium Risk
STU-48AC91D2,2,35.26,90.84,25.32,17.53,2.62,1.0,0.0,75.58,Low Risk
STU-1FB57056,4,47.83,90.14,49.22,45.36,3.52,9.0,3.0,79.64,High Risk
STU-909409F0,4,67.25,55.64,19.71,39.05,3.84,0.0,1.0,62.76,Low Risk
STU-251DDD34,4,80.85,39.7,43.17,45.23,2.28,0.0,1.0,61.41,Medium Risk
STU-09BF9397,1,66.53,38.03,69.66,53.9,2.6,0.0,5.0,84.9,Medium Risk
STU-49B78A7E,1,45.64,22.72,29.29,26.68,3.49,2.0,6.0,67.04,High Risk
STU-C958333B,3,95.45,87.41,68.71,49.82,3.81,1.0,3.0,27.4,Low Risk
STU-1E1C74A4,3,56.36,41.19,97.62,42.54,2.17,3.0,1.0,88.6,Low Risk
STU-DDA83611,3,86.23,48.72,88.46,81.59,2.06,2.0,2.0,55.95,Low Risk
STU-93593AD4,1,92.94,84.74,45.33,72.52,2.35,6.0,0.0,36.43,Low Risk
STU-751C314F,2,57.52,29.6,50.83,88.53,1.76,7.0,7.0,46.92,High Risk
STU-76076BC1,2,89.95,56.9,50.64,70.21,3.58,4.0,3.0,63.43,Low Risk
STU-966984C1,1,81.2,29.79,88.09,20.9,1.95,5.0,2.0,48.47,Medium Risk
STU-E74B53F5,1,93.78,55.35,99.48,55.64,2.35,6.0,6.0,65.35,Medium Risk
STU-D1B8795C,1,51.34,23.77,85.2,76.82,1.96,8.0,2.0,62.68,Medium Risk
STU-17499511,1,95.53,61.41,62.44,85.75,1.36,0.0,5.0,61.91,Medium Risk
STU-9C553380,3,39.24,83.66,23.28,26.31,2.82,1.0,3.0,63.08,Medium Risk
STU-A60061F5,3,86.59,74.1,96.13,30.12,2.76,0.0,4.0,42.13,Medium Risk
STU-BC3B244D,1,63.32,60.73,88.1,87.6,1.88,8.0,1.0,88.27,Medium Risk
STU-4D7BCD06,1,46.56,86.3,86.52,53.69,1.09,1.0,5.0,60.24,Medium Risk
STU-0DFBE9A6,3,40.16,38.22,48.3,50.72,3.81,1.0,6.0,18.89,Medium Risk
STU-BEE59278,2,60.32,86.46,53.01,54.47,2.07,4.0,1.0,40.03,Low Risk
STU-8EBF357B,4,60.31,42.11,25.17,25.6,2.62,8.0,6.0,75.95,High Risk
STU-5EF0BFD1,3,49.95,49.0,94.72,66.49,1.43,2.0,4.0,71.57,Medium Risk
STU-AF059CE7,4,49.01,30.27,95.17,82.72,1.75,9.0,7.0,31.55,High Risk
STU-DF136910,3,60.97,28.14,36.63,85.34,2.31,7.0,4.0,99.85,High Risk
STU-04A73C68,2,61.66,94.57,74.16,12.73,2.69,9.0,6.0,68.2,High Risk
STU-50745BFD,3,63.75,35.2,32.3,74.37,3.56,0.0,4.0,42.8,Medium Risk
STU-AA7C0A67,1,91.47,46.66,48.4,18.21,1.87,9.0,1.0,48.37,High Risk
STU-1CAD7F33,1,74.73,62.33,40.7,97.02,3.62,1.0,5.0,93.17,Low Risk
STU-FF49215B,1,36.33,47.83,48.12,53.4,2.38,7.0,6.0,51.65,High Risk
STU-66757783,2,68.74,89.61,41.26,79.79,2.3,0.0,0.0,35.49,Low Risk
STU-7FA3EB3A,1,84.56,92.06,44.35,65.97,2.19,8.0,5.0,44.21,High Risk
STU-7C489549,1,38.67,46.08,82.24,95.67,3.66,3.0,1.0,60.07,Low Risk
STU-566B9A3E,3,62.47,27.36,40.5,97.63,1.75,2.0,0.0,28.4,Medium Risk
STU-BE8CD94E,4,64.33,36.81,84.25,35.1,3.57,2.0,7.0,19.33,Medium Risk
STU-312DD726,1,97.01,57.95,63.27,53.46,1.27,0.0,1.0,49.31,Low Risk
STU-DF9E7BB0,2,65.92,43.08,81.34,55.38,3.87,7.0,7.0,91.18,Medium Risk
STU-0C2F7430,1,83.74,56.28,93.11,25.99,2.51,3.0,0.0,93.8,Low Risk
STU-71F46DC7,4,54.69,80.7,26.77,91.35,4.0,0.0,5.0,85.75,Low Risk
STU-EC367FA7,2,85.65,53.65,44.23,41.46,2.82,4.0,0.0,29.49,Low Risk
STU-1607293F,4,55.97,35.76,19.72,17.87,1.35,9.0,2.0,19.15,High Risk
STU-3261F560,2,62.95,48.64,49.59,23.91,1.18,7.0,1.0,59.87,High Risk
STU-EDDBB53C,4,66.17,79.44,35.18,56.2,1.58,7.0,7.0,72.53,High Risk
STU-7607BE14,1,95.21,53.92,63.59,89.35,2.26,9.0,5.0,70.75,Medium Risk
STU-A67911B7,2,38.47,39.96,81.59,66.54,3.24,2.0,0.0,38.0,Low Risk
STU-A19637B4,1,47.8,54.19,56.34,29.33,1.0,3.0,2.0,43.74,Medium Risk
STU-7B663167,1,80.87,56.38,43.36,36.71,1.77,9.0,1.0,97.25,Medium Risk
STU-97C8D1D4,4,72.54,43.71,27.97,97.84,2.76,3.0,0.0,51.27,Low Risk
STU-E03E59CA,3,51.35,99.65,17.28,14.76,1.89,2.0,2.0,70.1,Medium Risk
STU-44E6856F,2,53.8,81.41,72.62,99.49,2.07,5.0,4.0,57.56,Medium Risk
STU-FF9E70CF,4,58.88,75.4,17.6,91.53,1.9,2.0,0.0,87.66,Low Risk
STU-9A455960,2,64.27,88.39,93.27,71.06,3.86,5.0,2.0,86.2,Low Risk
STU-1D10A821,4,88.17,73.31,65.51,94.89,1.2,4.0,0.0,70.16,Low Risk
STU-BFBA18C9,1,35.9,83.28,45.03,23.72,3.72,1.0,5.0,94.2,Medium Risk
STU-52702CAF,4,93.37,53.0,18.56,94.83,1.97,7.0,1.0,32.66,Medium Risk
STU-687E0AEC,1,61.85,60.03,50.15,29.13,1.74,6.0,7.0,60.61,High Risk
STU-EADC531D,2,49.98,23.76,88.72,59.16,3.65,6.0,2.0,34.93,Medium Risk
STU-AC33F296,2,68.05,42.45,97.43,53.99,1.86,5.0,1.0,23.71,Medium Risk
STU-45BCC17E,2,77.88,49.44,22.22,56.12,3.96,8.0,2.0,80.62,Medium Risk
STU-9E593F0D,3,37.91,70.04,81.06,34.06,2.64,3.0,0.0,67.08,Low Risk
STU-10101201,2,81.53,57.14,36.96,80.26,2.43,4.0,6.0,23.83,Medium Risk
STU-53BC314C,4,84.45,68.63,47.25,76.83,3.93,8.0,7.0,99.05,Medium Risk
STU-5BA0DA2A,4,45.8,77.07,61.55,95.86,1.68,2.0,1.0,22.12,Medium Risk
STU-BE3C03AA,4,45.91,23.42,99.55,55.63,3.73,2.0,5.0,73.42,Medium Risk
STU-0EA243A1,4,48.25,40.66,32.75,59.33,2.77,7.0,6.0,66.34,High Risk
STU-8E08D88A,4,86.78,33.67,26.09,91.3,3.26,9.0,7.0,50.21,High Risk
STU-CFC85818,4,52.68,35.0,65.57,92.75,2.75,5.0,3.0,88.17,Low Risk
STU-B5BEBE57,4,86.74,60.25,87.51,68.46,2.86,1.0,5.0,44.71,Low Risk
STU-7841EF47,2,70.13,79.2,70.1,83.84,1.46,2.0,6.0,84.95,Medium Risk
STU-47A4857F,3,84.87,41.82,44.54,55.46,1.45,7.0,3.0,65.43,High Risk
STU-A7B3A170,4,70.99,85.96,98.04,44.94,2.19,4.0,7.0,48.36,Medium Risk
STU-D0B88397,3,56.82,91.4,99.58,87.77,2.04,1.0,5.0,44.23,Low Risk
STU-BBB862C5,2,94.2,48.04,80.51,79.95,3.14,2.0,3.0,37.19,Low Risk
STU-4E677AC7,1,81.49,74.51,83.21,31.82,3.17,1.0,3.0,16.46,Low Risk
STU-BBBDBF9F,4,66.46,29.36,79.67,14.29,2.69,4.0,2.0,67.77,Medium Risk
STU-9318D4E7,4,76.43,79.52,36.9,60.9,2.21,4.0,5.0,53.63,Medium Risk
STU-4A9E0931,2,75.03,33.2,27.77,85.75,3.03,8.0,1.0,43.66,Medium Risk
STU-BD3F6CC7,1,58.28,74.99,62.12,32.25,3.06,5.0,2.0,29.92,Medium Risk
STU-1692C814,2,62.55,53.75,96.1,79.07,3.43,1.0,1.0,15.08,Low Risk
STU-ECFB81C6,3,55.69,94.28,89.65,47.26,3.44,0.0,5.0,72.44,Low Risk
STU-739C985A,2,99.97,57.16,24.08,40.21,1.21,6.0,3.0,88.08,Medium Risk
STU-96248333,3,72.7,22.47,19.84,25.55,2.12,6.0,4.0,44.88,High Risk
STU-78335BA0,4,40.98,58.45,89.27,94.09,2.26,9.0,0.0,61.0,Medium Risk
STU-208C38B4,3,68.74,83.64,67.11,30.31,3.54,5.0,3.0,65.84,Medium Risk
STU-9CF996F7,2,38.25,71.77,40.87,35.13,2.51,1.0,3.0,36.01,Medium Risk
STU-B4B95C6F,4,53.76,97.31,62.75,39.83,2.47,7.0,4.0,56.48,Medium Risk
STU-4A9BB92D,3,63.99,87.46,33.84,35.62,2.66,3.0,2.0,71.59,Low Risk
STU-6080BA16,1,69.73,62.12,95.49,24.66,1.38,6.0,2.0,89.48,Medium Risk
STU-DDBC0F74,2,98.45,36.52,85.31,41.9,2.7,7.0,1.0,83.57,Medium Risk
STU-440E80CE,3,98.84,20.3,96.79,52.46,2.65,6.0,5.0,88.89,Medium Risk
STU-1C2A09EF,4,41.37,98.44,30.9,59.66,3.26,2.0,0.0,99.74,Low Risk
STU-B684A389,4,69.98,95.07,86.71,24.08,2.9,7.0,1.0,37.29,Low Risk
STU-72CDA128,2,88.11,41.93,62.62,80.15,3.87,3.0,3.0,76.76,Low Risk
STU-13C87D9F,1,50.45,71.06,42.62,38.04,1.24,7.0,2.0,62.71,High Risk
STU-9DD5CA5F,1,83.79,78.34,55.77,92.62,3.31,4.0,3.0,64.81,Low Risk
STU-378BD204,3,92.11,66.24,95.27,39.66,3.25,8.0,3.0,39.61,Medium Risk
STU-C9EAD257,4,78.06,87.44,73.77,87.66,1.81,2.0,6.0,87.15,Medium Risk
STU-7FB4626A,2,56.3,26.23,45.59,41.73,3.1,1.0,5.0,82.08,Medium Risk
STU-B48D82C1,2,95.0,91.72,99.99,55.52,2.98,3.0,5.0,84.82,Low Risk
STU-92AB8260,4,92.43,51.36,44.39,43.51,1.9,1.0,7.0,99.74,Medium Risk
STU-F93B8FCF,4,81.53,58.46,84.17,44.84,3.17,1.0,2.0,41.26,Low Risk
STU-776C06DE,1,58.64,55.58,81.67,65.67,3.79,0.0,5.0,97.85,Low Risk
STU-752F1273,3,86.47,62.5,76.45,72.36,1.92,7.0,6.0,32.81,High Risk
STU-C2D5AC95,3,55.55,67.85,71.9,88.34,3.94,0.0,3.0,22.71,Low Risk
STU-EEAF038F,1,51.44,76.83,24.24,61.21,1.67,7.0,3.0,15.87,Medium Risk
STU-E8CC6113,2,68.48,62.0,99.57,29.52,1.4,8.0,0.0,34.92,Medium Risk
STU-BB4E3BB6,1,99.81,74.78,28.69,99.06,1.23,5.0,6.0,41.57,Medium Risk
STU-12B5BE28,2,87.28,47.06,65.67,71.54,1.64,6.0,6.0,41.28,High Risk
STU-722F7405,3,82.44,94.93,36.18,43.73,2.03,5.0,1.0,94.04,Low Risk
STU-0C0AF575,2,64.38,25.16,29.35,97.14,3.2,0.0,0.0,41.61,Low Risk
STU-CE49F86B,2,55.28,63.64,62.55,96.26,1.22,0.0,6.0,71.04,Medium Risk
STU-290A6647,2,90.63,26.99,86.09,17.16,2.52,0.0,4.0,98.76,Medium Risk
STU-4C631A6B,1,71.9,55.42,47.04,11.78,2.56,2.0,0.0,39.99,Low Risk
STU-8BA5A2FC,3,87.86,40.61,21.56,14.0,1.68,6.0,1.0,97.9,Medium Risk
STU-D7F62173,2,66.7,94.95,68.02,71.68,1.14,7.0,7.0,79.83,High Risk
STU-E9A79F89,2,84.01,21.05,80.15,73.98,1.68,0.0,6.0,84.06,Medium Risk
STU-470484AC,4,91.4,51.3,40.17,75.16,1.69,5.0,0.0,63.34,Medium Risk
STU-CA80139A,2,60.44,82.56,73.7,66.72,3.06,7.0,4.0,81.1,Medium Risk
STU-E6F521DD,3,35.88,35.08,21.44,35.69,1.7,4.0,6.0,66.85,High Risk
STU-D31F44E5,2,51.57,85.25,45.72,25.04,2.02,1.0,6.0,56.21,Medium Risk
STU-A167CA09,4,94.47,88.78,55.3,93.51,1.14,3.0,6.0,87.61,Medium Risk
STU-76177926,4,79.69,76.64,81.47,92.18,2.87,3.0,3.0,84.76,Low Risk
STU-7001C7D1,1,82.92,36.73,43.74,31.82,2.42,3.0,3.0,48.66,Medium Risk
STU-80F0B0B9,3,56.14,41.76,53.56,25.11,2.03,7.0,6.0,18.53,High Risk
STU-95813121,1,80.58,33.35,68.41,43.78,3.11,5.0,0.0,93.71,Low Risk
STU-D8B31A91,4,77.01,34.73,68.05,14.36,3.05,8.0,7.0,81.5,High Risk
STU-FED20D2B,2,46.59,22.92,59.01,24.59,1.98,9.0,4.0,87.91,High Risk
STU-1F8A639D,4,97.96,88.59,42.92,44.23,3.13,0.0,1.0,17.01,Low Risk
STU-DD874015,2,58.01,62.28,71.94,31.49,2.04,0.0,6.0,89.3,Medium Risk
STU-94BB5F7E,3,56.4,46.22,86.16,76.31,1.67,1.0,4.0,54.86,Medium Risk
STU-5CAB2696,4,59.0,43.17,28.07,91.45,3.16,4.0,0.0,92.38,Low Risk
STU-11720160,4,40.96,63.58,43.94,91.82,3.18,5.0,2.0,73.83,Medium Risk
STU-B199E408,1,75.62,46.13,71.84,64.39,3.6,2.0,7.0,51.18,Medium Risk
STU-1A117670,2,50.51,89.1,79.24,73.31,2.5,0.0,2.0,25.52,Low Risk
STU-2F1F9257,2,87.22,36.88,81.42,54.46,1.7,6.0,5.0,62.4,High Risk
STU-AC816536,2,60.62,90.58,70.53,23.2,3.51,0.0,7.0,75.26,Medium Risk
STU-4353F631,2,64.81,73.13,55.65,67.15,1.52,6.0,4.0,91.84,Medium Risk
STU-79A0C3FB,2,77.02,96.53,69.89,41.5,3.82,8.0,0.0,90.25,Low Risk
STU-7229E3E1,2,84.52,21.21,26.48,10.52,1.92,0.0,4.0,36.98,Medium Risk
STU-0A227206,1,50.02,24.73,32.66,61.75,1.06,7.0,0.0,21.38,Medium Risk
STU-0BDE06BB,2,97.81,60.07,93.84,27.85,1.56,9.0,1.0,54.93,Medium Risk
STU-E13001BB,1,75.45,92.99,93.38,89.79,2.24,8.0,6.0,38.5,Medium Risk
STU-06F4DAFA,2,35.37,78.46,76.53,94.06,1.17,7.0,6.0,41.98,High Risk
STU-C793058D,3,62.02,69.77,42.8,24.6,2.23,0.0,7.0,71.73,High Risk
STU-56085FEB,1,63.39,22.53,70.15,12.65,1.61,3.0,2.0,78.46,Medium Risk
STU-89A1D270,2,87.6,48.33,73.46,10.36,1.06,9.0,7.0,77.35,High Risk
STU-724D42D4,2,54.83,47.67,58.78,92.17,1.9,3.0,3.0,84.46,Medium Risk
STU-1370E738,2,56.53,63.37,78.62,23.68,1.68,0.0,2.0,18.69,Medium Risk
STU-318D30A8,3,39.58,40.63,17.52,49.18,2.26,6.0,3.0,97.06,Medium Risk
STU-2B145BD8,2,53.43,41.37,36.78,15.14,3.28,6.0,0.0,43.77,Medium Risk
STU-B184B34A,1,81.6,69.67,82.53,43.6,2.53,9.0,3.0,46.2,Medium Risk
STU-98F8DFC8,4,76.26,95.57,94.79,80.69,3.3,8.0,1.0,68.72,Low Risk
STU-0BF6B1A3,4,40.29,72.81,89.47,46.6,2.01,7.0,6.0,34.16,High Risk
STU-9D6632A0,1,42.46,73.45,75.9,79.8,1.04,2.0,6.0,72.62,Medium Risk
STU-74D1E57E,2,59.5,98.9,29.07,72.0,3.77,1.0,0.0,37.31,Low Risk
STU-198FFDC5,2,83.34,32.28,46.34,56.56,1.94,9.0,2.0,74.65,Medium Risk
STU-53DF797C,1,89.14,22.71,19.27,76.39,2.58,2.0,2.0,84.51,Medium Risk
STU-84D0D19B,2,35.95,79.64,69.39,89.12,2.41,7.0,4.0,91.52,Medium Risk
STU-A4EC3CBC,3,56.39,55.1,53.24,81.37,2.75,5.0,5.0,49.7,Medium Risk
STU-C319D743,1,62.58,54.31,63.71,72.26,3.65,2.0,3.0,83.6,Low Risk
STU-DAF8A793,4,94.22,38.02,98.24,73.16,3.6,1.0,0.0,54.53,Low Risk
STU-112E07FD,2,67.59,60.55,49.19,24.5,3.94,0.0,5.0,35.9,Medium Risk
STU-4D1FAF90,2,52.53,55.37,41.07,95.56,2.59,7.0,3.0,77.18,Medium Risk
STU-3EE774EE,3,60.35,47.64,27.8,28.51,3.77,2.0,1.0,40.03,Low Risk
STU-1523AC59,1,63.37,55.42,27.21,41.41,2.45,2.0,1.0,29.51,Medium Risk
STU-3BC749F6,2,78.55,50.71,59.08,56.62,1.13,4.0,4.0,25.3,Medium Risk
STU-3857A04A,2,37.67,95.19,78.68,21.36,1.44,4.0,0.0,48.81,Medium Risk
STU-11F9B8B2,2,60.31,98.42,62.98,63.42,2.0,8.0,7.0,78.41,High Risk
STU-1FFBA954,2,77.03,87.19,89.23,26.44,3.18,4.0,6.0,84.18,Medium Risk
STU-F4C961C1,1,53.42,99.23,41.85,93.1,1.24,6.0,0.0,85.94,Medium Risk
STU-38AF6052,1,73.46,41.26,65.58,89.98,2.08,6.0,3.0,51.38,Medium Risk
STU-14AD05C6,1,58.22,87.43,71.21,59.0,3.95,6.0,4.0,18.21,Low Risk
STU-303D5108,4,84.32,52.53,38.86,50.45,3.36,4.0,5.0,30.16,Medium Risk
STU-66B3A4CE,1,38.94,79.69,48.69,19.23,2.72,2.0,6.0,31.6,Medium Risk
STU-35F65B39,1,94.67,36.11,65.23,84.1,1.19,6.0,2.0,57.82,Medium Risk
STU-254AE73B,4,46.15,84.96,16.78,44.14,1.04,7.0,0.0,92.85,Medium Risk
STU-979DE208,3,45.31,26.68,90.36,32.17,1.32,3.0,0.0,26.07,Medium Risk
STU-835B9610,2,89.64,41.64,24.44,99.58,1.98,5.0,0.0,17.86,Medium Risk
STU-CE1EEACF,1,91.5,85.76,19.04,70.15,2.82,4.0,4.0,15.04,Medium Risk
STU-71CDCF8B,3,41.04,79.77,33.28,16.65,1.59,9.0,5.0,91.55,High Risk
STU-218277A1,1,94.07,60.1,57.7,82.12,1.15,1.0,6.0,84.88,Medium Risk
STU-BE66836E,3,52.76,73.82,42.94,77.54,1.27,0.0,1.0,96.85,Low Risk
STU-0667AA58,4,75.21,34.85,52.41,46.11,2.28,5.0,6.0,74.53,High Risk
STU-D80945AD,2,39.46,73.42,22.16,21.13,3.32,9.0,2.0,66.91,High Risk
STU-A2A40F0E,1,59.74,20.64,34.81,54.77,3.46,5.0,6.0,25.47,High Risk
STU-991EFB56,3,64.3,86.66,23.3,78.7,1.87,6.0,1.0,63.93,Medium Risk
STU-EEBF0089,2,73.99,61.3,34.53,16.84,2.99,4.0,6.0,82.22,Medium Risk
STU-6367E1C6,2,69.14,95.51,74.78,24.71,2.18,0.0,5.0,88.89,Medium Risk
STU-D120A439,2,65.0,58.25,63.9,65.7,3.92,5.0,6.0,88.96,Medium Risk
STU-F5442F18,3,97.38,54.65,43.39,60.36,2.21,3.0,5.0,40.8,Medium Risk
STU-22B8E679,3,47.03,56.0,37.2,91.46,2.19,6.0,6.0,31.15,High Risk
STU-E89117B9,4,45.27,48.78,99.79,83.33,2.5,1.0,5.0,27.62,Medium Risk
STU-DE81D4C2,4,81.37,33.33,80.27,92.69,1.08,8.0,7.0,69.75,High Risk
STU-40FD00D7,1,39.85,87.37,84.87,51.94,2.25,6.0,7.0,20.95,High Risk
STU-10D5EFF4,3,66.39,51.13,17.24,80.9,3.49,4.0,3.0,89.0,Low Risk
STU-9F9D81C9,1,66.46,62.33,20.06,14.38,2.84,1.0,0.0,83.66,Low Risk
STU-5091217C,3,55.15,21.59,75.57,36.5,3.91,0.0,3.0,15.59,Medium Risk
STU-8D73F0B9,1,95.48,24.82,31.31,67.98,1.98,4.0,7.0,64.94,High Risk
STU-26550FDB,2,53.37,67.77,51.18,78.73,1.48,9.0,7.0,68.82,High Risk
STU-EF7F345D,4,53.75,90.34,30.65,61.34,3.25,4.0,5.0,92.02,Medium Risk
STU-44FFBDCF,2,50.23,59.47,30.05,53.27,1.13,2.0,3.0,60.46,Medium Risk
STU-DEB24F64,4,44.48,33.2,24.27,30.99,1.48,8.0,0.0,19.4,Medium Risk
STU-4C221BE5,3,58.66,29.29,65.51,25.68,2.52,9.0,5.0,73.09,High Risk
STU-A3DD7D11,2,79.26,91.98,77.84,88.79,3.26,0.0,4.0,44.71,Low Risk
STU-FF18E1C1,2,83.24,76.13,19.83,22.8,2.8,4.0,3.0,58.31,Medium Risk
STU-DA1980CB,4,87.87,97.3,38.42,49.18,3.98,3.0,4.0,35.34,Medium Risk
STU-8FFAAB03,1,47.84,26.59,70.96,89.96,2.96,1.0,7.0,88.14,Medium Risk
STU-5A3930C9,3,37.32,92.21,48.35,23.29,3.17,0.0,1.0,64.99,Low Risk
STU-D5A87C76,3,98.35,87.65,74.9,21.48,3.98,9.0,6.0,78.34,Medium Risk
STU-8F3EB41B,4,35.93,91.45,79.53,72.33,2.78,3.0,2.0,27.78,Low Risk
STU-5BFA380D,3,97.44,20.46,17.74,39.84,3.14,5.0,6.0,63.03,Medium Risk
STU-4B758EF6,3,88.87,79.35,47.37,49.21,1.89,7.0,2.0,40.63,Medium Risk
STU-8C648867,4,94.28,63.92,76.98,66.3,2.61,9.0,2.0,17.17,Medium Risk
STU-4D2B34CC,4,60.17,65.85,47.17,44.11,3.74,1.0,2.0,76.93,Low Risk
STU-52736867,3,47.82,57.54,15.5,81.99,3.56,1.0,5.0,98.23,Low Risk
STU-EB9DDECF,1,74.42,79.41,43.59,97.21,1.92,5.0,4.0,76.87,Low Risk
STU-2DD92D42,2,83.18,99.99,89.18,93.98,2.07,3.0,1.0,22.14,Low Risk
STU-F120F463,3,43.51,76.84,95.91,59.09,3.54,9.0,4.0,68.55,Medium Risk
STU-43F09B9E,2,86.85,74.24,62.64,41.93,1.85,8.0,3.0,85.44,Medium Risk
STU-965AD673,2,48.56,72.36,41.04,49.04,3.66,3.0,7.0,28.71,Medium Risk
STU-6E909EFA,1,66.96,75.62,54.62,39.71,3.32,1.0,0.0,98.37,Low Risk
STU-E67A93D0,3,90.67,47.37,35.08,49.76,1.46,0.0,5.0,68.01,Medium Risk
STU-93066603,2,47.57,45.62,29.29,11.17,3.16,5.0,3.0,98.48,Medium Risk
STU-BDE0ADAB,1,50.72,82.75,56.95,14.97,3.5,0.0,4.0,68.56,Low Risk
STU-2B84FAB4,2,39.08,24.25,77.62,79.42,1.43,5.0,3.0,71.84,High Risk
STU-59D2495B,3,44.53,80.74,33.91,40.13,2.37,7.0,3.0,79.56,Medium Risk
STU-2B45C2B8,2,44.52,85.11,92.31,81.5,3.59,5.0,3.0,83.32,Low Risk
STU-936F14CF,1,48.22,61.73,29.3,53.19,1.6,3.0,1.0,89.66,Medium Risk
STU-4A23BC7E,1,53.6,92.81,62.46,82.53,2.35,1.0,1.0,78.93,Low Risk
STU-95C639CB,2,87.97,57.85,80.99,69.72,2.84,4.0,6.0,54.05,Medium Risk
STU-A1B8BCA2,4,94.52,34.25,33.14,28.09,1.29,4.0,0.0,36.58,Medium Risk
STU-8B1AC575,3,61.41,48.91,40.2,50.3,1.64,7.0,2.0,48.76,High Risk
STU-7C3C7514,1,43.33,92.47,19.38,73.39,2.4,2.0,5.0,93.19,Medium Risk
STU-1292D054,2,49.55,99.5,95.24,39.76,2.12,1.0,5.0,88.36,Medium Risk
STU-2DA812BF,4,82.85,53.75,56.39,27.4,1.97,0.0,4.0,45.8,Medium Risk
STU-2AC5B4E9,1,79.03,33.35,20.47,58.59,1.08,1.0,6.0,50.98,High Risk
STU-D354C8B2,2,97.87,42.91,85.56,34.63,3.78,1.0,6.0,40.01,Low Risk
STU-9DA76437,2,35.94,64.26,63.39,63.49,3.61,0.0,4.0,67.87,Low Risk
STU-92C89AD2,1,83.8,65.77,19.7,34.46,2.18,7.0,1.0,45.6,Medium Risk
STU-8E44F09B,1,67.88,70.4,53.33,91.59,1.54,7.0,1.0,83.3,Medium Risk
STU-241BA7A0,3,93.68,86.83,51.92,40.95,1.21,9.0,0.0,55.46,Medium Risk
STU-096ADA13,1,72.45,76.9,27.42,91.67,1.37,3.0,4.0,33.71,Medium Risk
STU-FE75E320,1,64.03,40.87,50.73,35.15,2.81,2.0,4.0,52.89,Medium Risk
STU-A4767BA6,2,78.28,51.6,39.04,64.4,3.2,0.0,6.0,77.49,Medium Risk
STU-9B7429C5,1,89.18,87.19,74.5,21.72,1.47,7.0,0.0,53.57,Medium Risk
STU-AABBDC40,2,53.36,70.67,15.47,80.05,1.34,7.0,5.0,63.63,High Risk
STU-A0BBC9A0,1,41.99,33.31,24.04,28.02,3.07,3.0,0.0,92.7,Low Risk
STU-5CD9DED7,2,63.15,46.04,93.09,87.76,2.55,4.0,6.0,75.61,Medium Risk
STU-53D38538,4,48.94,83.29,51.83,50.72,2.12,3.0,7.0,99.73,Medium Risk
STU-430D812B,3,62.92,33.77,29.98,18.51,3.17,4.0,7.0,21.51,High Risk
STU-536A33AA,2,99.42,75.28,82.42,42.72,2.37,3.0,6.0,78.78,Medium Risk
STU-B1E94E10,1,72.32,65.08,87.39,80.18,2.4,8.0,3.0,77.28,Medium Risk
STU-AF556292,3,80.08,31.8,32.95,16.87,1.05,0.0,0.0,24.25,Medium Risk
STU-4C6493EE,1,79.07,75.11,75.66,66.32,1.95,9.0,7.0,97.1,High Risk
STU-3EF4AC4C,1,88.35,31.39,67.29,55.65,1.02,9.0,7.0,86.85,High Risk
STU-F7DED790,3,96.37,51.87,78.33,37.89,3.77,2.0,3.0,58.49,Low Risk
STU-6E1E2BF8,4,77.82,44.68,81.97,78.01,1.88,6.0,5.0,33.74,Medium Risk
STU-1A940B97,2,65.95,75.2,71.18,14.72,1.54,5.0,4.0,30.85,High Risk
STU-0855E4D4,1,55.66,82.59,96.28,54.79,1.27,7.0,7.0,25.85,High Risk
STU-BC1E3F65,4,58.42,33.47,88.46,55.62,1.14,5.0,3.0,31.45,High Risk
STU-91749DA0,1,56.74,84.96,34.46,17.78,3.66,7.0,2.0,93.6,Medium Risk
STU-2CE06246,4,56.09,20.58,92.65,22.24,1.51,0.0,7.0,68.97,High Risk
STU-B0D40345,2,80.15,62.4,45.57,46.87,2.85,8.0,1.0,25.6,Medium Risk
STU-973E7534,2,73.2,61.34,76.76,58.29,2.95,4.0,6.0,93.34,Medium Risk
STU-3B6511A5,2,48.13,69.91,87.08,14.79,1.95,9.0,3.0,19.57,High Risk
STU-5336C9CA,4,98.03,39.18,52.09,11.06,3.5,1.0,6.0,49.77,Medium Risk
STU-7626BC56,4,62.8,20.79,19.38,27.33,1.64,0.0,2.0,78.12,Medium Risk
STU-B0D52516,2,71.8,56.38,95.72,53.9,1.21,3.0,0.0,84.87,Low Risk
STU-E35E325C,3,80.67,25.71,21.16,13.63,1.21,9.0,7.0,86.66,High Risk
STU-AC7876DB,3,74.89,91.38,44.59,75.99,1.9,7.0,6.0,95.34,High Risk
STU-8AD00702,3,55.22,33.89,65.7,23.67,2.39,2.0,7.0,37.77,High Risk
STU-EDCA910D,4,86.85,54.02,24.99,79.54,2.89,9.0,0.0,47.51,Medium Risk
STU-D1639959,1,42.16,54.72,86.25,28.43,3.19,3.0,0.0,68.88,Low Risk
STU-8390CA3D,2,71.98,64.23,32.29,41.2,1.54,1.0,0.0,89.51,Low Risk
STU-2DDEE225,4,52.77,82.6,98.81,53.12,3.05,1.0,6.0,66.08,Medium Risk
STU-579645B4,4,75.02,57.77,92.9,41.25,1.55,1.0,2.0,38.13,Medium Risk
STU-FDFEE01D,1,49.17,22.06,66.39,12.13,3.99,9.0,6.0,83.17,High Risk
STU-6644676E,1,85.19,81.69,71.1,91.77,3.88,0.0,1.0,91.67,Low Risk
STU-E17633AE,4,49.79,26.57,60.36,35.78,1.31,9.0,5.0,15.71,High Risk
STU-C37BF36E,2,92.88,71.32,48.24,22.24,2.97,9.0,5.0,15.43,High Risk
STU-759893F7,3,91.0,84.27,44.9,21.93,3.71,4.0,3.0,96.09,Low Risk
STU-5B7009B9,1,58.56,42.62,90.79,97.72,1.24,4.0,1.0,62.3,Low Risk
STU-7587685B,4,60.08,55.93,64.01,21.08,1.37,2.0,3.0,22.5,High Risk
STU-A3716978,1,80.6,21.15,84.98,41.19,2.04,2.0,1.0,45.3,Low Risk
STU-836E7182,1,40.87,84.31,58.7,16.09,1.29,7.0,2.0,63.22,High Risk
STU-D0DE26B6,1,40.26,76.26,41.1,76.19,3.66,9.0,6.0,68.14,Medium Risk
STU-00D70C55,4,43.86,38.51,22.8,63.71,3.63,6.0,7.0,28.87,High Risk
STU-ACC22ABF,3,71.56,51.22,42.51,58.02,3.85,3.0,2.0,86.4,Low Risk
STU-040F33F7,3,44.69,75.63,89.81,87.03,1.61,7.0,0.0,61.32,Medium Risk
STU-66129805,2,53.05,48.65,75.52,61.6,1.14,9.0,7.0,59.64,High Risk
STU-8DBEAF6D,4,77.05,32.99,81.8,96.0,2.33,8.0,4.0,60.98,Medium Risk
STU-C951FE6D,3,36.02,61.48,80.74,66.05,3.64,5.0,2.0,20.29,Medium Risk
STU-BD9F8419,3,46.72,77.89,25.2,41.89,2.92,6.0,7.0,78.93,High Risk
STU-635EE80B,4,95.45,45.66,28.5,13.31,3.99,6.0,6.0,21.85,High Risk
STU-A2B40256,2,78.13,29.74,41.97,75.27,3.72,4.0,6.0,54.38,Medium Risk
STU-61F0A06F,3,54.86,86.36,40.59,43.63,2.18,3.0,2.0,65.07,Medium Risk
STU-D1A7D35F,4,37.94,40.22,20.62,63.93,1.12,1.0,0.0,32.98,Medium Risk
STU-9D01E13D,4,73.09,61.03,28.05,88.87,1.02,0.0,4.0,55.98,Medium Risk
STU-51B22336,3,49.49,75.31,87.78,10.69,2.93,7.0,2.0,39.35,Medium Risk
STU-D3D30CA8,1,97.41,45.37,65.07,78.37,3.75,1.0,2.0,75.32,Low Risk
STU-80C213C5,3,79.65,71.89,44.09,49.18,2.33,7.0,6.0,60.36,High Risk
STU-89C5762A,2,98.32,56.78,59.75,21.17,3.62,8.0,7.0,22.87,High Risk
STU-756C8204,1,90.18,65.63,37.21,62.42,2.7,3.0,1.0,65.99,Low Risk
STU-E71DAB51,4,66.4,67.25,64.63,57.94,1.29,0.0,3.0,26.58,Medium Risk
STU-D51A03D3,2,78.52,85.93,21.34,85.81,3.39,5.0,6.0,15.23,Medium Risk
STU-33DB7535,2,87.79,72.51,91.73,56.94,2.48,7.0,3.0,27.43,Medium Risk
STU-A813C5DF,3,72.58,41.14,35.44,84.46,1.15,0.0,6.0,15.37,High Risk
STU-5D21432E,2,39.0,24.77,84.62,59.0,3.44,4.0,6.0,98.98,Medium Risk
STU-4DD0C731,1,65.58,20.16,71.1,50.23,3.27,0.0,5.0,68.87,Medium Risk
STU-B786FC90,2,43.49,92.35,59.46,43.41,2.37,6.0,1.0,68.17,Medium Risk
STU-45263BC4,1,81.47,95.37,94.03,25.63,1.06,5.0,6.0,94.32,Medium Risk
STU-9043BE68,1,79.24,27.53,28.33,62.56,2.04,3.0,5.0,25.84,Medium Risk
STU-B1928F5F,1,99.54,58.96,25.14,58.98,2.3,7.0,5.0,17.35,Medium Risk
STU-657015C6,1,75.87,32.13,42.36,97.82,1.5,7.0,3.0,73.02,Medium Risk
STU-080A6A2C,2,87.01,95.9,85.57,47.12,1.48,1.0,0.0,67.52,Low Risk
STU-D1A1E569,2,52.44,39.75,17.99,47.94,1.5,4.0,6.0,91.9,High Risk
STU-15B17ECC,4,57.1,60.13,35.35,24.75,2.11,0.0,4.0,42.47,Medium Risk
STU-ECEDB356,2,94.61,33.25,51.1,63.78,3.45,2.0,2.0,61.96,Low Risk
STU-4E393290,3,84.09,46.62,75.6,86.31,3.28,2.0,3.0,62.99,Low Risk
STU-C70BB417,2,77.59,41.34,40.44,32.31,1.03,9.0,2.0,36.81,High Risk
STU-8901FAAF,3,51.51,58.03,53.09,10.82,1.03,2.0,1.0,45.6,Medium Risk
STU-790EC80B,3,80.41,53.58,43.63,72.23,1.23,2.0,6.0,44.62,Medium Risk
STU-009A148D,2,92.64,46.46,22.83,12.82,2.4,9.0,1.0,86.78,Medium Risk
STU-866F7CE7,1,50.0,28.47,77.79,46.83,3.67,1.0,3.0,46.92,Medium Risk
STU-AE2FA968,2,80.9,58.76,54.22,65.14,1.55,6.0,1.0,67.96,Medium Risk
STU-E7888A63,3,60.59,88.02,84.06,44.74,2.43,6.0,3.0,46.78,Medium Risk
STU-B17E6691,2,42.72,78.42,74.05,33.45,1.12,3.0,0.0,22.21,Medium Risk
STU-78830B7C,4,84.62,77.65,19.91,81.93,1.06,7.0,3.0,93.69,Medium Risk
STU-D3F67F25,1,45.86,49.29,57.51,37.08,1.02,9.0,1.0,21.69,High Risk
STU-6322EBAC,1,51.44,76.67,99.22,26.2,3.21,9.0,0.0,15.86,Medium Risk
STU-04960ECD,3,85.89,57.24,41.17,44.96,1.07,7.0,5.0,38.05,High Risk
STU-D4CAA781,4,83.24,32.02,56.9,21.85,1.82,3.0,7.0,38.6,High Risk
STU-6FEE3B2F,2,51.52,53.52,70.42,72.14,2.94,5.0,0.0,39.67,Low Risk
STU-187C164A,3,96.16,30.62,32.19,73.91,2.86,5.0,3.0,83.13,Medium Risk
STU-7C765317,1,48.99,29.16,74.71,11.33,1.17,4.0,2.0,39.39,High Risk
STU-23C6A75F,3,99.59,21.84,71.08,72.54,1.77,3.0,2.0,68.64,Low Risk
STU-86E1BE58,3,82.96,42.63,46.87,36.91,2.92,8.0,1.0,15.63,Medium Risk
STU-79677841,4,60.51,46.47,39.18,69.06,2.18,5.0,6.0,90.86,High Risk
STU-7F8C3F13,1,43.47,75.96,93.12,73.58,2.4,6.0,6.0,37.1,High Risk
STU-B30BDF73,2,55.83,63.04,25.8,35.0,1.62,4.0,6.0,60.69,High Risk
STU-C68F6D16,3,47.59,88.68,51.72,26.68,1.11,1.0,5.0,63.31,Medium Risk
STU-A65271B2,1,75.42,34.12,80.19,84.37,2.04,5.0,3.0,35.39,Medium Risk
STU-9F2B997C,3,58.2,41.28,27.59,76.53,3.05,2.0,2.0,65.23,Low Risk
STU-BA71E646,2,54.18,95.29,94.3,85.34,3.3,9.0,6.0,88.69,Medium Risk
STU-643E8C6C,2,84.21,55.52,59.73,49.21,2.78,5.0,3.0,43.15,Medium Risk
STU-28D14E9F,4,49.99,83.12,57.91,51.07,2.18,2.0,2.0,94.36,Low Risk
STU-81728B46,2,73.15,59.37,51.06,40.98,2.75,7.0,0.0,34.94,Medium Risk
STU-9F195446,4,47.65,57.69,88.73,54.92,3.11,6.0,7.0,25.02,Medium Risk
STU-BE249285,4,81.46,31.85,95.62,68.19,3.27,0.0,7.0,44.72,Medium Risk
STU-434D38A1,3,75.63,88.1,47.31,83.31,1.28,3.0,3.0,90.87,Medium Risk
STU-7359EC24,1,86.88,26.27,61.1,26.49,3.41,1.0,6.0,28.72,Medium Risk
STU-2F6C260F,4,39.45,44.82,41.81,46.49,1.19,5.0,2.0,50.35,Medium Risk
STU-F81C68F1,4,48.66,73.88,46.28,51.51,3.61,4.0,4.0,68.06,Medium Risk
STU-4A2F17CB,1,45.04,60.58,17.41,53.92,2.18,1.0,1.0,84.33,Low Risk
STU-98DCD67A,2,47.39,90.51,81.8,58.78,2.64,0.0,1.0,91.93,Low Risk
STU-0EC1C2AB,1,41.7,23.14,97.39,82.16,1.87,6.0,3.0,99.31,Medium Risk
STU-461AD8B7,4,71.54,71.95,80.41,89.76,2.28,8.0,4.0,86.85,Medium Risk
STU-CA713A59,4,73.57,58.2,59.05,24.32,3.54,8.0,0.0,15.81,Medium Risk
STU-95F03DC8,4,89.83,32.34,85.34,74.14,1.89,9.0,1.0,48.4,Medium Risk
STU-38300975,3,62.15,79.46,87.92,53.12,2.69,2.0,6.0,87.61,Medium Risk
STU-F65BC1E2,2,69.61,52.9,61.28,47.59,2.94,5.0,3.0,97.97,Medium Risk
STU-452FC360,1,99.43,62.53,94.66,20.2,1.44,9.0,5.0,20.06,High Risk
STU-F17AA8D9,1,69.57,97.38,17.56,15.77,3.33,0.0,1.0,43.89,Low Risk
STU-A230C39F,1,72.28,58.9,15.86,98.0,4.0,0.0,3.0,70.32,Low Risk
STU-769BB4D4,2,99.73,85.87,21.92,67.81,1.47,5.0,5.0,49.74,High Risk
STU-127DD728,4,99.62,81.57,19.92,50.72,3.3,5.0,7.0,28.32,Medium Risk
STU-F2B1304F,4,62.56,73.02,51.09,78.56,1.44,4.0,4.0,91.46,Medium Risk
STU-7331861E,2,76.27,91.74,94.93,18.2,3.85,5.0,2.0,40.86,Low Risk
STU-532F4F63,3,66.25,40.13,72.39,64.67,2.23,9.0,6.0,36.74,High Risk
STU-FEFF8C43,3,81.85,85.66,71.05,69.46,3.94,4.0,7.0,63.59,Medium Risk
STU-73622728,2,96.0,50.22,47.72,50.68,1.2,5.0,6.0,86.8,High Risk
STU-898BCA42,3,55.13,85.0,60.37,32.73,3.37,8.0,2.0,55.52,Medium Risk
STU-99FB9C83,2,88.23,59.5,40.85,95.91,2.42,6.0,5.0,24.53,Medium Risk
STU-A8EA8607,4,77.57,88.62,59.02,37.1,1.87,2.0,6.0,53.08,Medium Risk
STU-32D6715C,3,53.21,91.59,78.47,21.23,3.24,8.0,6.0,23.42,Medium Risk
STU-5C5CD810,3,86.82,67.81,62.49,66.74,2.91,5.0,2.0,29.78,Low Risk
STU-63194284,1,62.76,60.61,50.6,61.69,3.71,4.0,2.0,52.09,Low Risk
STU-F22241EF,1,42.83,82.66,86.82,77.93,1.75,3.0,0.0,24.73,Low Risk
STU-F70AC0E2,2,99.57,41.36,39.43,77.84,3.82,9.0,3.0,71.96,Medium Risk
STU-393CBF36,3,62.67,21.23,55.93,65.82,2.93,0.0,0.0,61.23,Low Risk
STU-F63EDC3F,4,70.2,52.57,98.14,28.68,2.35,6.0,7.0,44.18,Medium Risk
STU-E45F40CD,2,87.52,60.62,97.22,89.84,1.16,4.0,2.0,28.52,Medium Risk
STU-1D7E3C35,3,97.46,43.78,15.53,32.35,3.3,0.0,6.0,58.61,Medium Risk
STU-59A9476D,2,91.74,50.67,60.24,18.46,3.58,3.0,2.0,82.86,Low Risk
STU-FB654E53,2,69.13,30.64,43.64,37.13,3.43,9.0,4.0,78.69,Medium Risk
STU-FBEBC97B,3,70.47,42.18,39.75,53.49,3.21,0.0,1.0,97.66,Low Risk
STU-838F1B81,4,53.26,39.21,65.68,28.65,3.91,9.0,2.0,57.53,Medium Risk
STU-BE948896,1,65.08,44.08,52.94,40.03,3.55,3.0,0.0,68.68,Low Risk
STU-02E343C4,2,96.54,43.92,77.29,56.23,3.78,6.0,7.0,35.7,Medium Risk
STU-8A0E632A,2,82.25,64.72,17.31,39.06,3.19,8.0,5.0,80.61,High Risk
STU-3AA25EAA,1,35.77,40.05,93.79,18.04,3.46,1.0,0.0,57.5,Low Risk
STU-75F4ACB4,4,42.57,95.28,63.25,27.75,1.87,3.0,6.0,55.17,High Risk
STU-6AFB75FB,3,95.05,60.9,73.15,81.48,3.01,0.0,5.0,40.4,Low Risk
STU-611B3BD1,1,90.17,30.32,66.39,95.89,1.62,5.0,6.0,42.05,Medium Risk
STU-8A30408E,1,66.6,42.37,99.08,23.36,1.21,7.0,0.0,32.64,Medium Risk
STU-4BF88C0D,4,75.1,78.38,98.84,71.29,2.74,2.0,4.0,95.37,Low Risk
STU-FFBE6989,3,53.83,21.09,66.84,91.5,3.35,4.0,0.0,35.23,Low Risk
STU-56B3219B,3,86.53,95.03,73.14,36.92,1.25,0.0,5.0,18.28,Medium Risk
STU-E1085406,1,74.22,55.61,67.58,84.65,1.54,4.0,3.0,50.92,Medium Risk
STU-C0AF82AC,4,80.16,61.69,41.41,91.44,1.28,0.0,5.0,97.33,Low Risk
STU-E7BBE584,2,59.37,99.07,31.37,36.95,2.9,4.0,3.0,17.58,Medium Risk
STU-280997B2,3,62.98,60.27,49.23,15.11,1.24,8.0,7.0,36.95,High Risk
STU-159527F6,4,48.5,95.82,73.03,92.51,1.28,6.0,4.0,36.3,High Risk
STU-214D5970,1,96.62,93.22,19.76,39.74,1.79,6.0,3.0,60.26,Medium Risk
STU-C1DDE5C6,2,96.53,95.31,58.72,11.24,1.81,8.0,5.0,79.3,High Risk
STU-71CD4431,1,88.15,84.99,49.71,52.74,2.67,4.0,4.0,50.2,Medium Risk
STU-547B6046,2,95.81,43.71,59.84,20.43,1.1,7.0,4.0,42.95,High Risk
STU-B52A92D5,1,78.25,47.71,88.12,91.15,2.85,6.0,4.0,39.22,Medium Risk
STU-E6945B32,4,50.25,49.2,19.05,23.95,2.24,5.0,5.0,92.99,High Risk
STU-15732D1C,2,84.41,98.33,79.91,37.4,1.54,5.0,5.0,94.95,Medium Risk
STU-834D8805,3,56.14,48.86,71.69,81.14,2.96,6.0,3.0,64.28,Medium Risk
STU-118494ED,4,63.63,28.7,32.33,82.57,1.99,9.0,6.0,89.86,High Risk
STU-EF9D2514,4,52.83,82.27,77.41,91.12,3.48,2.0,5.0,98.95,Low Risk
STU-72443C72,2,62.54,49.29,57.19,54.77,3.97,4.0,2.0,63.09,Low Risk
STU-351681D1,2,79.16,69.67,55.89,98.8,3.34,1.0,6.0,40.31,Low Risk
STU-E71EB2E3,1,42.19,93.95,56.06,56.46,3.23,4.0,3.0,43.56,Low Risk
STU-100C34A3,1,41.84,66.04,95.68,81.16,2.07,7.0,4.0,67.05,Medium Risk
STU-006D393F,3,79.45,71.02,95.27,42.57,2.6,6.0,1.0,47.39,Low Risk
STU-697A3C9D,1,85.67,71.43,92.66,94.72,1.16,2.0,7.0,58.34,Medium Risk
STU-C1323D58,2,70.85,68.99,90.37,71.65,3.18,6.0,3.0,34.53,Low Risk
STU-7BEDFE50,1,46.81,32.78,18.19,16.94,3.03,1.0,1.0,99.46,Medium Risk
STU-BA3684B2,3,63.0,56.51,49.05,19.77,1.81,3.0,3.0,31.32,Medium Risk
STU-BDB9ADD6,2,84.28,20.61,91.06,90.17,2.6,9.0,6.0,92.69,Medium Risk
STU-3808352A,1,79.57,70.1,79.19,82.86,3.04,1.0,4.0,88.86,Low Risk
STU-880BD5C8,2,42.14,66.03,53.82,39.71,2.1,6.0,7.0,83.88,High Risk
STU-CAF85E53,3,97.99,45.45,80.73,56.94,3.18,4.0,3.0,94.65,Low Risk
STU-8877443A,3,49.52,61.91,32.7,86.75,3.39,8.0,7.0,83.49,Medium Risk
STU-880547B7,2,49.33,59.44,65.98,19.31,1.67,6.0,7.0,44.97,High Risk
STU-BA35EDFA,4,64.89,40.07,60.3,22.43,1.9,1.0,0.0,29.41,Medium Risk
STU-E429B3A1,1,56.27,43.46,63.75,74.4,2.2,3.0,0.0,57.82,Low Risk
STU-85133D14,1,98.96,81.0,76.35,17.4,1.71,2.0,4.0,15.46,Medium Risk
STU-76A18B2A,1,39.97,80.46,95.73,41.73,3.33,9.0,2.0,95.66,Medium Risk
STU-775BE513,2,54.92,57.58,37.44,32.66,2.72,1.0,1.0,87.77,Medium Risk
STU-E524D6CD,3,59.88,77.4,79.43,78.43,2.14,1.0,5.0,84.79,Medium Risk
STU-6D206C4B,1,67.07,56.06,69.84,10.22,1.05,7.0,3.0,45.37,High Risk
STU-D52861CC,3,36.07,88.11,74.09,20.38,1.98,5.0,4.0,24.76,Medium Risk
STU-DBB9058A,2,40.35,46.62,51.46,18.91,3.51,2.0,7.0,75.44,High Risk
STU-63805A3C,4,51.76,94.18,95.29,38.63,3.23,7.0,7.0,70.09,High Risk
STU-665DDD70,3,71.01,63.38,55.77,30.92,1.2,2.0,1.0,84.98,Medium Risk
STU-1AE4F0BE,3,84.91,62.86,25.34,30.55,3.4,4.0,6.0,58.3,Medium Risk
STU-A01A1681,3,79.62,73.66,72.86,43.34,1.54,0.0,3.0,27.87,Low Risk
STU-09992ADA,4,71.86,47.27,25.95,29.26,3.96,0.0,3.0,84.51,Low Risk
STU-4038638A,4,60.82,77.95,42.43,19.56,3.61,9.0,2.0,74.7,Medium Risk
STU-BF7B9B8D,2,91.6,45.63,34.38,62.49,3.74,1.0,1.0,96.43,Low Risk
STU-A7913280,2,64.89,51.8,60.81,95.66,3.31,6.0,7.0,22.63,Medium Risk
STU-4951EA7C,2,54.45,73.98,44.54,64.64,3.13,0.0,3.0,64.88,Medium Risk
STU-1CB2FE51,2,75.91,50.28,28.59,78.13,1.73,6.0,2.0,69.1,Medium Risk
STU-EF2BD275,2,79.99,36.0,82.22,97.5,2.76,9.0,0.0,99.99,Low Risk
STU-990B18AF,1,60.9,89.75,54.82,23.78,3.09,8.0,6.0,85.76,High Risk
STU-3206F98C,4,36.83,93.77,53.63,51.38,1.86,4.0,2.0,41.57,Medium Risk
STU-390F2DA3,2,41.12,70.14,90.34,62.37,2.19,5.0,1.0,55.19,Low Risk
STU-C6B08FCA,4,89.96,84.89,60.8,38.99,3.84,9.0,7.0,45.39,High Risk
STU-9F127E1D,2,38.68,98.93,75.34,65.18,2.22,6.0,6.0,93.02,High Risk
STU-2A9F6288,3,73.48,69.18,42.89,66.14,1.95,7.0,2.0,59.55,Medium Risk
STU-5293F1FD,2,46.94,92.7,62.71,85.8,1.32,1.0,7.0,91.65,Medium Risk
STU-45038240,3,49.88,48.74,76.75,84.93,2.02,1.0,7.0,45.77,Medium Risk
STU-237C70BC,2,52.77,76.04,40.2,22.83,2.84,8.0,6.0,30.28,High Risk
STU-6376E1A4,2,37.49,24.46,73.53,25.2,1.44,5.0,0.0,61.03,Medium Risk
STU-BCA66628,4,46.52,83.12,63.34,30.01,2.82,6.0,0.0,98.91,Medium Risk
STU-084473F8,1,77.28,86.38,51.91,33.51,3.22,4.0,7.0,68.42,Medium Risk
STU-037695DA,2,67.42,52.09,75.6,60.8,3.3,0.0,1.0,19.68,Low Risk
STU-7F5E74D9,1,86.83,71.12,41.94,39.47,3.95,7.0,7.0,17.87,High Risk
STU-78A8AE4F,4,38.98,88.67,75.73,95.77,2.3,0.0,4.0,51.52,Low Risk
STU-2D159735,1,92.78,90.69,61.84,20.65,1.1,0.0,2.0,18.17,Low Risk
STU-F8115106,3,99.77,28.52,35.88,32.18,3.56,1.0,1.0,23.89,Low Risk
STU-F4A151E1,1,36.02,86.2,71.8,88.15,1.25,4.0,3.0,79.04,Medium Risk
STU-7BCEC968,2,97.9,41.94,90.2,62.59,3.58,3.0,2.0,79.45,Low Risk
STU-0990277B,4,50.33,78.18,41.35,59.27,3.95,3.0,0.0,30.7,Low Risk
STU-A29EA241,1,80.02,46.01,84.05,63.49,3.72,0.0,2.0,87.34,Low Risk
STU-ABBBAB48,3,54.01,24.51,43.57,32.7,3.89,0.0,1.0,29.92,Low Risk
STU-7A4B3B37,1,68.92,36.79,84.8,78.53,1.07,9.0,7.0,79.96,High Risk
STU-833AFF9D,2,68.18,52.69,19.35,54.69,1.03,1.0,4.0,66.21,Medium Risk
STU-C3AE2AE0,2,58.47,79.3,15.61,13.83,1.63,1.0,4.0,87.8,Medium Risk
STU-20711DAC,3,81.64,28.06,24.63,25.94,3.4,0.0,5.0,79.04,Medium Risk
STU-FE47409E,3,73.98,85.03,89.29,83.5,1.27,9.0,3.0,15.03,Medium Risk
STU-DC420560,3,68.04,99.76,60.37,41.05,3.24,7.0,1.0,20.16,Medium Risk
STU-921B3D3A,1,98.88,83.06,65.5,79.61,1.04,2.0,7.0,17.73,Medium Risk
STU-2AB91AE6,2,96.1,57.9,86.59,69.7,3.19,7.0,5.0,85.85,Medium Risk
STU-376D5EBB,1,97.1,65.45,19.3,37.13,1.75,4.0,2.0,65.65,Medium Risk
STU-FF8F4F16,3,92.29,20.49,47.9,21.43,2.32,2.0,7.0,97.28,Medium Risk
STU-6BB7679C,4,51.59,36.74,69.66,82.63,3.93,5.0,0.0,48.02,Low Risk
STU-3CE94778,1,57.75,91.92,49.4,67.88,2.66,1.0,2.0,30.2,Medium Risk
STU-2A3A197B,1,50.02,21.74,17.73,37.07,1.22,0.0,6.0,43.9,High Risk
STU-52C9BDE3,1,99.1,92.38,70.33,57.09,3.62,8.0,2.0,38.01,Medium Risk
STU-33E9CBAB,4,44.92,29.06,48.27,65.07,1.97,2.0,0.0,87.13,Medium Risk
STU-2D77038E,4,58.82,30.65,16.63,10.19,2.76,6.0,3.0,37.61,High Risk
STU-67EFDBD2,2,47.94,34.03,29.49,70.35,3.14,8.0,5.0,26.34,High Risk
STU-E4EBFF5D,2,49.52,83.95,33.49,69.05,3.33,3.0,4.0,43.3,Medium Risk
STU-64F5D300,2,51.06,58.25,58.4,17.43,2.3,8.0,6.0,82.81,High Risk
STU-BF529078,3,76.58,31.62,30.84,80.9,3.32,3.0,5.0,49.06,Medium Risk
STU-44FB5D76,3,39.94,74.94,45.71,84.26,1.35,1.0,4.0,67.29,Medium Risk
STU-93A3DE0A,2,72.21,95.26,78.81,36.11,2.58,5.0,5.0,32.47,Medium Risk
STU-AEDFC774,4,88.25,65.8,83.66,24.6,1.07,8.0,6.0,21.41,High Risk
STU-03796FF6,2,84.82,27.9,82.61,71.78,2.22,2.0,5.0,34.89,Medium Risk
STU-3F723BD0,1,44.83,24.38,74.08,21.1,2.09,1.0,2.0,84.68,Medium Risk
STU-32465A55,3,94.46,83.67,61.05,87.22,3.93,4.0,5.0,73.48,Low Risk
STU-B46DF805,2,85.06,70.09,61.8,53.21,2.19,6.0,6.0,21.98,High Risk
STU-69900E98,4,35.34,93.81,96.04,91.88,3.72,5.0,1.0,33.25,Low Risk
STU-0A63E311,2,82.93,63.78,89.62,67.8,2.31,3.0,4.0,34.68,Low Risk
STU-67E90157,2,82.93,24.99,70.23,35.66,2.6,8.0,6.0,38.95,High Risk
STU-E490FC52,3,67.29,52.29,54.82,52.12,2.05,0.0,7.0,71.09,Medium Risk
STU-55AFC427,2,37.99,72.64,76.97,57.64,2.92,9.0,5.0,29.03,High Risk
STU-BEBDD01A,2,72.69,50.79,20.33,83.36,3.22,0.0,3.0,25.04,Low Risk
STU-324566E3,4,84.77,99.97,95.29,87.57,3.37,6.0,7.0,58.55,Medium Risk
STU-46D55BF1,2,52.61,52.43,61.54,71.47,3.08,4.0,3.0,42.8,Medium Risk
STU-6EF1A94D,1,78.36,63.7,57.74,36.48,1.99,3.0,0.0,33.87,Low Risk
STU-8253E43C,4,58.01,38.03,39.72,57.57,1.99,4.0,1.0,29.8,Medium Risk
STU-406C6464,1,72.3,32.17,15.29,21.76,2.04,2.0,7.0,37.2,High Risk
STU-C71D63F1,1,60.0,71.62,20.21,30.71,1.11,0.0,4.0,18.27,High Risk
STU-2EAB8CFE,3,54.74,67.09,37.36,37.28,3.83,8.0,1.0,41.53,Medium Risk
STU-30454335,1,90.63,20.35,61.03,16.55,1.59,4.0,7.0,47.58,High Risk
STU-DFDB3575,4,84.0,42.78,22.1,89.65,1.48,9.0,4.0,34.19,Medium Risk
STU-18CECA02,2,57.45,71.49,97.62,21.04,2.66,5.0,0.0,69.85,Low Risk
STU-15F6AABF,3,63.25,84.98,49.93,72.72,1.14,7.0,1.0,88.0,Medium Risk
STU-5BAA5703,1,79.96,44.99,41.89,55.51,3.51,9.0,1.0,77.8,Low Risk
STU-15139ABF,2,87.72,71.79,59.64,84.86,3.63,5.0,4.0,31.88,Low Risk
STU-BB35D151,3,79.48,41.22,20.52,76.69,2.19,9.0,2.0,26.11,Medium Risk
STU-70A25400,2,70.16,75.23,87.29,78.38,3.91,2.0,4.0,93.57,Low Risk
STU-DE822E56,3,97.04,75.84,54.12,47.65,1.97,7.0,1.0,53.62,Medium Risk
STU-EB180EEF,1,85.32,30.42,30.16,85.06,1.78,1.0,0.0,88.45,Medium Risk
STU-8AC780CE,3,42.51,73.21,28.75,18.53,3.97,6.0,0.0,70.4,Low Risk
STU-580145A6,2,71.28,46.69,45.68,50.0,1.75,5.0,2.0,77.07,Medium Risk
STU-F03EB467,3,61.62,33.81,63.74,99.52,2.33,1.0,2.0,31.56,Low Risk
STU-0AF79E70,3,86.67,60.03,50.44,95.33,2.84,3.0,1.0,82.41,Low Risk
STU-E483320A,1,37.9,56.18,65.73,17.4,1.97,2.0,2.0,49.28,Medium Risk
STU-FA59364C,2,61.7,81.91,74.97,61.57,2.15,0.0,7.0,46.42,Medium Risk
STU-C7E29A32,1,55.69,26.76,78.62,38.41,3.16,2.0,0.0,67.36,Low Risk
STU-272B6B62,2,44.18,83.18,49.08,75.56,3.17,6.0,1.0,38.54,Low Risk
STU-99063DCC,3,59.62,28.49,75.95,76.22,3.41,5.0,5.0,37.92,Medium Risk
STU-218E3185,1,78.73,36.6,27.03,10.01,2.78,2.0,5.0,21.67,Medium Risk
STU-1B2D66D3,4,58.51,61.27,58.61,86.12,1.7,1.0,2.0,48.69,Medium Risk
STU-08ECE274,2,72.7,57.05,21.16,30.12,2.0,5.0,0.0,66.86,Low Risk
STU-45364DE5,4,73.53,99.11,35.75,96.93,3.7,6.0,2.0,37.44,Low Risk
STU-240C4F31,1,73.16,67.16,64.57,91.49,3.2,1.0,0.0,91.06,Low Risk
STU-3F6D93BC,4,69.42,46.19,77.94,27.16,1.26,6.0,5.0,97.9,High Risk
STU-02DCD43C,1,42.6,92.01,23.1,67.27,3.26,2.0,1.0,27.37,Low Risk
STU-C7BEB696,2,49.2,44.98,32.6,36.67,1.99,5.0,0.0,59.64,Medium Risk
STU-F239C008,4,87.0,41.9,99.31,19.27,1.07,4.0,5.0,40.65,Medium Risk
STU-CABEC474,1,67.65,59.55,43.7,88.66,2.45,0.0,3.0,48.45,Low Risk
STU-7CD74F22,1,80.89,93.05,39.14,26.27,3.65,8.0,4.0,52.69,Medium Risk
STU-19172B6E,4,72.04,76.68,22.25,47.89,2.33,3.0,6.0,53.31,Medium Risk
STU-CA2473CE,3,37.51,74.2,74.06,93.18,3.97,4.0,0.0,47.09,Low Risk
STU-4E35AD98,2,86.75,78.09,58.2,16.78,1.53,2.0,7.0,45.35,High Risk
STU-29AD1E34,1,39.18,72.77,28.39,59.55,2.05,6.0,7.0,21.55,High Risk
STU-EB1F4A42,3,96.31,80.78,68.8,61.49,1.05,9.0,3.0,48.02,High Risk
STU-CC8B155E,1,49.0,35.42,59.69,78.68,1.15,3.0,2.0,99.02,Medium Risk
STU-7E7B7621,4,68.31,34.18,63.02,84.44,2.06,3.0,5.0,53.97,Medium Risk
STU-4AB0DDC9,3,39.13,48.97,99.56,48.17,2.59,8.0,7.0,46.47,Medium Risk
STU-52EC16B2,3,93.17,88.08,17.43,76.93,1.71,2.0,5.0,79.7,Medium Risk
STU-52A3893D,1,98.7,77.16,92.77,91.94,1.5,4.0,4.0,90.67,Medium Risk
STU-3CBE223B,4,44.51,65.32,86.56,89.76,2.26,2.0,0.0,71.3,Low Risk
STU-1E5A7CCE,2,54.23,21.56,50.3,55.16,1.51,1.0,0.0,45.61,Medium Risk
STU-2FE9B3A5,4,36.03,38.86,89.88,64.63,2.89,5.0,1.0,49.34,Low Risk
STU-EA9BB723,1,86.15,84.28,70.13,70.55,3.87,7.0,0.0,50.57,Low Risk
STU-8875BDE7,3,55.25,39.4,90.6,83.72,3.42,4.0,4.0,23.78,Low Risk
STU-5CD97143,3,73.27,78.42,65.55,55.7,1.65,1.0,2.0,60.67,Low Risk
STU-C92D4727,1,37.55,34.77,33.37,20.07,3.85,4.0,1.0,30.76,Low Risk
STU-441BE5A3,2,81.5,68.51,63.98,44.68,3.25,9.0,4.0,71.79,Medium Risk
STU-4FB95FB4,1,69.41,70.26,30.22,74.82,1.46,5.0,7.0,79.45,High Risk
STU-D922C26F,2,82.12,80.16,26.97,66.14,2.74,0.0,6.0,64.97,Medium Risk
STU-361D9DDA,2,86.32,55.07,70.6,77.81,3.9,2.0,0.0,38.67,Low Risk
STU-F889EFC9,2,40.8,70.61,95.54,55.0,1.29,6.0,5.0,84.73,High Risk
STU-4248835F,3,72.58,58.96,65.02,25.7,1.81,8.0,4.0,32.16,High Risk
STU-70FD3041,3,77.25,95.79,82.64,20.37,2.12,7.0,4.0,33.58,Medium Risk
STU-7B8240B7,1,68.59,61.75,29.31,53.31,1.35,3.0,5.0,26.63,High Risk
STU-A3F13BB3,3,46.86,36.77,70.61,28.52,1.9,5.0,2.0,79.57,Medium Risk
STU-5B11A013,4,86.71,73.43,77.3,98.4,3.08,9.0,5.0,61.29,Medium Risk
STU-12E3F167,2,99.83,63.88,18.54,27.89,2.43,8.0,6.0,24.33,High Risk
STU-E6D9081A,1,98.0,84.31,23.26,61.01,2.26,6.0,7.0,65.23,High Risk
STU-756CC001,2,85.54,34.15,81.43,10.16,2.3,9.0,7.0,87.95,High Risk
STU-07AAAE38,3,62.18,40.88,52.4,32.83,3.28,1.0,5.0,53.41,Medium Risk
STU-279819FB,3,56.92,93.73,49.47,33.32,3.97,5.0,7.0,85.59,Medium Risk
STU-31DA4F4C,3,39.46,94.4,93.23,76.42,2.77,7.0,0.0,94.56,Low Risk
STU-8A2418E6,1,62.06,55.38,99.32,54.61,3.25,0.0,3.0,37.66,Low Risk
STU-C034E8EC,4,45.14,23.82,79.97,11.09,2.12,0.0,5.0,62.97,Medium Risk
STU-EFFA17E3,2,51.53,44.52,82.37,44.13,3.58,0.0,1.0,90.76,Low Risk
STU-B131DF0D,1,92.97,39.77,32.71,68.03,2.26,3.0,5.0,66.83,Medium Risk
STU-E523E352,1,97.95,53.17,31.34,67.3,3.81,1.0,5.0,52.03,Low Risk
STU-38AC856F,2,96.66,45.42,98.36,14.85,3.23,6.0,2.0,65.68,Low Risk
STU-F0F5AFCA,3,47.57,86.32,74.08,93.6,3.12,3.0,6.0,78.49,Low Risk
STU-91BEC1E9,3,93.56,20.24,73.37,32.23,1.87,6.0,1.0,38.35,Medium Risk
STU-F1C24813,4,44.2,71.57,39.33,90.24,3.39,9.0,7.0,27.15,Medium Risk
STU-327C99AD,1,68.0,73.14,90.35,29.21,1.32,1.0,6.0,31.12,Medium Risk
STU-03BDD3B8,4,76.84,72.85,18.78,61.11,2.61,2.0,5.0,76.82,Medium Risk
STU-8CBCAE85,3,65.06,61.65,38.34,46.55,3.21,0.0,0.0,24.45,Low Risk
STU-8499B374,2,96.87,68.89,30.31,62.32,3.65,8.0,5.0,42.49,Medium Risk
STU-F6EF73CD,4,56.66,84.84,75.44,54.81,2.71,5.0,7.0,85.87,Medium Risk
STU-CCB04C84,3,69.28,82.74,75.8,10.18,1.77,9.0,5.0,90.24,High Risk
STU-FB3AB16D,2,39.9,22.77,60.45,41.62,3.55,9.0,1.0,97.28,Medium Risk
STU-9A324554,4,90.39,22.43,15.45,11.01,3.3,6.0,4.0,66.71,High Risk
STU-17C41791,3,61.87,87.12,89.27,71.5,1.46,3.0,4.0,35.31,Medium Risk
STU-C7DFECE3,3,80.53,65.98,96.22,86.81,3.62,3.0,4.0,71.54,Low Risk
STU-B71C6D91,4,79.35,96.59,32.2,44.62,3.88,9.0,6.0,31.07,Medium Risk
STU-F4163C1B,2,78.96,54.53,86.59,57.23,2.61,9.0,3.0,35.45,Medium Risk
STU-2949A2E9,3,67.95,34.14,97.73,15.93,1.12,7.0,4.0,93.94,High Risk
STU-03B5E1F1,3,53.04,57.86,42.79,44.67,3.75,0.0,4.0,15.83,Low Risk
STU-1FB41C75,2,75.63,54.92,30.73,22.5,1.37,6.0,0.0,61.7,Medium Risk
STU-DC3D0625,1,97.52,61.37,98.09,15.82,2.9,3.0,4.0,19.96,Medium Risk
STU-2EB3E651,3,89.21,84.64,20.08,25.48,2.2,3.0,7.0,33.93,Medium Risk
STU-0E3E6847,1,42.07,72.45,38.46,88.38,3.98,7.0,6.0,45.08,Medium Risk
STU-207847B2,3,36.51,34.82,78.07,98.4,3.75,5.0,3.0,24.23,Low Risk
STU-6AFDE24D,4,67.43,78.76,67.48,89.13,3.35,4.0,6.0,17.94,Medium Risk
STU-6DB13E50,2,85.43,67.35,73.18,97.27,1.6,8.0,3.0,45.22,Medium Risk
STU-0540DAED,1,55.4,66.26,75.19,75.77,3.1,1.0,2.0,58.51,Low Risk
STU-214273AD,1,80.58,74.26,73.32,24.37,2.72,6.0,7.0,83.58,High Risk
STU-E3A2B067,3,95.57,65.12,44.09,60.69,1.41,1.0,3.0,43.73,Medium Risk
STU-BA8DA706,4,64.83,56.6,41.48,75.84,3.38,4.0,4.0,41.43,Medium Risk
STU-FAD6DFD2,2,50.87,71.23,51.42,56.21,1.26,2.0,7.0,15.97,High Risk
STU-D994C5A9,1,94.65,77.9,83.65,59.92,2.44,8.0,7.0,67.44,Medium Risk
STU-4F96428F,3,65.7,38.06,94.75,62.76,2.28,5.0,7.0,80.08,High Risk
STU-D0D14816,3,61.51,59.76,53.7,52.02,3.42,5.0,6.0,15.31,Medium Risk
STU-378BFB9C,2,57.97,56.65,22.29,36.15,2.28,2.0,7.0,15.48,High Risk
STU-0162680C,3,62.5,23.19,94.76,67.33,3.08,8.0,1.0,88.61,Medium Risk
STU-C99CE471,2,78.79,86.76,21.84,14.82,2.43,6.0,2.0,38.59,Medium Risk
STU-9ADEF574,3,63.19,50.19,28.52,25.38,2.75,4.0,3.0,59.71,Medium Risk
STU-F81A94CE,2,56.07,25.82,88.75,93.27,1.72,9.0,2.0,71.01,Medium Risk
STU-B31DAAB8,1,83.34,56.63,61.88,53.99,1.61,6.0,6.0,69.8,High Risk
STU-CD611754,4,48.19,32.92,44.98,83.95,3.13,9.0,0.0,62.54,Low Risk
STU-0E8D4FFD,2,48.13,76.35,94.13,75.39,1.37,1.0,7.0,32.05,Medium Risk
STU-1E61AF27,2,80.27,65.74,96.64,38.86,1.53,5.0,4.0,79.38,Medium Risk
STU-12257840,4,91.34,41.61,43.11,82.33,3.82,4.0,6.0,63.35,Medium Risk
STU-22733DAD,3,50.68,96.04,88.82,18.22,1.76,5.0,4.0,42.37,High Risk
STU-27AD647E,1,47.42,43.34,72.67,88.75,1.97,7.0,5.0,73.85,Medium Risk
STU-8CCDF208,3,78.57,64.4,38.33,71.25,2.9,2.0,5.0,27.85,Low Risk
STU-3D9DBF94,4,75.35,84.13,95.02,93.44,2.32,9.0,2.0,46.18,Medium Risk
STU-CC79631B,3,64.07,61.11,20.36,90.6,2.68,7.0,3.0,31.84,High Risk
STU-6D17AA88,1,41.23,96.87,42.03,44.22,1.43,8.0,1.0,45.65,Medium Risk
STU-FCE936AD,3,40.97,87.51,48.68,87.11,3.02,4.0,3.0,62.09,Medium Risk
STU-7712158F,3,85.53,93.68,73.71,60.67,1.47,4.0,2.0,53.99,Medium Risk
STU-144F7970,4,64.36,49.82,18.27,24.14,3.24,6.0,5.0,63.53,Medium Risk
STU-853AAD82,1,90.77,63.87,90.63,84.66,2.57,3.0,3.0,40.75,Low Risk
STU-5B35808C,3,72.36,87.21,71.02,91.71,3.45,2.0,2.0,22.65,Low Risk
STU-6EFB002B,1,75.22,92.28,38.38,17.61,1.52,2.0,4.0,24.74,Medium Risk
STU-5B4936E6,3,95.72,95.55,70.96,93.75,2.13,8.0,4.0,45.86,Medium Risk
STU-6261DDA3,4,45.7,90.33,60.64,64.11,3.54,9.0,4.0,50.67,Medium Risk
STU-EEB042CE,1,70.3,78.46,43.58,12.33,3.4,0.0,2.0,76.27,Low Risk
STU-C002F6D4,2,38.78,21.94,17.43,58.76,3.9,8.0,6.0,39.81,High Risk
STU-1A460E10,3,58.33,45.2,61.84,81.71,1.67,7.0,5.0,75.36,High Risk
STU-E49DB44A,3,44.63,30.31,21.99,57.99,2.62,0.0,4.0,66.73,Medium Risk
STU-29FC1EB4,2,47.21,32.38,83.86,73.65,1.05,7.0,0.0,39.18,Medium Risk
STU-CE16106A,3,95.76,43.27,22.52,89.16,3.9,3.0,6.0,97.94,Low Risk
STU-06C839F1,4,74.69,25.98,51.44,88.28,1.53,5.0,6.0,37.72,High Risk
STU-E500FE63,3,92.99,39.44,51.94,26.1,3.71,7.0,1.0,60.05,Medium Risk
STU-8D5E2B83,3,63.83,96.56,62.28,48.44,3.03,0.0,2.0,86.5,Low Risk
STU-3465DA91,2,73.85,44.96,18.36,20.0,3.81,3.0,5.0,33.46,High Risk
STU-A68C3653,4,37.09,32.78,32.33,63.56,1.74,1.0,5.0,20.77,Medium Risk
STU-406C42E1,1,65.52,77.46,31.96,95.93,2.04,0.0,4.0,56.57,Low Risk
STU-8AAD623E,1,71.66,86.28,65.91,26.37,1.49,3.0,0.0,67.52,Low Risk
STU-A6D4AAEF,2,36.09,45.12,37.41,46.33,2.27,2.0,6.0,25.65,High Risk
STU-AC89AC86,3,86.32,42.28,27.26,95.86,3.84,8.0,3.0,24.12,Medium Risk
STU-CAEB342A,4,54.2,39.34,16.56,77.51,2.71,0.0,1.0,21.96,Low Risk
STU-0B3F4F03,1,64.41,51.46,86.45,16.41,2.25,5.0,5.0,70.88,High Risk
STU-EB5E1D44,4,69.82,26.98,97.58,48.56,1.97,3.0,5.0,94.39,Medium Risk
STU-FE6213FC,4,99.49,73.53,74.78,98.91,2.75,3.0,1.0,93.59,Low Risk
STU-9680C8E7,3,41.45,85.78,50.08,50.79,3.17,2.0,7.0,83.72,Medium Risk
STU-92ABB47F,3,71.09,73.09,25.37,66.65,2.22,1.0,4.0,46.81,Medium Risk
STU-63813440,1,69.49,53.7,55.38,73.09,1.69,3.0,2.0,63.56,Low Risk
STU-00D33799,1,39.48,43.12,53.87,69.75,2.76,6.0,5.0,99.99,Medium Risk
STU-619A38F5,4,76.21,52.76,50.69,56.68,2.1,6.0,7.0,85.83,High Risk
STU-71892923,2,53.65,53.91,47.16,21.95,3.98,0.0,6.0,22.37,Medium Risk
STU-60E37FB8,1,41.74,73.28,57.22,73.76,2.32,9.0,2.0,15.18,Medium Risk
STU-CD8E765F,3,46.61,94.24,21.22,94.0,2.3,2.0,0.0,47.68,Low Risk
STU-9323AED6,4,88.53,25.65,18.26,94.75,3.52,3.0,2.0,17.29,Low Risk
STU-08A0A6B3,3,41.77,96.27,20.44,63.41,1.75,2.0,4.0,79.71,Medium Risk
STU-AAC4D122,2,65.35,92.82,32.0,54.3,1.2,5.0,1.0,66.74,Medium Risk
STU-1C2F106A,2,47.69,29.42,38.64,40.06,3.56,6.0,7.0,71.29,Medium Risk
STU-3092E4B7,3,45.55,34.69,29.4,19.32,2.77,3.0,7.0,93.53,High Risk
STU-90FBCCFA,1,48.37,44.93,36.41,89.48,1.78,6.0,6.0,98.74,High Risk
STU-603796DB,1,67.03,64.77,30.8,22.33,2.03,5.0,1.0,42.41,Medium Risk
STU-25BE550C,2,50.46,30.76,27.81,35.92,2.28,0.0,1.0,26.86,Medium Risk
STU-87603D89,3,41.29,36.03,39.9,76.64,3.04,0.0,4.0,17.25,Medium Risk
STU-08252963,2,87.09,92.21,48.79,73.43,2.4,3.0,3.0,89.04,Medium Risk
STU-A4A42C4E,2,70.09,28.74,78.26,71.29,2.19,6.0,4.0,39.57,Medium Risk
STU-635C4667,1,45.2,51.91,96.22,76.75,3.34,3.0,1.0,17.87,Low Risk
STU-8675974D,1,65.64,81.04,93.11,58.78,1.22,6.0,1.0,65.75,Medium Risk
STU-D457E74F,1,39.44,91.09,55.45,23.95,2.96,5.0,7.0,49.09,High Risk
STU-6301771D,2,72.73,46.88,54.21,99.85,2.35,3.0,2.0,89.02,Low Risk
STU-C6EBB301,3,57.12,33.16,25.68,90.29,2.0,9.0,7.0,23.67,High Risk
STU-97110329,2,41.73,78.96,97.6,48.8,3.78,7.0,1.0,65.6,Medium Risk
STU-F7B99E4B,2,46.94,81.8,79.61,57.73,3.33,0.0,6.0,82.12,Medium Risk
STU-400752B1,1,57.47,98.4,87.04,45.42,1.66,6.0,5.0,88.61,Medium Risk
STU-B1D526D2,2,87.42,31.16,34.9,67.42,2.96,0.0,6.0,21.08,Medium Risk
STU-E5688C47,1,46.29,76.75,49.09,75.8,3.47,5.0,0.0,81.53,Low Risk
STU-0EAEF197,1,42.13,53.38,23.72,30.84,3.97,6.0,4.0,82.63,Medium Risk
STU-822CBC09,2,68.54,93.17,94.97,48.95,3.1,5.0,6.0,37.26,Medium Risk
STU-EA8BB39E,4,71.32,52.63,39.3,67.62,3.07,3.0,2.0,40.59,Low Risk
STU-1919A71D,2,40.87,55.68,65.66,98.92,2.84,7.0,2.0,93.25,Low Risk
STU-D4D84739,4,53.49,30.14,27.94,39.24,1.12,7.0,5.0,68.35,High Risk
STU-4E40AC21,2,52.08,45.67,83.24,77.05,2.76,1.0,3.0,17.59,Low Risk
STU-0793146B,2,47.1,52.07,30.84,41.2,3.42,0.0,3.0,84.54,Medium Risk
STU-A86A9CD8,4,55.52,21.4,83.8,18.31,2.19,7.0,1.0,97.52,Medium Risk
STU-0017D8EF,1,37.41,55.01,49.15,79.31,2.76,6.0,0.0,49.91,Low Risk
STU-3FA9BEF3,1,77.35,46.91,64.11,68.44,3.78,9.0,6.0,78.93,Medium Risk
STU-F6EBD271,4,99.25,84.31,37.93,56.29,1.52,1.0,7.0,76.51,High Risk
STU-E4BA0CEB,2,76.21,28.57,90.04,70.75,1.84,4.0,0.0,49.15,Medium Risk
STU-53C2F706,1,58.47,80.82,79.59,89.14,1.33,4.0,2.0,53.54,Medium Risk
STU-DF06C9D8,1,78.41,77.12,45.11,78.09,2.5,6.0,6.0,67.77,High Risk
STU-351DE3BC,4,72.15,39.34,64.76,87.2,3.52,1.0,4.0,29.8,Low Risk
STU-D09337AA,4,90.04,26.66,25.96,36.1,2.31,8.0,3.0,58.06,High Risk
STU-C3C62612,2,75.42,87.35,28.64,82.04,1.21,8.0,6.0,43.54,High Risk
STU-69E361DB,1,76.21,39.95,60.36,42.4,1.79,4.0,2.0,22.16,Medium Risk
STU-0A3D4ACE,4,49.41,31.64,69.45,11.86,3.67,1.0,3.0,32.04,Medium Risk
STU-31C85615,2,62.02,48.72,62.38,13.89,2.67,6.0,3.0,57.63,Medium Risk
STU-2A8A74DE,2,57.39,52.07,62.55,75.73,3.74,3.0,6.0,92.15,Medium Risk
STU-3FEE591A,3,35.74,46.09,78.09,34.47,3.5,2.0,0.0,88.16,Low Risk
STU-68E014C2,2,55.36,98.12,91.7,37.68,2.24,6.0,2.0,93.0,Low Risk
STU-63E71F10,3,66.59,90.47,47.95,66.03,2.9,6.0,0.0,35.78,Low Risk
STU-3F05331A,4,73.99,89.84,60.64,76.74,2.99,0.0,7.0,85.28,Medium Risk
STU-5067D015,4,95.75,51.9,90.91,60.3,3.24,6.0,5.0,44.2,Medium Risk
STU-9A730155,2,50.54,97.03,54.46,73.57,2.0,9.0,0.0,96.79,Low Risk
STU-E5C585F7,2,44.91,74.72,52.84,94.69,1.87,4.0,2.0,37.15,Medium Risk
STU-4713BB68,2,91.51,86.56,80.15,86.87,3.05,6.0,4.0,43.2,Low Risk
STU-15DF5E80,2,96.22,60.07,89.57,31.67,3.46,7.0,3.0,15.78,Medium Risk
STU-A1154615,2,66.72,32.85,77.7,91.61,2.24,9.0,7.0,93.41,High Risk
STU-80DFDBB0,2,42.49,90.95,23.51,36.75,1.96,6.0,0.0,67.17,Medium Risk
STU-3E129CD6,1,66.55,58.91,54.51,69.45,3.48,9.0,4.0,41.53,High Risk
STU-B27838BC,1,42.11,97.48,33.02,88.72,3.06,1.0,1.0,27.24,Low Risk
STU-35F7A275,2,92.41,40.39,41.97,66.11,2.03,3.0,7.0,69.89,Medium Risk
STU-ACFEB002,3,81.03,99.39,54.84,82.56,2.59,5.0,2.0,23.15,Low Risk
STU-1AFD0F6A,3,50.67,37.79,33.83,93.46,3.88,8.0,1.0,27.34,Medium Risk
STU-E17E0C5D,2,92.63,49.45,58.85,97.02,3.25,4.0,5.0,58.02,Medium Risk
STU-5C9A302E,3,76.46,67.52,69.68,46.96,1.66,1.0,5.0,26.23,Medium Risk
STU-66BAF481,3,96.96,75.47,89.37,99.35,1.89,3.0,7.0,22.72,Medium Risk
STU-FCD01CBE,2,98.73,77.62,32.97,34.45,1.8,7.0,1.0,73.98,Medium Risk
STU-095E697B,1,35.21,58.1,41.4,51.6,3.55,3.0,2.0,54.2,Low Risk
STU-331E3CC7,2,42.81,26.15,49.49,78.46,2.92,7.0,3.0,19.22,Medium Risk
STU-1CB89A78,2,70.55,59.68,34.09,97.31,3.82,3.0,7.0,19.08,Medium Risk
STU-6F4DCB5D,1,97.13,46.78,43.22,14.76,1.27,7.0,4.0,96.64,High Risk
STU-6182E2CD,4,99.63,72.61,90.08,95.11,1.16,2.0,1.0,19.6,Low Risk
STU-D4ED8D0D,2,71.88,34.58,26.79,99.88,3.03,3.0,7.0,52.78,Medium Risk
STU-F9041C55,3,46.3,51.51,52.72,91.86,1.8,9.0,6.0,48.09,High Risk
STU-27C70FD8,2,45.6,97.29,41.43,19.75,3.04,8.0,1.0,57.75,Medium Risk
STU-61DDDCD7,1,84.65,27.11,21.56,85.66,3.17,4.0,4.0,89.84,Medium Risk
STU-42BD1E66,1,73.48,68.19,23.17,67.58,1.91,2.0,1.0,72.46,Low Risk
STU-E3B2D5BE,3,70.67,27.25,81.71,10.86,3.86,2.0,2.0,81.16,Low Risk
STU-58BFAAE8,1,65.27,32.56,87.45,98.59,3.32,3.0,4.0,51.44,Low Risk
STU-F8F2999C,1,82.13,68.39,78.02,23.55,2.1,1.0,0.0,63.02,Low Risk
STU-46893BCB,4,90.77,55.52,60.83,45.71,2.24,6.0,7.0,20.8,High Risk
STU-020E4498,2,54.69,63.88,80.68,12.72,3.15,6.0,0.0,21.13,Low Risk
STU-24AA9FB9,1,49.36,90.39,27.92,37.86,1.91,8.0,3.0,88.91,High Risk
STU-F6AA5A70,2,78.56,85.38,81.32,61.15,1.89,7.0,7.0,58.1,High Risk
STU-C0D9284E,3,94.46,91.04,51.0,93.78,2.87,2.0,6.0,24.26,Medium Risk
STU-1F1EEC41,2,57.63,69.3,78.78,99.13,1.4,4.0,5.0,21.37,Medium Risk
STU-EF218973,1,52.71,59.17,34.36,48.1,3.98,7.0,1.0,93.16,Low Risk
STU-ADBAFECF,2,49.7,56.74,85.77,48.54,1.86,7.0,2.0,29.5,Medium Risk
STU-50DA74FB,1,51.54,79.18,63.29,24.43,2.15,1.0,6.0,51.69,Medium Risk
STU-6DF00527,3,43.77,61.7,15.62,54.85,1.67,0.0,4.0,81.53,Medium Risk
STU-828D01A3,3,73.79,28.46,59.14,94.61,2.93,4.0,5.0,88.71,Medium Risk
STU-D729ED92,1,53.25,31.36,41.37,24.89,1.18,0.0,5.0,88.47,High Risk
STU-E2C7AB86,2,74.97,48.57,19.89,33.98,3.78,6.0,1.0,90.09,Low Risk
STU-698B707F,2,40.4,25.43,53.02,90.22,1.91,7.0,5.0,27.78,High Risk
STU-9CB2C653,3,42.5,39.14,41.47,66.38,3.78,5.0,2.0,51.4,Medium Risk
STU-DB935900,2,69.85,72.51,32.37,39.75,1.76,2.0,2.0,71.1,Medium Risk
STU-9345C19B,2,68.25,20.99,44.68,83.15,2.54,9.0,0.0,91.6,Medium Risk
STU-8F2670F2,4,52.65,68.33,30.27,19.81,3.09,0.0,0.0,51.41,Low Risk
STU-B2AF9D2D,1,88.76,81.79,40.48,87.25,2.84,1.0,2.0,67.8,Low Risk
STU-D41D7088,4,47.16,33.61,24.8,56.62,2.54,1.0,7.0,96.59,Medium Risk
STU-75F6E7DE,1,58.44,34.48,22.17,78.12,3.37,9.0,1.0,96.96,Medium Risk
STU-7E169EFB,2,71.11,22.31,92.35,56.66,2.41,1.0,7.0,71.65,Medium Risk
STU-687D0AD2,2,91.37,61.0,91.74,32.16,2.0,9.0,4.0,57.77,Medium Risk
STU-1A7F7C83,1,62.21,72.37,85.38,67.68,3.16,4.0,7.0,63.66,Medium Risk
STU-92973D18,1,60.91,56.55,34.58,23.93,3.81,1.0,3.0,91.6,Low Risk
STU-99FF224D,1,72.67,51.16,76.7,30.69,2.8,8.0,6.0,73.93,High Risk
STU-4784E838,4,55.59,56.35,65.13,59.44,1.84,5.0,1.0,35.5,Medium Risk
STU-8A06C37D,2,81.1,82.52,19.35,45.1,3.29,6.0,6.0,31.56,Medium Risk
STU-FECECC3B,3,51.17,22.68,91.46,77.07,3.29,2.0,2.0,29.21,Low Risk
STU-07832233,3,88.51,82.71,99.83,62.52,1.8,9.0,4.0,65.72,High Risk
STU-06BE3D3F,3,52.7,73.31,75.24,44.32,2.15,6.0,3.0,69.03,Medium Risk
STU-DE43EFD8,3,99.53,39.31,34.68,39.41,1.42,3.0,6.0,21.75,High Risk
STU-A759CF25,2,55.57,61.98,62.12,92.19,1.24,7.0,2.0,78.48,Medium Risk
STU-0FD4D8DE,1,92.12,23.94,24.3,13.61,3.42,8.0,4.0,61.87,Medium Risk
STU-01FF3A81,2,60.83,50.37,40.4,72.19,2.12,4.0,6.0,40.43,High Risk
STU-816566C7,1,50.99,33.92,75.97,45.27,1.84,2.0,4.0,96.3,Medium Risk
STU-E9BFB777,1,49.7,21.78,40.59,43.96,1.77,5.0,3.0,57.02,High Risk
STU-4C0C6F0F,1,90.26,48.57,27.51,68.67,1.22,2.0,6.0,55.58,Medium Risk
STU-3DE5F880,4,55.07,78.09,15.64,86.54,3.95,5.0,7.0,52.58,Medium Risk
STU-A46E8AD3,4,57.01,93.68,63.66,75.2,2.1,6.0,2.0,62.58,Medium Risk
STU-E2356960,1,47.8,72.98,97.34,70.31,1.49,5.0,7.0,19.06,High Risk
STU-21BD6EDD,1,97.49,52.16,56.15,54.66,3.59,3.0,5.0,19.0,Low Risk
STU-CCB3837C,1,50.91,99.96,33.07,52.23,3.17,6.0,0.0,54.28,Medium Risk
STU-ADA29EF5,2,51.08,42.64,54.38,51.46,2.99,1.0,1.0,80.05,Medium Risk
STU-D6B80EA6,1,96.35,34.97,66.18,23.09,1.89,4.0,5.0,59.15,Medium Risk
STU-34E55899,4,93.56,57.09,83.12,60.36,2.25,5.0,7.0,93.36,Medium Risk
STU-D9D7CBF6,1,51.18,60.39,53.48,38.39,3.52,5.0,5.0,69.14,Medium Risk
STU-59027D11,1,91.21,48.39,29.7,65.64,2.92,4.0,7.0,15.72,Medium Risk
STU-77F56C30,1,51.24,75.64,30.98,58.09,2.04,9.0,3.0,53.03,High Risk
STU-C2910FB8,4,40.49,34.71,91.48,94.59,1.33,4.0,1.0,61.92,Medium Risk
STU-4E3E67A7,4,88.32,60.83,35.08,49.14,3.7,7.0,3.0,16.4,Medium Risk
STU-80DB073C,3,85.15,60.01,76.88,69.8,3.87,4.0,0.0,24.07,Low Risk
STU-9DCE0417,2,54.15,85.9,37.86,63.35,3.16,5.0,6.0,99.88,Medium Risk
STU-BE1E0823,1,40.86,94.16,76.25,71.6,3.07,9.0,1.0,72.42,Medium Risk
STU-07240100,1,48.42,73.06,21.66,34.03,2.61,0.0,4.0,72.43,Medium Risk
STU-4690DCBC,2,85.12,44.43,32.63,33.15,3.91,0.0,7.0,63.42,Medium Risk
STU-CDF459E8,3,97.71,75.17,49.74,60.37,3.08,0.0,6.0,91.16,Low Risk
STU-61CAD22E,1,51.84,40.11,58.8,86.42,1.23,3.0,6.0,39.52,High Risk
STU-B207124A,2,88.19,97.32,45.0,74.8,1.28,2.0,5.0,87.51,Medium Risk
STU-7F2EDC3D,3,49.82,85.79,63.75,54.0,3.89,4.0,4.0,23.22,Medium Risk
STU-BEB745DF,1,79.17,54.5,42.66,32.96,3.83,6.0,1.0,97.87,Medium Risk
STU-5A81FAB0,3,40.43,82.75,72.67,78.34,2.67,5.0,7.0,84.49,Medium Risk
STU-5BFB39D9,2,73.04,52.69,58.45,93.36,1.64,2.0,2.0,15.2,Medium Risk
STU-0505C629,1,52.5,25.97,74.93,29.17,2.75,1.0,6.0,20.07,Medium Risk
STU-E3CAA947,2,95.18,76.54,51.63,81.92,3.29,1.0,4.0,22.21,Low Risk
STU-F859D079,4,53.83,52.37,89.5,25.52,1.02,2.0,7.0,73.12,High Risk
STU-A22C916F,2,60.9,94.43,47.48,91.07,3.47,9.0,6.0,73.18,Medium Risk
STU-288F951D,2,89.64,44.52,41.19,67.78,2.39,2.0,3.0,21.9,Medium Risk
STU-E3472CA6,1,63.49,87.47,62.35,26.29,2.39,2.0,2.0,53.11,Low Risk
STU-7AC503C3,3,50.5,74.44,58.28,13.26,2.3,7.0,3.0,35.2,High Risk
STU-89D2E1B3,4,70.59,88.27,59.04,72.52,3.08,2.0,7.0,48.92,Medium Risk
STU-5E0674D7,2,89.6,43.35,82.67,64.55,1.63,5.0,7.0,35.34,High Risk
STU-50687DA1,1,63.16,56.91,65.03,65.02,2.82,8.0,7.0,50.36,High Risk
STU-F745D86B,4,43.64,85.85,90.25,53.4,1.13,7.0,0.0,69.59,Medium Risk
STU-7C1D5794,3,59.9,71.51,67.62,65.3,3.43,5.0,7.0,28.08,Medium Risk
STU-48B663F1,3,97.04,48.79,16.84,88.59,3.45,9.0,5.0,33.56,Medium Risk
STU-383E65DA,2,39.68,60.96,88.98,95.68,1.94,4.0,4.0,45.37,Medium Risk
STU-EA509D51,1,61.55,99.69,86.38,41.01,1.32,4.0,0.0,98.29,Low Risk
STU-9A9EC69F,3,77.12,79.35,19.15,53.91,3.24,7.0,5.0,69.08,Medium Risk
STU-5281335C,2,40.1,69.16,25.65,34.57,2.41,6.0,2.0,92.82,Medium Risk
STU-4CD71F68,2,57.42,86.23,62.29,47.04,3.77,4.0,3.0,87.78,Low Risk
STU-CBC026F0,1,96.14,55.36,18.64,81.63,2.06,9.0,4.0,62.5,High Risk
STU-7235DD0F,2,36.99,96.01,49.95,48.25,3.52,5.0,1.0,38.46,Medium Risk
STU-26151E63,4,83.86,64.16,97.91,45.25,1.08,4.0,0.0,36.89,Low Risk
STU-0684C3B9,4,89.69,46.15,29.69,86.51,3.32,8.0,4.0,63.37,Medium Risk
STU-FCA75F7D,1,53.01,26.88,32.52,10.11,3.03,5.0,7.0,62.35,High Risk
STU-E25A7995,3,48.96,50.06,72.49,86.7,2.58,2.0,1.0,62.57,Low Risk
STU-1BB4D43F,3,94.46,65.49,18.74,26.33,3.73,2.0,5.0,46.18,Medium Risk
STU-6348C74E,4,84.66,76.26,84.76,34.71,3.83,9.0,2.0,75.15,Medium Risk
STU-4A451001,3,42.37,90.01,31.92,42.54,3.79,9.0,5.0,49.7,High Risk
STU-60EED4F2,4,48.79,95.52,60.18,89.26,2.79,3.0,1.0,44.86,Low Risk
STU-E5D039D8,4,75.39,28.2,36.14,91.78,2.56,4.0,7.0,57.96,Medium Risk
STU-7B19C1E5,1,62.26,68.07,71.0,69.51,1.81,8.0,7.0,91.06,High Risk
STU-8867DE09,3,67.77,73.33,64.91,49.55,1.49,9.0,5.0,75.03,High Risk
STU-3D107F72,2,96.85,33.77,95.45,56.45,2.67,1.0,6.0,84.19,Medium Risk
STU-9AB5960B,1,62.32,63.65,52.88,62.24,1.45,1.0,6.0,60.43,Medium Risk
STU-CB1C5E93,1,92.31,46.79,89.36,95.86,1.52,0.0,6.0,61.23,Medium Risk
STU-E29E0996,1,77.95,26.19,63.94,97.23,2.07,7.0,2.0,88.12,Low Risk
STU-BF472187,4,42.91,25.27,92.73,86.26,1.56,0.0,6.0,27.41,Medium Risk
STU-0F435422,2,83.39,80.74,39.8,62.54,2.51,5.0,0.0,96.74,Low Risk
STU-C130E848,4,68.81,69.24,61.73,45.17,2.99,1.0,6.0,59.23,Medium Risk
STU-9E75C882,3,49.63,77.21,48.15,30.73,3.09,8.0,7.0,42.69,High Risk
STU-6F4CDFBF,3,53.82,74.82,20.6,58.1,2.6,3.0,1.0,41.75,Medium Risk
STU-253CD8C0,2,71.23,30.74,63.81,41.11,2.57,9.0,3.0,18.57,High Risk
STU-6D768B42,2,74.11,32.13,82.51,16.55,2.42,4.0,5.0,39.52,Medium Risk
STU-C00BD43F,2,97.93,40.2,62.28,52.86,1.74,1.0,5.0,51.37,Medium Risk
STU-E4287CB4,1,90.56,51.93,38.74,61.4,2.96,4.0,3.0,74.55,Medium Risk
STU-54A75BBF,4,48.38,95.13,37.43,65.02,2.97,6.0,7.0,38.72,High Risk
STU-878A4D75,3,85.31,73.91,35.22,16.64,1.77,4.0,3.0,70.9,Medium Risk
STU-AE605411,1,35.54,40.41,98.27,53.48,3.1,0.0,2.0,66.06,Low Risk
STU-DA22F670,4,43.44,24.48,48.93,69.03,3.57,8.0,5.0,52.96,High Risk
STU-63F9D7C8,1,47.98,74.74,41.93,96.5,2.78,1.0,6.0,15.83,Medium Risk
STU-21CF211F,2,73.82,70.03,50.57,12.25,1.35,3.0,1.0,65.04,Medium Risk
STU-7A39311E,3,47.65,74.06,24.84,70.87,1.98,5.0,4.0,24.37,High Risk
STU-205A64DF,1,58.74,40.89,31.66,15.61,1.28,0.0,6.0,16.1,High Risk
STU-50155B29,3,50.78,61.36,58.26,24.3,1.91,8.0,1.0,23.46,High Risk
STU-DAF57C93,3,56.93,48.94,82.9,25.6,1.64,8.0,1.0,31.35,High Risk
STU-FC62C8B2,3,96.26,85.42,89.5,39.6,2.66,7.0,5.0,56.27,Medium Risk
STU-E69A631D,1,99.83,25.55,88.61,84.82,2.27,8.0,5.0,79.03,Medium Risk
STU-7820EFFE,1,79.57,42.04,95.3,87.06,3.17,3.0,0.0,95.23,Low Risk
STU-613E95DC,1,72.2,68.24,25.69,43.75,2.09,8.0,7.0,39.24,High Risk
STU-645984C3,4,81.05,36.42,18.48,48.82,1.46,3.0,4.0,62.54,Medium Risk
STU-D502CD4B,1,85.16,73.82,23.99,29.53,1.71,4.0,3.0,99.62,Medium Risk
STU-315A0163,2,83.04,30.94,66.06,48.93,2.64,5.0,2.0,64.93,Medium Risk
STU-1E17A381,4,40.32,21.82,62.27,34.74,2.35,6.0,4.0,65.13,Medium Risk
STU-3226A027,3,55.17,89.08,72.05,25.74,1.13,2.0,3.0,28.84,High Risk
STU-DCB3DDDC,4,57.32,46.68,46.54,24.26,1.63,1.0,2.0,41.63,Medium Risk
STU-EA0E32FD,4,59.0,32.55,48.29,79.81,1.89,4.0,6.0,31.17,High Risk
STU-6FBE5418,2,57.38,33.82,61.37,20.53,3.18,9.0,4.0,93.73,Medium Risk
STU-54E9C3D5,2,86.16,90.87,21.72,65.44,3.19,2.0,7.0,54.45,Medium Risk
STU-A8A0F43E,1,83.59,72.35,82.99,25.07,3.09,2.0,7.0,45.41,Medium Risk
STU-1A6F0FE8,1,35.3,96.51,93.44,85.41,3.46,6.0,2.0,77.33,Low Risk
STU-CC8C21EE,3,54.26,84.0,47.92,34.7,3.62,5.0,2.0,44.49,Medium Risk
STU-D3643075,1,75.54,81.4,77.86,14.04,1.21,2.0,3.0,88.78,Medium Risk
STU-D8D3A882,3,42.82,59.99,61.65,50.69,2.48,6.0,7.0,72.43,High Risk
STU-9DFE5E1B,1,39.63,85.66,35.06,99.98,1.45,9.0,0.0,18.74,Medium Risk
STU-8DB107E4,1,88.85,53.01,20.76,83.18,2.06,9.0,3.0,62.59,Medium Risk
STU-A954BA46,3,64.42,86.16,35.9,61.32,2.99,5.0,4.0,84.91,Medium Risk
STU-3B068144,1,90.62,80.62,66.42,27.05,2.8,0.0,3.0,94.98,Low Risk
STU-4FD09543,3,88.53,74.28,18.42,20.58,1.39,4.0,3.0,40.73,High Risk
STU-1A639A5B,4,93.07,46.38,86.08,85.47,3.27,3.0,3.0,39.8,Low Risk
STU-4E8B9134,4,38.14,70.46,97.48,80.89,3.36,2.0,5.0,61.38,Low Risk
STU-8BA10801,2,47.1,60.54,22.1,51.6,1.42,2.0,5.0,16.41,High Risk
STU-64B9422E,4,54.25,56.92,35.97,47.93,2.85,7.0,5.0,40.08,High Risk
STU-0FF27961,1,43.85,99.22,72.43,77.38,3.84,2.0,4.0,80.15,Low Risk
STU-1D1966DE,3,66.56,60.35,83.52,58.24,1.28,1.0,6.0,88.37,Medium Risk
STU-6C0BD424,1,86.93,22.56,44.41,46.38,1.49,4.0,4.0,48.39,High Risk
STU-EA02F9B6,1,96.83,70.12,58.8,32.65,3.3,9.0,6.0,92.88,Medium Risk
STU-0E414F74,4,92.82,78.24,90.8,21.03,2.01,2.0,2.0,39.05,Medium Risk
STU-1CA2D206,2,64.73,90.81,47.67,63.53,3.87,9.0,7.0,18.29,High Risk
STU-FFE8EC17,4,76.37,70.61,21.93,84.34,2.87,2.0,2.0,29.06,Medium Risk
STU-31B2940C,2,50.0,21.56,99.57,77.16,2.45,7.0,4.0,88.69,Medium Risk
STU-B0BBD444,4,61.2,29.58,30.32,72.67,2.01,8.0,7.0,97.29,High Risk
STU-D3E7B7E6,4,91.63,32.9,19.15,93.6,1.72,1.0,5.0,66.62,Medium Risk
STU-E439EF61,2,36.9,36.9,49.91,45.51,2.95,0.0,2.0,77.04,Low Risk
STU-DDFFAC54,3,69.63,83.98,25.32,22.35,2.78,7.0,3.0,85.95,Medium Risk
STU-0764D537,3,91.73,44.78,98.19,19.18,2.07,9.0,1.0,31.22,High Risk
STU-4DBD2BFB,4,42.93,44.99,47.37,95.95,3.75,9.0,7.0,61.73,Medium Risk
STU-11A32550,1,98.87,80.45,85.19,63.01,3.29,5.0,5.0,94.74,Low Risk
STU-32C0E6ED,3,35.81,52.99,30.01,82.97,1.78,8.0,7.0,45.25,High Risk
STU-8AEE8A1B,2,92.6,25.17,26.8,58.2,3.83,0.0,5.0,99.2,Medium Risk
STU-DDF51288,1,57.99,66.81,70.19,45.86,3.27,4.0,5.0,74.98,Medium Risk
STU-F890914D,1,43.62,30.41,92.29,28.02,3.69,4.0,1.0,72.13,Low Risk
STU-50019745,3,45.23,65.73,24.74,87.08,1.41,2.0,2.0,17.5,Medium Risk
STU-C1443153,4,80.58,82.37,65.09,15.72,1.1,1.0,6.0,15.88,High Risk
STU-93C42C97,2,91.6,94.36,22.22,91.02,2.48,8.0,2.0,28.45,Medium Risk
STU-6821CCD3,3,76.67,25.36,84.03,28.45,2.34,6.0,0.0,94.31,Medium Risk
STU-CA5D3D96,3,95.37,44.32,92.29,10.86,3.61,8.0,3.0,82.35,Medium Risk
STU-47D76CC2,2,89.76,72.2,68.45,19.35,1.52,2.0,3.0,58.89,Medium Risk
STU-2D1C3903,4,35.59,45.24,73.51,89.52,1.07,0.0,0.0,56.77,Medium Risk
STU-5D4E8BCE,2,78.51,56.08,19.71,16.63,2.59,1.0,0.0,25.89,Medium Risk
STU-16884D17,1,54.8,21.61,21.2,41.97,1.53,5.0,1.0,47.88,Medium Risk
STU-590F50DF,1,64.54,75.48,30.27,32.53,1.15,5.0,3.0,27.74,High Risk
STU-8E7B1359,4,41.11,90.66,38.28,13.32,1.07,1.0,3.0,38.16,High Risk
STU-9BADE70F,4,53.34,98.15,79.59,57.83,1.43,8.0,6.0,15.54,High Risk
STU-D62105A9,2,76.12,86.44,52.01,99.85,2.13,9.0,5.0,47.48,High Risk
STU-53AEBF8E,1,49.19,22.54,21.65,86.77,3.65,0.0,4.0,72.0,Medium Risk
STU-C200F788,2,77.09,72.15,87.47,25.2,3.28,3.0,7.0,73.42,Medium Risk
STU-2328CE34,3,95.0,59.65,99.48,89.59,2.59,3.0,3.0,50.4,Medium Risk
STU-5850C6A2,3,35.32,95.03,53.68,50.66,2.29,0.0,1.0,77.0,Low Risk
STU-77EA53E5,4,86.08,92.17,58.5,34.59,2.37,4.0,1.0,51.06,Low Risk
STU-BBE31DA7,4,76.69,99.04,21.67,67.63,3.65,5.0,5.0,91.73,Medium Risk
STU-57B54D29,4,38.03,88.95,47.56,29.5,3.17,8.0,0.0,41.89,Medium Risk
STU-E1335716,2,86.36,63.75,46.6,89.17,1.52,7.0,1.0,66.22,Medium Risk
STU-708373D5,2,49.59,77.19,97.09,66.18,3.82,3.0,6.0,23.68,Low Risk
STU-1D4263E8,3,52.28,97.17,71.14,22.24,3.32,5.0,1.0,57.51,Low Risk
STU-CC5755FB,2,41.08,66.25,81.49,61.36,1.1,6.0,5.0,47.17,High Risk
STU-C157309E,2,69.73,87.2,25.91,55.93,2.51,5.0,4.0,36.85,Medium Risk
STU-3140F7AC,1,67.38,95.38,50.44,52.43,2.96,4.0,1.0,41.96,Low Risk
STU-AF500EBE,2,57.57,65.64,31.28,42.85,1.18,0.0,2.0,42.07,Medium Risk
STU-9F623CE3,3,45.97,32.73,88.12,52.68,2.06,6.0,2.0,56.15,Medium Risk
STU-B8F0C5F2,3,89.47,32.45,27.95,62.74,2.94,6.0,0.0,86.68,Medium Risk
STU-A5B27E54,1,91.96,29.23,52.3,76.02,3.45,4.0,3.0,56.41,Medium Risk
STU-2E9BEB65,3,70.14,58.11,19.56,92.61,3.93,8.0,3.0,32.71,Medium Risk
STU-08C9ED62,1,50.87,58.41,68.92,13.99,1.36,2.0,4.0,20.88,Medium Risk
STU-4B12358C,3,41.25,69.39,55.96,61.24,2.9,0.0,1.0,44.71,Low Risk
STU-EB9CF7A8,2,91.46,58.63,57.33,77.68,3.68,4.0,5.0,28.37,Low Risk
STU-08EDE6D2,4,41.24,97.84,23.64,20.4,3.15,3.0,1.0,86.04,Low Risk
STU-C4F38C42,3,35.86,43.3,58.69,92.03,2.9,5.0,7.0,99.57,High Risk
STU-542EA6E5,3,65.51,89.91,62.92,32.05,1.64,1.0,5.0,87.13,Medium Risk
STU-CAD7E3F4,3,82.53,28.03,96.84,85.0,3.45,4.0,1.0,47.7,Low Risk
STU-E05CF5ED,3,64.74,68.15,17.82,69.58,2.69,7.0,1.0,21.89,Medium Risk
STU-65F206B3,1,38.34,71.87,93.43,60.36,1.33,7.0,1.0,75.3,Medium Risk
STU-CE651720,3,79.85,81.78,55.76,88.23,3.81,1.0,2.0,71.79,Low Risk
STU-10644047,2,76.75,60.24,32.86,97.23,3.97,2.0,6.0,20.71,Medium Risk
STU-4C4C8C51,2,79.3,35.78,71.57,99.74,2.61,8.0,4.0,82.05,Medium Risk
STU-8DCD02C3,2,48.73,49.52,58.95,71.5,3.33,6.0,0.0,85.09,Medium Risk
STU-79295F97,4,86.72,41.77,34.27,40.52,2.75,8.0,0.0,76.01,Medium Risk
STU-DCC1CB92,1,66.15,53.53,68.28,88.72,2.27,3.0,5.0,76.85,Medium Risk
STU-F981EA5D,2,69.86,62.4,55.23,68.89,2.23,6.0,2.0,73.63,Medium Risk
STU-44065D1F,4,70.48,70.01,73.57,39.1,3.89,6.0,1.0,52.07,Medium Risk
STU-6BF74B83,4,53.64,87.61,73.57,93.91,2.11,6.0,7.0,67.39,High Risk
STU-2582E28D,1,51.26,92.8,55.19,77.29,2.47,9.0,1.0,67.43,Medium Risk
STU-B9916516,4,35.31,57.01,48.22,50.75,1.75,4.0,7.0,60.71,High Risk
STU-84A6FAC2,1,60.78,27.09,20.38,50.9,1.76,5.0,6.0,66.33,High Risk
STU-BDDC0289,3,66.53,83.77,56.98,99.63,2.07,3.0,3.0,48.95,Medium Risk
STU-21886E7C,3,83.28,58.17,35.66,43.63,3.77,8.0,5.0,72.66,Medium Risk
STU-678C1296,2,39.33,63.72,19.53,18.47,2.19,3.0,0.0,34.3,Medium Risk
STU-89A5D4B7,3,95.06,67.66,43.08,58.47,2.66,8.0,3.0,87.53,Medium Risk
STU-F0CC9F7C,1,52.16,73.43,22.43,89.64,2.64,8.0,7.0,87.33,Medium Risk
STU-C9A45BD2,1,58.84,91.21,64.28,62.61,2.75,4.0,7.0,57.32,Medium Risk
STU-6215EFA7,3,38.14,96.17,57.81,81.38,3.46,8.0,7.0,57.21,High Risk
STU-B9ABE5B5,2,77.45,95.21,82.36,14.94,3.7,8.0,5.0,48.92,Medium Risk
STU-304FC8E5,4,81.08,84.76,37.75,70.61,1.63,2.0,6.0,18.89,Medium Risk
STU-1849DC99,2,95.37,91.14,46.58,17.13,3.58,2.0,0.0,27.18,Low Risk
STU-14AFA69F,1,56.89,23.97,73.56,60.07,2.64,3.0,3.0,75.73,Medium Risk
STU-66FF3B91,3,51.73,87.93,99.4,54.8,3.77,7.0,1.0,27.13,Low Risk
STU-4E052DF6,2,82.2,25.78,91.85,95.1,3.75,2.0,1.0,50.02,Low Risk
STU-72D5D9C7,1,80.94,79.7,59.27,21.92,2.17,1.0,1.0,45.11,Low Risk
STU-03C15C42,2,95.91,33.55,72.63,10.85,2.96,5.0,4.0,33.66,Medium Risk
STU-509A2BFF,4,48.35,48.81,60.21,22.36,3.61,2.0,3.0,59.95,Medium Risk
STU-FF3EA823,2,80.84,34.73,51.96,25.36,2.15,8.0,4.0,45.86,High Risk
STU-535016C2,2,39.35,55.48,66.2,32.58,1.13,9.0,4.0,79.56,High Risk
STU-1AEEA1A4,2,66.22,52.94,47.85,83.36,2.08,8.0,3.0,69.31,Medium Risk
STU-757A7F04,1,42.76,23.85,38.82,43.92,2.1,9.0,1.0,55.85,High Risk
STU-B57615D4,1,77.45,86.44,74.98,85.67,3.42,5.0,6.0,63.92,Medium Risk
STU-0B2A2293,4,74.1,88.33,89.12,34.47,1.93,4.0,2.0,51.65,Low Risk
STU-EBE78458,4,38.17,83.0,39.48,87.45,3.68,1.0,6.0,81.59,Medium Risk
STU-F4CEB8C1,1,55.78,87.81,75.09,10.73,2.65,7.0,6.0,96.64,High Risk
STU-7EDCA3F4,2,60.68,80.07,51.89,94.11,2.76,2.0,5.0,80.18,Low Risk
STU-05D0FDDC,4,51.12,95.0,40.68,77.14,3.42,4.0,0.0,88.24,Low Risk
STU-FD52F2B5,1,37.51,66.11,67.79,47.15,1.4,9.0,3.0,81.61,High Risk
STU-2154991D,1,55.72,66.61,94.85,61.96,1.05,3.0,1.0,49.65,Low Risk
STU-2EC6C90C,4,86.52,88.79,44.89,93.97,1.17,2.0,4.0,87.6,Medium Risk
STU-79FB8DC5,3,58.41,47.95,79.56,62.43,1.09,2.0,1.0,18.23,Medium Risk
STU-8CDB9981,1,56.02,24.01,41.75,30.57,3.1,8.0,5.0,90.27,Medium Risk
STU-FE620371,2,96.21,79.99,83.33,61.56,1.73,1.0,3.0,54.95,Low Risk
STU-776D585D,1,37.71,40.37,79.6,88.43,3.57,2.0,3.0,43.05,Low Risk
STU-3EF536BC,2,84.87,57.94,80.08,98.87,3.65,4.0,7.0,59.64,Medium Risk
STU-0D640268,3,66.4,39.24,99.81,62.57,2.07,3.0,0.0,73.48,Low Risk
STU-438BBAE8,3,96.39,86.17,26.94,24.01,1.58,8.0,0.0,67.3,Medium Risk
STU-CAC64B3B,3,60.58,96.66,48.05,79.46,2.5,4.0,3.0,67.54,Medium Risk
STU-8CFA7C2E,2,81.02,24.4,68.62,99.72,3.45,9.0,5.0,23.5,Medium Risk
STU-AEDF54B2,1,39.55,38.67,65.19,52.63,3.05,4.0,0.0,76.96,Low Risk
STU-E2CA29C2,1,95.37,35.16,81.35,44.54,1.08,6.0,4.0,75.49,Medium Risk
STU-33086EA5,4,57.4,73.86,18.99,59.73,1.02,3.0,7.0,24.84,High Risk
STU-CFF670A5,3,69.06,54.29,74.93,24.83,1.34,4.0,1.0,18.71,Medium Risk
STU-6AC804F2,1,44.0,56.5,77.71,97.42,2.01,0.0,7.0,98.54,Medium Risk
STU-6E381957,2,96.46,32.57,20.19,85.45,2.61,6.0,2.0,78.43,Medium Risk
STU-6BEA3F3B,4,78.74,53.18,60.79,20.17,3.45,3.0,1.0,66.49,Low Risk
STU-1A989051,2,38.51,44.26,35.82,95.06,1.43,1.0,5.0,41.88,High Risk
STU-5684E871,2,45.09,68.9,83.14,94.85,1.46,6.0,7.0,38.43,High Risk
STU-6BD5F018,1,60.99,37.38,19.22,38.47,3.59,7.0,1.0,26.51,Medium Risk
STU-A6A16EEE,1,49.09,69.18,27.42,65.72,3.77,8.0,3.0,66.73,Medium Risk
STU-47699D77,4,54.8,50.22,23.88,19.97,2.65,7.0,5.0,63.96,High Risk
STU-24E04762,3,99.84,47.7,20.54,17.58,3.35,7.0,2.0,94.52,Medium Risk
STU-AAC2989B,3,77.81,44.44,66.01,55.16,2.03,7.0,0.0,68.36,Medium Risk
STU-61BBE5B8,4,94.94,73.91,88.83,14.47,3.84,6.0,6.0,53.37,Medium Risk
STU-294DD92D,4,63.33,64.99,58.43,88.74,3.71,1.0,0.0,91.27,Low Risk
STU-B3C774D1,1,81.17,88.14,32.9,93.53,3.55,1.0,6.0,67.19,Low Risk
STU-97D8D2C0,1,64.88,39.33,44.22,16.06,1.04,8.0,1.0,75.71,High Risk
STU-480EDC8E,2,56.33,23.21,45.63,14.26,2.57,0.0,3.0,68.27,Medium Risk
STU-A3316B83,1,68.75,34.56,53.39,29.93,1.08,0.0,2.0,29.4,Medium Risk
STU-C9811EB4,4,62.78,47.47,50.75,93.7,3.03,6.0,3.0,25.53,Medium Risk
STU-6EFFC1FE,4,98.74,34.37,72.05,79.21,1.55,9.0,2.0,68.09,Medium Risk
STU-5BCE2101,3,67.25,26.68,43.89,70.88,2.92,5.0,5.0,92.69,Medium Risk
STU-237C4E0C,1,87.72,55.63,71.35,79.87,1.29,5.0,2.0,96.91,Medium Risk
STU-ACF8E056,1,78.34,74.15,61.48,27.95,3.27,7.0,0.0,99.61,Low Risk
STU-DAF17A39,2,66.18,80.13,19.12,33.09,3.18,3.0,1.0,86.74,Low Risk
STU-326A238F,4,65.82,51.9,93.17,38.59,1.01,4.0,0.0,45.93,Medium Risk
STU-F1B35CEA,2,57.22,58.24,30.13,64.46,3.38,4.0,3.0,67.15,Low Risk
STU-74A766DB,1,41.95,80.44,53.38,64.74,1.49,5.0,0.0,66.77,Medium Risk
STU-F569037F,1,84.5,48.22,95.55,28.77,1.33,0.0,1.0,60.69,Low Risk
STU-4E8E4869,4,94.68,82.78,36.02,49.31,2.5,3.0,4.0,78.08,Medium Risk
STU-17A33EF2,3,49.17,97.39,16.88,72.1,2.77,2.0,0.0,29.45,Low Risk
STU-B7409663,4,95.17,90.44,56.65,37.87,1.31,6.0,3.0,31.04,Medium Risk
STU-490055F5,3,50.1,56.29,34.03,16.79,1.91,0.0,1.0,95.3,Medium Risk
STU-E1DE2611,2,69.46,66.36,64.47,27.77,2.22,1.0,7.0,86.39,Medium Risk
STU-DED92C9E,1,57.34,77.31,84.45,24.83,3.83,7.0,3.0,84.57,Medium Risk
STU-F6FC8774,2,42.44,47.94,58.45,66.87,1.75,1.0,5.0,56.06,Medium Risk
STU-02A151A9,3,38.43,83.94,69.83,16.17,1.78,8.0,2.0,63.26,High Risk
STU-4EA5A901,4,58.75,54.95,71.62,89.63,2.98,3.0,1.0,68.12,Low Risk
STU-C8937155,1,38.08,87.75,84.75,17.59,3.18,2.0,2.0,39.99,Low Risk
STU-C029C113,1,41.77,40.38,73.47,63.81,1.03,3.0,1.0,40.05,Medium Risk
STU-0B73D08B,3,44.25,20.91,97.97,93.66,1.4,8.0,4.0,30.29,Medium Risk
STU-626C0F18,1,35.12,70.62,53.78,15.62,2.07,6.0,7.0,62.62,High Risk
STU-CB0DEC04,3,44.96,56.15,19.27,44.48,2.9,3.0,4.0,28.9,Medium Risk
STU-D9D36F55,1,72.52,24.79,48.49,39.52,1.4,6.0,1.0,32.1,High Risk
STU-380E173A,1,88.27,59.01,86.39,40.98,2.07,7.0,2.0,91.72,Medium Risk
STU-652FFA9C,2,47.57,33.49,26.31,64.03,1.24,7.0,5.0,59.71,High Risk
STU-1BF55515,3,40.26,70.38,77.55,33.59,2.71,5.0,2.0,67.62,Medium Risk
STU-A719365C,2,82.42,55.6,60.53,12.46,2.28,0.0,3.0,26.42,Medium Risk
STU-6886DEAD,1,35.53,33.69,91.56,96.6,3.36,9.0,1.0,32.52,Medium Risk
STU-B4208800,4,82.72,52.96,77.15,77.39,2.72,2.0,2.0,23.35,Low Risk
STU-81292625,1,43.52,38.62,71.14,22.16,2.98,5.0,1.0,38.08,Medium Risk
STU-BB2E21E7,1,49.84,72.25,90.38,50.96,3.01,0.0,4.0,89.93,Low Risk
STU-84A9B850,3,42.8,43.61,92.2,15.64,2.77,4.0,2.0,90.54,Medium Risk
STU-73F1FA53,1,51.08,85.76,47.72,12.51,1.05,1.0,2.0,72.26,Medium Risk
STU-F3E670E6,2,86.88,21.13,93.87,14.28,3.5,0.0,4.0,89.43,Low Risk
STU-06CE7ED9,4,43.62,52.27,19.65,78.02,3.75,9.0,7.0,31.23,High Risk
STU-431B28DA,3,99.62,69.37,79.82,50.04,2.6,2.0,5.0,27.58,Low Risk
STU-40F7EDD3,3,56.26,21.81,43.61,86.0,1.34,1.0,3.0,80.07,Medium Risk
STU-D4D19C51,3,94.93,37.27,56.43,37.47,2.96,5.0,1.0,99.12,Low Risk
STU-395D1360,1,47.35,46.19,86.04,79.78,2.09,5.0,1.0,76.0,Low Risk
STU-01360901,2,47.21,21.75,69.15,17.01,1.22,6.0,1.0,18.15,High Risk
STU-CFF635A9,2,71.75,63.74,53.89,67.16,3.56,6.0,6.0,30.63,Medium Risk
STU-705D1AE6,4,38.29,70.47,28.93,42.45,3.14,4.0,1.0,36.04,Medium Risk
STU-B1BBD055,1,87.07,38.2,94.84,34.91,3.41,2.0,5.0,50.93,Medium Risk
STU-F100945C,2,63.57,63.48,43.26,83.36,3.39,5.0,0.0,33.78,Low Risk
STU-A0B68FDD,4,80.45,99.93,23.6,14.67,2.07,2.0,4.0,20.15,Medium Risk
STU-9D8297DB,3,46.35,90.95,62.95,95.46,2.45,4.0,6.0,36.96,Medium Risk
STU-E399EBCC,4,76.75,24.69,49.53,80.7,1.7,2.0,7.0,44.83,Medium Risk
STU-3E616C26,3,73.61,30.23,65.19,42.0,3.26,5.0,6.0,39.11,Medium Risk
STU-85CE56D2,2,84.12,59.55,34.85,99.22,2.57,3.0,3.0,17.36,Medium Risk
STU-3E77AE3C,4,54.33,39.62,47.19,28.22,2.95,8.0,4.0,93.85,Medium Risk
STU-FCC66E7C,2,95.66,26.48,97.66,46.22,2.07,1.0,7.0,61.02,Medium Risk
STU-41723892,1,97.48,40.36,94.61,89.64,3.04,6.0,1.0,87.13,Low Risk
STU-37473309,3,91.43,24.89,88.47,99.71,3.01,4.0,6.0,16.31,Medium Risk
STU-A4AD2DE1,3,72.18,62.39,81.23,31.52,3.31,8.0,0.0,82.75,Low Risk
STU-727C514C,4,62.32,59.22,28.31,76.88,1.47,9.0,0.0,74.88,Medium Risk
STU-AA25C8AA,4,38.77,20.51,54.69,37.52,2.87,4.0,4.0,98.05,Medium Risk
STU-D9D39704,4,96.57,58.6,76.87,78.98,3.64,4.0,7.0,24.75,Medium Risk
STU-0EDBC3A3,1,96.87,61.58,37.25,21.28,1.28,1.0,2.0,69.63,Medium Risk
STU-05B83F30,3,36.21,68.46,17.81,40.26,3.88,2.0,6.0,16.8,Medium Risk
STU-C7768D60,3,58.2,97.61,50.54,16.75,1.62,5.0,5.0,45.34,High Risk
STU-6E079868,4,92.2,98.62,51.14,54.27,3.81,3.0,3.0,69.04,Low Risk
STU-7392F088,2,40.26,62.15,20.53,73.14,3.6,2.0,6.0,94.23,Low Risk
STU-621386E4,1,47.78,87.61,42.25,44.08,3.31,4.0,7.0,22.05,Medium Risk
STU-E41414E4,4,98.61,26.81,92.97,65.32,1.63,8.0,0.0,56.59,Medium Risk
STU-87D187F9,2,90.07,62.49,36.28,61.22,1.65,2.0,5.0,35.26,Medium Risk
STU-F429B502,3,94.28,74.31,63.38,36.51,1.78,6.0,1.0,33.38,Medium Risk
STU-B0023BE7,2,44.24,65.18,56.47,53.81,3.43,8.0,6.0,73.51,High Risk
STU-55FB4D3C,2,48.74,38.46,88.28,16.21,1.56,3.0,2.0,17.32,Medium Risk
STU-E0E82B11,3,74.35,25.01,70.55,51.39,2.74,6.0,6.0,68.7,High Risk
STU-EE33EA88,2,67.61,50.93,28.47,51.24,3.33,6.0,6.0,28.8,Medium Risk
STU-180D323C,3,54.4,71.81,27.14,12.58,2.38,2.0,3.0,16.25,Medium Risk
STU-A94A5300,1,92.45,99.34,62.39,56.25,3.52,0.0,7.0,61.22,Low Risk
STU-70B189D2,2,93.59,38.92,18.95,76.39,2.69,3.0,1.0,24.55,Low Risk
STU-AF4EDAC6,2,53.96,93.42,48.45,50.7,2.79,8.0,4.0,62.73,Medium Risk
STU-E103D52C,3,45.12,25.46,48.92,68.14,3.03,9.0,5.0,38.84,High Risk
STU-971D27AD,2,44.69,94.48,31.69,57.92,3.54,6.0,0.0,38.7,Medium Risk
STU-C85BD4A1,3,66.49,86.59,40.59,80.67,1.01,9.0,4.0,83.46,High Risk
STU-208BF902,3,43.64,21.68,43.05,56.3,2.18,5.0,2.0,75.5,Medium Risk
STU-96B07AEE,3,65.77,43.85,16.0,39.84,3.89,4.0,0.0,85.36,Low Risk
STU-B06C6703,3,65.03,24.08,83.5,84.48,1.3,9.0,7.0,51.12,High Risk
STU-201B773E,2,92.47,99.64,96.38,16.09,1.7,9.0,1.0,24.55,Medium Risk
STU-4E49E231,2,54.25,54.23,39.59,36.05,2.71,0.0,2.0,79.9,Low Risk
STU-4FC1088A,3,71.44,72.97,24.52,63.23,3.57,3.0,3.0,88.71,Low Risk
STU-69D7902F,1,83.33,38.74,96.05,87.04,1.29,2.0,5.0,64.97,Medium Risk
STU-D164874E,4,73.73,94.7,77.95,16.49,1.01,2.0,1.0,33.74,Medium Risk
STU-731C574B,4,97.01,41.93,90.75,18.64,3.06,0.0,6.0,80.18,Medium Risk
STU-3DB75696,2,74.15,40.82,45.67,35.41,2.79,2.0,3.0,18.76,Medium Risk
STU-13376729,3,93.62,45.17,56.15,41.01,1.81,9.0,0.0,44.23,Medium Risk
STU-AEAD0353,4,50.93,57.0,94.07,85.92,3.87,9.0,3.0,48.22,Medium Risk
STU-F716BB1D,1,71.45,21.48,54.06,96.3,2.68,7.0,5.0,43.18,Medium Risk
STU-F93A1C22,3,70.31,67.83,72.13,11.55,2.99,3.0,0.0,95.31,Low Risk
STU-E864642C,1,99.31,22.53,74.91,11.38,2.14,6.0,3.0,85.74,Medium Risk
STU-D0EA22D4,2,48.29,63.14,86.15,87.83,3.76,1.0,4.0,60.08,Low Risk
STU-4AA9D46F,4,44.16,56.63,97.89,22.21,1.83,6.0,5.0,94.49,Medium Risk
STU-46F99C54,3,74.76,39.4,43.47,40.54,3.25,5.0,4.0,28.27,Medium Risk
STU-819A284C,3,49.54,46.38,36.03,34.77,1.35,7.0,2.0,23.19,High Risk
STU-BAD5BF7B,4,76.55,76.45,21.61,35.37,2.61,7.0,7.0,47.7,High Risk
STU-8197E593,3,98.21,20.77,87.81,39.57,2.73,7.0,5.0,99.23,Medium Risk
STU-F545B504,3,96.52,45.33,39.88,40.24,1.57,9.0,5.0,91.81,High Risk
STU-250DACD5,3,50.02,74.42,19.22,65.81,1.97,3.0,7.0,33.86,High Risk
STU-2A3B93DD,3,46.11,32.18,88.55,66.59,1.54,8.0,3.0,94.05,Medium Risk
STU-AFEE96E4,4,71.45,64.83,58.34,57.06,3.54,7.0,0.0,68.64,Low Risk
STU-1479AAF1,4,73.14,33.51,86.26,87.27,2.97,3.0,1.0,41.28,Low Risk
STU-70D9FD83,4,78.05,32.38,62.13,86.11,2.34,1.0,0.0,84.47,Low Risk
STU-02CD0A48,3,83.2,81.78,41.67,29.55,2.67,0.0,7.0,87.82,Medium Risk
STU-19C1FBE9,1,74.06,41.32,26.03,58.93,2.03,1.0,4.0,15.04,Medium Risk
STU-34D89259,4,42.26,50.06,52.16,80.55,2.29,4.0,7.0,26.45,High Risk
STU-1B1B69C8,3,86.36,78.4,17.26,88.02,2.86,4.0,5.0,78.7,Medium Risk
STU-0396AA07,3,40.17,34.36,66.21,32.97,1.63,9.0,1.0,67.03,High Risk
STU-BC529EE6,1,36.3,62.54,51.35,54.47,1.4,1.0,3.0,37.21,Medium Risk
STU-2CFF5729,4,85.03,93.43,27.03,57.25,3.83,3.0,5.0,38.34,Low Risk
STU-49986C21,1,70.64,64.31,60.07,72.97,1.71,7.0,5.0,24.44,Medium Risk
STU-41D7A4AA,1,80.41,23.91,83.08,39.72,2.49,0.0,7.0,51.32,Medium Risk
STU-48A14D57,3,59.88,67.18,97.86,36.41,3.28,1.0,4.0,20.22,Low Risk
STU-097158A7,3,35.72,27.21,59.83,73.5,2.67,1.0,7.0,73.11,Medium Risk
STU-4C002B15,2,56.52,42.57,26.01,45.94,2.9,4.0,3.0,35.86,Medium Risk
STU-C9C6E105,3,74.53,87.97,83.91,10.36,1.49,1.0,4.0,89.9,Medium Risk
STU-9B17E49C,2,49.67,20.89,74.14,94.41,2.18,7.0,7.0,23.07,High Risk
STU-7EB1EE44,1,79.71,26.16,96.09,23.47,3.07,2.0,3.0,73.82,Low Risk
STU-AA469DDF,1,86.64,49.07,60.49,23.38,1.63,2.0,7.0,89.0,High Risk
STU-3E526C08,4,64.53,99.95,45.35,83.65,2.45,7.0,4.0,74.85,Medium Risk
STU-197895A8,1,91.92,43.35,96.84,40.2,2.77,0.0,7.0,93.73,Medium Risk
STU-7B990D6F,1,90.56,32.58,60.77,39.54,3.37,3.0,2.0,42.93,Low Risk
STU-E430BBE2,3,92.07,63.95,16.35,66.02,1.65,6.0,0.0,26.49,Medium Risk
STU-8E4E2296,2,77.97,61.54,55.26,15.31,3.93,4.0,0.0,44.71,Low Risk
STU-C6032E39,4,54.81,55.97,15.2,31.33,3.9,2.0,6.0,65.67,Medium Risk
STU-9994991F,4,66.28,95.73,77.71,14.79,1.04,7.0,3.0,95.39,Medium Risk
STU-DFE9F4E9,4,81.18,42.41,63.11,36.24,2.1,4.0,7.0,40.12,High Risk
STU-C16A0BD8,2,48.69,43.47,24.33,88.29,1.2,5.0,3.0,73.26,High Risk
STU-65C4FE04,2,83.02,31.22,84.11,91.84,1.95,0.0,1.0,23.55,Low Risk
STU-9E85063D,3,70.63,75.78,60.6,37.85,2.82,2.0,1.0,37.79,Low Risk
STU-C954BAC6,2,41.24,45.71,24.7,26.88,2.83,9.0,0.0,28.58,High Risk
STU-316A1F85,1,71.22,84.22,28.6,22.17,1.29,3.0,7.0,55.68,High Risk
STU-72754806,2,39.34,97.74,84.88,45.5,3.03,9.0,0.0,94.63,Low Risk
STU-1AC4EEF7,1,35.93,23.49,45.22,84.38,3.54,9.0,2.0,92.79,Medium Risk
STU-2DE9B806,4,92.83,99.45,84.79,86.74,2.89,3.0,3.0,51.31,Low Risk
STU-6DC0A095,4,66.84,40.33,20.91,14.13,1.93,4.0,3.0,87.9,High Risk
STU-514C83AB,1,70.31,53.61,35.73,28.83,1.01,8.0,0.0,51.68,High Risk
STU-FE2FA50D,2,53.2,82.22,79.99,28.29,2.95,3.0,3.0,49.77,Medium Risk
STU-D0553BD4,4,70.28,73.23,69.54,84.56,3.03,6.0,1.0,90.18,Low Risk
STU-715877F9,2,45.98,82.27,41.08,51.07,3.13,7.0,3.0,17.6,Medium Risk
STU-02B48ACE,3,83.47,57.31,94.56,43.16,1.12,6.0,1.0,89.86,Low Risk
STU-0A35181D,2,88.52,93.29,32.94,96.09,2.55,1.0,7.0,85.95,Medium Risk
STU-EA41700B,4,90.63,83.2,87.23,93.28,2.24,0.0,4.0,32.08,Low Risk
STU-535C3921,3,41.93,44.74,74.14,49.61,3.3,4.0,3.0,49.54,Medium Risk
STU-FFAF6428,1,71.25,95.88,25.29,21.55,3.17,7.0,4.0,87.37,Medium Risk
STU-6C41B119,2,87.57,96.88,62.18,25.39,3.85,0.0,6.0,62.44,Low Risk
STU-8E060B99,3,43.33,53.2,94.04,20.09,3.69,1.0,7.0,76.92,Medium Risk
STU-F123C9FD,4,41.47,72.16,67.61,71.25,2.67,8.0,6.0,28.27,Medium Risk
STU-591B5656,1,88.1,85.18,59.95,59.92,3.94,5.0,0.0,55.28,Low Risk
STU-367E0C42,3,86.79,85.38,46.14,60.1,1.45,0.0,3.0,58.45,Medium Risk
STU-B2B3308B,2,64.17,21.13,82.05,18.85,1.02,7.0,6.0,23.06,High Risk
STU-4BB60B11,4,42.13,70.32,92.61,81.39,1.32,2.0,5.0,42.62,Medium Risk
STU-3ECF2D0B,3,68.55,97.9,79.03,58.2,2.07,3.0,5.0,77.39,Medium Risk
STU-691753E2,2,60.66,38.51,76.65,18.19,3.27,9.0,2.0,29.45,High Risk
STU-6C508F49,1,68.71,83.65,31.36,77.24,2.15,4.0,5.0,67.82,Medium Risk
STU-D7442DD4,1,63.59,62.74,85.89,98.32,3.34,8.0,5.0,21.37,Medium Risk
STU-C756B13F,3,71.95,37.72,18.46,49.71,3.23,4.0,7.0,21.58,High Risk
STU-4D216821,2,82.26,24.08,79.38,20.41,3.38,5.0,5.0,74.05,Medium Risk
STU-86CF29CB,2,85.37,80.79,32.92,19.13,1.56,6.0,5.0,99.37,High Risk
STU-B07BB924,4,77.18,45.32,56.42,12.33,2.55,4.0,2.0,45.91,Medium Risk
STU-5442817D,2,47.93,50.05,74.09,79.34,3.14,4.0,5.0,67.34,Medium Risk
STU-FF55934B,3,60.81,58.82,79.52,72.46,1.85,1.0,4.0,67.63,Medium Risk
STU-8F3484BD,1,39.63,60.58,90.49,62.58,3.51,1.0,6.0,29.93,Low Risk
STU-5D392126,1,64.36,36.49,39.02,78.91,3.34,5.0,7.0,94.94,Medium Risk
STU-53B8C428,2,98.07,73.65,34.07,99.94,1.36,9.0,2.0,59.86,High Risk
STU-0EA60950,3,76.71,75.4,99.68,46.17,1.65,5.0,1.0,48.22,Medium Risk
STU-DFF4C6A5,2,45.05,31.38,32.64,73.52,1.71,9.0,0.0,26.45,High Risk
STU-24D05D49,4,52.46,62.63,71.57,43.94,3.64,5.0,5.0,62.8,Medium Risk
STU-E3AF51EA,2,39.2,68.74,95.98,41.69,1.56,2.0,5.0,91.72,Medium Risk
STU-B2594C14,2,46.86,34.9,91.21,86.58,2.87,8.0,6.0,58.38,Medium Risk
STU-3EE4D23B,4,66.71,91.56,52.68,61.73,1.19,6.0,1.0,25.48,Medium Risk
STU-56D9F58C,2,57.42,58.63,69.19,20.86,2.66,3.0,0.0,38.59,Low Risk
STU-5610A875,1,48.26,29.2,59.97,46.32,1.42,8.0,7.0,98.95,High Risk
STU-0480ACD0,1,44.53,46.75,44.47,81.69,2.73,3.0,2.0,49.11,Medium Risk
STU-F6A3B32D,4,77.64,58.16,27.28,94.6,2.1,2.0,0.0,98.73,Low Risk
STU-0BDFA1F2,4,71.28,20.81,83.29,65.3,2.82,0.0,5.0,61.39,Medium Risk
STU-A116C91F,1,89.77,22.55,22.69,45.48,2.18,3.0,1.0,75.36,Medium Risk
STU-8B8649FB,2,46.91,24.44,66.82,32.68,3.56,2.0,7.0,33.74,Medium Risk
STU-C5E0E41B,3,90.12,63.05,65.52,47.98,3.27,2.0,4.0,98.92,Medium Risk
STU-5C547A93,4,72.56,46.89,43.46,60.91,3.53,5.0,4.0,15.73,Medium Risk
STU-FBA688FF,2,52.3,91.45,26.51,10.4,1.67,8.0,3.0,87.82,High Risk
STU-913CF95F,4,52.78,64.74,82.97,34.18,1.45,0.0,5.0,73.53,Medium Risk
STU-27645242,2,60.37,80.79,54.26,70.44,2.67,8.0,1.0,71.03,Low Risk
STU-0A7EACE4,1,64.91,74.97,76.65,70.59,3.62,1.0,1.0,41.8,Low Risk
STU-6367C2D5,1,40.36,61.63,16.4,68.77,1.33,2.0,6.0,30.81,High Risk
STU-71ED9A9D,2,89.73,79.58,21.33,95.49,1.7,8.0,4.0,68.02,Medium Risk
STU-E65C2767,2,42.9,63.58,29.95,61.17,3.24,7.0,7.0,92.79,High Risk
STU-BD5967A9,4,66.42,50.84,24.68,34.28,2.4,8.0,2.0,36.29,High Risk
STU-EBD771C1,1,59.89,54.86,31.3,83.05,2.81,7.0,4.0,83.54,Medium Risk
STU-1D93F73B,2,68.3,87.08,73.35,45.04,2.78,5.0,3.0,22.52,Medium Risk
STU-93854D95,1,92.69,65.06,18.99,31.54,2.24,9.0,3.0,35.66,High Risk
STU-71355F6C,3,99.29,50.18,18.22,60.11,3.12,8.0,1.0,19.69,Medium Risk
STU-921BD7F6,4,36.32,34.38,17.69,36.01,3.56,2.0,1.0,47.49,Medium Risk
STU-EAA67A66,1,60.56,59.63,74.3,45.65,3.72,3.0,3.0,74.18,Low Risk
STU-3AE99DC4,2,88.14,40.19,60.57,72.38,1.14,0.0,1.0,57.14,Low Risk
STU-9F8887C8,1,56.23,96.45,46.47,99.64,2.66,6.0,5.0,60.72,Medium Risk
STU-C1FF1A48,2,77.19,59.28,72.43,68.03,1.12,1.0,0.0,63.87,Low Risk
STU-F4486B86,1,99.5,20.72,62.06,34.88,3.7,0.0,7.0,33.98,Medium Risk
STU-3F84C856,2,77.04,27.43,15.62,18.14,2.29,7.0,3.0,43.35,High Risk
STU-B114FCD3,3,42.23,42.75,86.28,42.58,3.7,9.0,3.0,53.66,High Risk
STU-021F087C,3,89.79,27.37,44.77,11.74,1.56,8.0,1.0,63.77,Medium Risk
STU-0EC13D79,1,97.83,91.52,48.96,51.83,1.49,3.0,0.0,87.0,Low Risk
STU-87CD121D,2,81.31,88.35,81.49,69.4,3.72,8.0,7.0,54.26,Medium Risk
STU-E075132A,3,62.24,97.67,30.9,56.06,3.82,2.0,6.0,80.36,Low Risk
STU-18828C37,3,96.65,76.52,15.86,87.88,3.3,7.0,5.0,25.01,Medium Risk
STU-96323BF8,1,97.96,71.64,92.25,54.46,1.67,9.0,3.0,26.03,High Risk
STU-3F8472B8,4,95.78,93.88,57.97,51.61,1.52,4.0,7.0,39.5,Medium Risk
STU-005607D8,2,61.77,95.71,44.71,37.87,3.24,1.0,6.0,42.05,Medium Risk
STU-19899799,1,86.33,90.2,84.62,85.39,2.9,4.0,0.0,68.23,Low Risk
STU-2016DFE8,1,77.52,88.92,17.24,91.32,3.62,5.0,3.0,33.64,Low Risk
STU-3D7B4491,4,46.68,73.74,32.19,98.01,1.83,4.0,0.0,27.01,Low Risk
STU-8A9C975D,2,69.81,20.13,28.2,98.31,1.89,6.0,4.0,69.9,Medium Risk
STU-F2DED065,4,83.6,54.36,77.72,98.24,3.19,3.0,3.0,99.77,Low Risk
STU-6FA30D78,2,93.23,70.85,41.53,74.08,1.8,9.0,6.0,99.32,High Risk
STU-B522D523,2,91.07,63.77,80.7,60.64,2.39,9.0,7.0,93.37,High Risk
STU-E7A1C3ED,3,45.05,85.69,18.53,25.51,2.56,6.0,0.0,20.28,Medium Risk
STU-6FADDCE9,1,66.72,85.51,66.69,79.04,3.01,8.0,4.0,79.96,Medium Risk
STU-192ED66E,2,66.09,67.89,42.05,76.14,2.03,1.0,6.0,47.65,Medium Risk
STU-2A05CE03,2,93.42,21.76,30.89,85.82,3.58,8.0,1.0,84.89,Low Risk
STU-96990818,4,35.13,49.55,84.43,51.62,2.21,9.0,6.0,19.11,High Risk
STU-39B034C3,2,83.02,38.31,50.04,90.32,1.12,1.0,2.0,86.14,Low Risk
STU-ECAC4367,2,75.21,47.1,63.59,74.68,1.2,6.0,0.0,67.68,Medium Risk
STU-DF7B1F7B,1,94.9,69.38,17.81,25.4,3.91,4.0,6.0,21.82,Medium Risk
STU-DF7B2F5E,3,64.7,25.32,82.29,28.62,2.87,3.0,4.0,96.47,Medium Risk
STU-34D66EFD,1,77.75,21.78,39.39,83.28,2.47,6.0,7.0,89.16,High Risk
STU-15E253DA,1,98.23,54.95,73.94,48.31,3.61,0.0,5.0,73.57,Low Risk
STU-1312C714,2,83.35,83.49,79.64,32.41,3.15,2.0,3.0,46.38,Low Risk
STU-7B765AED,3,39.38,22.46,24.95,48.03,1.54,1.0,4.0,58.32,High Risk
STU-DA372227,2,45.89,87.92,40.15,24.52,1.02,1.0,2.0,17.32,High Risk
STU-E6AF1937,2,88.39,50.71,76.49,90.26,3.95,4.0,2.0,72.11,Low Risk
STU-1117BE62,3,56.76,29.46,34.74,16.44,2.89,9.0,7.0,96.21,High Risk
STU-C2A41AD2,4,80.88,65.4,87.09,41.79,2.43,1.0,2.0,33.58,Medium Risk
STU-9AA2F5A7,3,80.49,96.19,41.52,60.12,3.83,2.0,1.0,49.64,Low Risk
STU-F117D202,2,99.59,63.4,49.2,88.63,2.11,6.0,7.0,88.26,Medium Risk
STU-A702A4C8,3,65.54,74.93,23.48,80.34,3.17,1.0,5.0,20.62,Low Risk
STU-0AD93E48,4,82.96,85.31,27.55,12.02,3.01,3.0,0.0,42.2,Low Risk
STU-C1466818,2,38.17,83.95,38.41,84.27,3.03,1.0,6.0,95.03,Medium Risk
STU-384412EC,2,65.07,25.85,19.16,67.43,3.03,7.0,5.0,80.36,High Risk
STU-7D700DEA,1,47.13,79.28,31.41,22.0,1.03,5.0,3.0,21.88,High Risk
STU-6896B68D,4,89.64,95.96,49.76,65.57,3.47,7.0,0.0,54.48,Low Risk
STU-2042782A,1,89.59,76.05,47.3,83.61,3.77,5.0,0.0,58.57,Low Risk
STU-2351DE22,1,50.36,86.92,31.89,64.19,2.35,0.0,6.0,77.94,Medium Risk
STU-278A0A84,2,55.69,58.84,21.84,99.92,2.68,8.0,6.0,33.22,High Risk
STU-6F39985B,4,80.66,45.53,42.04,55.63,1.97,8.0,1.0,35.02,High Risk
STU-CE69D85E,2,82.99,74.1,78.35,70.58,3.36,4.0,6.0,87.48,Medium Risk
STU-FC58000A,3,77.75,59.38,58.36,16.33,3.21,9.0,3.0,34.08,High Risk
STU-B7CE7EFF,4,99.79,91.62,95.48,83.19,3.22,6.0,5.0,53.04,Low Risk
STU-D166723E,2,91.46,97.95,26.89,66.17,3.2,2.0,1.0,74.09,Low Risk
STU-E42FDECB,3,62.11,85.58,32.62,60.51,1.66,1.0,3.0,59.62,Medium Risk
STU-54E81EFE,2,56.25,99.41,38.83,73.79,1.34,7.0,7.0,92.81,High Risk
STU-F70F2B31,4,73.8,47.87,16.11,60.45,1.93,2.0,5.0,58.45,Medium Risk
STU-0B81FC00,3,88.15,91.66,95.19,78.98,2.73,1.0,4.0,32.64,Low Risk
STU-C18B3D57,4,65.9,46.39,52.86,62.52,2.2,6.0,5.0,85.69,High Risk
STU-EE081116,1,82.95,29.44,55.94,56.8,1.75,8.0,5.0,81.2,High Risk
STU-C598FC74,2,36.25,69.71,28.42,22.15,1.07,5.0,3.0,32.19,High Risk
STU-1BD2737B,1,95.18,56.4,89.18,52.46,1.36,1.0,1.0,80.55,Low Risk
STU-DDCEF101,2,85.3,93.74,73.87,58.44,1.32,1.0,4.0,42.39,Medium Risk
STU-A46BA0A7,4,60.62,59.38,51.67,66.21,3.87,0.0,3.0,63.05,Low Risk
STU-895B3CC0,2,59.96,94.21,89.63,51.03,3.34,8.0,2.0,97.53,Medium Risk
STU-F78FDAEC,1,41.69,26.29,91.96,23.2,1.37,3.0,1.0,18.76,Medium Risk
STU-224157F1,1,88.05,86.44,19.21,23.53,2.4,3.0,4.0,29.51,High Risk
STU-14D91C63,2,84.96,80.73,25.14,74.89,2.96,9.0,2.0,66.52,Medium Risk
STU-C068D988,1,75.97,77.6,17.35,69.53,3.88,3.0,4.0,19.26,Low Risk
STU-779006F0,2,41.59,48.41,64.45,33.35,1.81,0.0,5.0,24.35,Medium Risk
STU-3FF3206B,4,52.05,82.7,33.53,50.13,1.79,9.0,3.0,67.1,High Risk
STU-F44DE19A,2,64.83,58.66,86.82,37.63,2.7,7.0,3.0,86.52,Medium Risk
STU-836D4F32,3,52.29,77.22,54.6,26.29,3.57,8.0,4.0,61.39,Medium Risk
STU-45B974AE,2,63.21,64.18,86.21,39.35,1.84,8.0,4.0,30.87,High Risk
STU-3B37CD93,3,49.69,32.6,62.23,33.64,1.38,8.0,3.0,26.17,High Risk
STU-3347F19A,1,57.72,25.16,82.67,17.42,1.8,5.0,6.0,84.75,High Risk
STU-2D76ACB9,4,77.4,49.29,46.61,55.4,2.35,6.0,7.0,91.73,High Risk
STU-375DD72A,3,93.0,94.62,95.36,50.58,2.08,0.0,6.0,79.15,Low Risk
STU-FC905D15,1,60.03,62.38,71.71,74.31,3.58,4.0,0.0,33.66,Low Risk
STU-D3CEFF82,1,79.97,84.18,65.62,65.83,3.83,5.0,7.0,44.92,Medium Risk
STU-D043EF71,1,43.76,66.08,44.95,40.9,2.14,7.0,7.0,51.61,High Risk
STU-FDF7E123,3,70.15,96.63,94.66,54.67,3.47,0.0,5.0,25.56,Low Risk
STU-B7D2363B,3,94.91,49.56,43.71,58.25,1.21,7.0,4.0,36.54,High Risk
STU-61DE01BB,2,36.82,24.56,86.05,92.58,2.66,6.0,0.0,76.76,Low Risk
STU-BE4A1FF6,2,52.39,82.45,49.37,98.35,3.5,1.0,7.0,81.5,Low Risk
STU-35BB2579,4,43.61,76.44,80.21,83.4,2.26,6.0,6.0,30.51,Medium Risk
STU-AF741F86,4,69.65,62.2,92.51,60.59,1.43,3.0,3.0,42.76,Medium Risk
STU-7C63A2D6,3,79.18,46.11,54.58,93.53,1.85,9.0,2.0,57.02,Medium Risk
STU-D26BC8D6,2,38.76,35.06,59.72,26.03,2.48,9.0,7.0,29.88,High Risk
STU-C5CB51A8,4,39.57,58.58,43.08,72.68,3.53,5.0,2.0,88.37,Low Risk
STU-D8A5DB7B,3,91.53,73.3,19.65,51.44,3.25,8.0,6.0,40.72,Medium Risk
STU-79A84101,2,64.66,66.31,70.46,23.03,1.25,3.0,6.0,36.07,High Risk
STU-233B2DCB,1,65.09,55.0,25.17,16.77,2.64,9.0,1.0,90.95,Medium Risk
STU-F6E48642,3,96.4,63.18,45.1,53.27,3.62,1.0,1.0,72.26,Low Risk
STU-BB1E9E24,1,55.81,28.64,44.71,31.51,2.73,8.0,7.0,58.56,High Risk
STU-3E306F53,1,93.31,75.67,27.84,32.55,1.19,0.0,3.0,24.12,Medium Risk
STU-4BCB8BAE,4,98.33,78.74,71.67,38.82,3.47,5.0,4.0,27.35,Low Risk
STU-EB3BA3D7,3,50.71,20.92,29.84,74.65,3.72,6.0,2.0,34.03,Medium Risk
STU-EBA5979C,4,68.41,41.64,81.16,24.77,2.17,7.0,7.0,33.58,High Risk
STU-A6522BB9,2,69.73,27.37,36.19,74.58,1.93,3.0,6.0,90.4,Medium Risk
STU-18C6B80F,4,91.3,99.86,39.42,80.44,2.63,0.0,4.0,95.06,Low Risk
STU-55683060,2,54.75,67.47,44.22,63.5,3.95,0.0,6.0,50.44,Medium Risk
STU-4626F68E,3,86.87,57.26,27.98,32.28,3.51,0.0,0.0,32.05,Low Risk
STU-46480A50,2,98.12,57.04,51.91,14.64,3.43,2.0,3.0,38.26,Medium Risk
STU-F9BB11E3,1,89.62,97.18,21.83,46.72,1.58,8.0,5.0,16.99,High Risk
STU-8B96E576,2,94.09,72.79,51.3,86.27,3.69,5.0,1.0,33.28,Low Risk
STU-DEEEAD70,3,81.04,33.49,43.89,19.17,2.67,6.0,3.0,16.32,High Risk
STU-C414A40C,1,93.76,55.85,43.75,77.03,3.75,6.0,1.0,96.75,Low Risk
STU-2DC8EEBD,2,45.72,81.94,71.16,52.11,2.96,1.0,3.0,68.01,Low Risk
STU-58965903,1,81.3,53.87,80.37,90.89,3.5,5.0,3.0,72.3,Low Risk
STU-3C799FE6,1,82.57,44.76,45.26,42.06,1.5,8.0,7.0,22.0,High Risk
STU-01132A53,3,63.55,99.3,37.27,73.43,3.12,3.0,7.0,54.19,Medium Risk
STU-40F8F6DB,4,40.18,94.85,57.02,76.61,1.77,7.0,1.0,51.69,Medium Risk
STU-0B35A66C,2,75.46,95.32,81.96,27.89,1.51,7.0,0.0,86.11,Low Risk
STU-7DC53987,3,38.37,30.53,69.79,24.23,2.72,2.0,3.0,81.25,Medium Risk
STU-A172CF42,4,59.86,38.74,18.23,18.35,2.81,6.0,2.0,50.31,High Risk
STU-3E96AAD9,3,60.59,55.37,55.79,73.14,2.47,7.0,3.0,76.86,Medium Risk
STU-5CC8FC2D,3,99.93,86.57,99.23,59.33,1.27,5.0,4.0,22.38,Medium Risk
STU-EFA08205,1,54.49,78.95,45.02,17.8,1.73,3.0,7.0,36.56,High Risk
STU-8C59A0BC,2,88.33,87.97,52.46,37.75,1.71,7.0,7.0,29.47,High Risk
STU-A3FA7720,2,38.46,93.66,39.43,22.81,1.94,3.0,2.0,76.66,Medium Risk
STU-4F4E5BC9,2,69.43,82.46,57.3,18.34,2.88,5.0,4.0,90.06,Medium Risk
STU-AAE5F495,4,69.88,40.94,28.68,36.89,2.31,1.0,1.0,67.59,Low Risk
STU-CCCEDA91,2,75.87,42.84,36.0,18.67,3.91,1.0,1.0,71.53,Low Risk
STU-5B609B03,1,87.65,48.2,75.5,33.42,1.05,3.0,1.0,65.23,Low Risk
STU-035EB8D2,4,84.53,44.25,26.75,59.74,1.65,5.0,7.0,65.2,High Risk
STU-34AA76AB,2,84.47,39.93,93.72,60.48,2.72,2.0,5.0,33.01,Medium Risk
STU-1CC313C1,4,63.1,80.2,41.18,25.12,3.64,2.0,4.0,16.56,Medium Risk
STU-D005BB51,3,82.29,22.72,63.88,27.19,1.1,5.0,1.0,31.34,Medium Risk
STU-B558BB62,1,66.94,78.27,42.36,86.95,3.65,9.0,2.0,42.12,Medium Risk
STU-5302AB5B,3,39.35,85.89,55.63,25.02,2.52,7.0,7.0,49.02,High Risk
STU-E48C8365,3,92.86,25.28,91.82,14.12,3.36,5.0,6.0,76.31,Medium Risk
STU-966C9080,1,92.86,24.95,20.83,32.03,3.85,7.0,1.0,16.32,Medium Risk
STU-37988A1C,2,55.99,42.84,87.79,61.88,1.65,3.0,6.0,64.27,Medium Risk
STU-04D29B4A,2,94.4,36.66,62.39,10.65,2.76,4.0,3.0,40.03,Medium Risk
STU-1AE45ABE,3,84.27,66.49,71.53,98.65,3.65,2.0,4.0,30.31,Low Risk
STU-0AE649DA,1,61.05,74.04,19.75,30.74,3.53,6.0,4.0,39.14,Medium Risk
STU-076852A6,3,56.55,70.73,79.72,31.43,2.56,6.0,4.0,46.17,High Risk
STU-F49F50C0,1,98.38,48.59,25.86,76.48,3.85,5.0,4.0,87.27,Low Risk
STU-6EB53CA8,2,81.32,59.87,97.01,32.34,3.13,3.0,7.0,36.31,Medium Risk
STU-58DFAAC2,1,59.62,71.2,82.94,45.65,2.57,6.0,0.0,59.86,Medium Risk
STU-FEE3B9EB,1,76.73,29.55,56.89,58.95,1.17,2.0,7.0,77.62,High Risk
STU-A890EC8A,2,72.15,38.36,93.55,11.97,2.46,5.0,1.0,93.81,Medium Risk
STU-39024396,1,69.1,91.24,29.37,85.36,2.27,3.0,3.0,17.82,Medium Risk
STU-A0D5D28C,2,76.91,47.39,99.29,56.08,1.92,4.0,3.0,80.99,Medium Risk
STU-C6662A3B,4,69.95,84.09,75.93,38.16,3.83,5.0,5.0,35.84,Medium Risk
STU-82D4F2E5,2,77.56,40.08,23.36,45.98,3.78,6.0,6.0,86.35,High Risk
STU-6AB8D90B,3,93.99,23.33,60.61,15.02,2.01,6.0,4.0,27.55,High Risk
STU-B7B72D88,4,99.56,60.03,75.42,74.62,2.31,6.0,3.0,71.89,Medium Risk
STU-F2BC79E5,4,81.1,91.4,67.11,58.56,3.26,4.0,1.0,77.82,Low Risk
STU-E8C7A629,4,95.31,85.54,51.04,92.26,3.51,9.0,2.0,59.21,Low Risk
STU-323BC866,1,90.8,40.24,36.09,51.78,1.33,6.0,3.0,44.28,Medium Risk
STU-83A78E59,3,54.18,92.79,35.25,84.56,2.47,4.0,5.0,28.38,Medium Risk
STU-70B67CD1,4,95.64,58.38,93.79,26.95,3.74,4.0,0.0,23.92,Low Risk
STU-26E9932F,4,39.6,23.92,34.95,15.09,2.99,2.0,4.0,79.23,Medium Risk
STU-05177B4E,3,56.44,22.23,96.8,95.36,2.63,8.0,2.0,20.11,Medium Risk
STU-887CDDB5,1,76.6,58.81,32.87,33.13,3.15,8.0,5.0,64.52,High Risk
STU-82D1CF1C,4,69.25,63.71,47.66,85.02,2.98,0.0,6.0,17.46,Medium Risk
STU-5A770018,2,70.26,26.39,16.05,33.16,3.83,3.0,2.0,54.18,Medium Risk
STU-476B8904,2,86.67,93.78,91.77,24.03,3.74,2.0,4.0,26.76,Low Risk
STU-3E69225D,2,47.66,77.46,23.87,75.93,2.19,3.0,4.0,70.31,Medium Risk
STU-7F877E3B,2,98.83,84.1,45.37,80.06,1.1,1.0,3.0,35.83,Low Risk
STU-E0A9D104,1,63.43,66.72,86.61,85.93,2.0,5.0,6.0,44.79,Medium Risk
STU-538962FF,2,96.74,73.08,82.31,87.84,1.61,5.0,4.0,79.62,Medium Risk
STU-32E1A35B,4,59.9,51.03,86.53,53.48,1.39,6.0,7.0,66.31,High Risk
STU-A8914FD9,2,74.12,74.34,92.7,46.02,3.66,5.0,0.0,76.47,Low Risk
STU-A59F42DA,2,64.27,98.25,92.44,77.59,3.13,7.0,1.0,74.2,Low Risk
STU-9D432A7C,4,78.94,71.82,80.49,61.24,1.1,3.0,2.0,90.66,Medium Risk
STU-DFB06F10,2,46.94,47.33,64.51,96.88,3.76,1.0,4.0,81.34,Low Risk
STU-E833B3CF,2,61.04,42.82,62.73,43.83,3.71,9.0,3.0,77.19,Medium Risk
STU-92F9D725,2,39.44,97.07,16.1,13.86,3.85,6.0,7.0,20.76,High Risk
STU-5DDE1D0C,1,73.88,34.8,76.42,63.04,3.49,0.0,7.0,24.82,Medium Risk
STU-3FA564C3,1,97.57,84.5,34.27,41.81,1.24,0.0,4.0,61.14,Medium Risk
STU-9729F2D3,3,37.98,57.22,85.44,40.84,2.87,4.0,0.0,43.2,Medium Risk
STU-681FFDF4,4,77.88,55.5,62.07,60.81,1.25,4.0,4.0,58.43,High Risk
STU-A624D4D8,3,85.38,79.8,98.92,92.96,3.14,4.0,0.0,76.95,Low Risk
STU-A2FD3A31,1,48.85,31.84,32.87,34.03,1.59,2.0,4.0,42.64,Medium Risk
STU-1CB1B8A9,2,52.75,57.3,76.49,44.16,3.81,5.0,7.0,88.35,Medium Risk
STU-3ED5CB5B,1,48.1,22.87,61.54,90.21,3.8,1.0,6.0,51.49,Medium Risk
STU-CFEB3AA6,2,54.33,73.63,94.2,90.57,2.78,9.0,1.0,43.12,Low Risk
STU-F1E8C49F,1,42.16,24.67,37.61,31.11,3.26,7.0,3.0,58.55,Medium Risk
STU-D99D21AE,4,59.07,26.98,20.05,73.57,3.57,7.0,5.0,58.56,Medium Risk
STU-76276B5C,1,58.98,87.59,61.23,47.4,2.17,4.0,6.0,87.98,High Risk
STU-832ABE6B,1,87.47,55.44,59.34,94.24,2.74,5.0,0.0,31.25,Low Risk
STU-64616517,2,87.06,36.08,41.5,75.9,1.53,1.0,4.0,59.1,Medium Risk
STU-7A4AC9EB,1,86.79,67.41,98.86,54.49,3.96,4.0,2.0,83.97,Low Risk
STU-8DA2CC77,3,71.86,61.54,20.93,83.57,3.79,7.0,7.0,71.79,Medium Risk
STU-F0320EA2,4,56.18,52.87,63.41,99.81,2.45,9.0,0.0,62.31,Low Risk
STU-14FCF63F,1,61.71,92.43,37.12,50.23,2.66,6.0,1.0,87.22,Medium Risk
STU-4235183D,2,55.65,79.96,15.16,43.62,2.31,8.0,1.0,80.73,Medium Risk
STU-E62DE720,4,72.83,32.13,98.97,64.63,1.0,8.0,2.0,20.36,Medium Risk
STU-5F8415CC,3,95.97,65.66,55.94,71.48,1.69,7.0,4.0,53.1,Medium Risk
STU-0937EB8C,4,53.49,27.1,87.86,73.4,1.3,1.0,4.0,74.85,Medium Risk
STU-42DB1C9A,1,64.83,39.57,86.41,52.62,1.97,3.0,4.0,69.38,Medium Risk
STU-A70A5847,1,77.58,92.79,84.04,39.91,1.71,3.0,4.0,43.72,Medium Risk
STU-6EB9C25D,1,89.91,56.97,54.02,83.97,3.28,7.0,5.0,52.3,Medium Risk
STU-A884468A,2,51.47,91.37,91.15,96.24,2.51,1.0,5.0,58.13,Low Risk
STU-C2DE13F9,3,53.22,33.28,46.22,87.76,3.45,9.0,4.0,51.42,High Risk
STU-2A723C1A,1,92.54,36.43,49.71,71.41,2.91,8.0,6.0,78.05,High Risk
STU-668ECABC,2,40.22,48.23,36.73,42.41,2.97,1.0,2.0,56.83,Medium Risk
STU-D52ED77B,1,74.35,49.31,53.09,66.02,3.63,3.0,5.0,82.8,Low Risk
STU-4FA92C1F,4,90.93,79.62,98.85,19.1,3.54,2.0,6.0,53.5,Medium Risk
STU-6B97A4B9,1,94.91,67.95,63.73,58.05,1.19,9.0,5.0,18.55,High Risk
STU-ACF345BF,1,35.82,64.26,85.64,80.31,2.74,7.0,1.0,88.03,Medium Risk
STU-7CABEF28,3,59.03,68.19,37.38,32.6,2.24,0.0,7.0,77.36,Medium Risk
STU-9548720D,1,51.72,78.58,96.25,55.14,2.8,6.0,2.0,29.63,Low Risk
STU-9D8EB572,2,71.92,91.43,16.12,16.59,3.59,6.0,3.0,44.02,Medium Risk
STU-86D06A85,2,76.14,53.18,94.07,85.46,1.04,8.0,3.0,20.5,High Risk
STU-1D785BAA,4,99.99,84.23,91.33,41.52,1.03,9.0,0.0,55.87,Medium Risk
STU-13623190,3,68.33,59.61,20.73,62.4,1.19,7.0,4.0,53.83,High Risk
STU-EFC77DBC,3,70.85,77.77,66.41,44.07,3.62,5.0,1.0,30.38,Low Risk
STU-E242C658,4,61.93,89.99,81.75,63.78,2.06,5.0,7.0,30.75,High Risk
STU-9F50730A,4,44.6,22.58,49.32,76.98,2.11,5.0,0.0,35.81,Medium Risk
STU-34329B05,3,54.72,63.73,22.81,39.41,2.04,4.0,5.0,75.28,High Risk
STU-BC0CDA0A,2,51.05,99.15,85.5,56.73,1.69,0.0,3.0,42.82,Low Risk
STU-89AB4B49,3,87.08,59.7,54.65,81.54,1.12,1.0,7.0,64.3,Medium Risk
STU-CA865007,2,70.48,89.14,37.38,71.91,3.72,5.0,0.0,35.38,Low Risk
STU-CEFF6468,4,54.25,34.87,21.02,15.14,1.7,1.0,5.0,88.13,Medium Risk
STU-EA615503,3,66.79,68.34,69.41,61.19,3.68,4.0,3.0,74.01,Low Risk
STU-86A8F6CE,2,49.23,89.62,18.6,43.87,3.87,9.0,3.0,98.99,Medium Risk
STU-FFA329FD,1,47.03,54.52,82.24,73.79,2.73,0.0,2.0,88.78,Low Risk
STU-77250D54,1,90.9,58.94,80.51,11.5,2.12,0.0,0.0,26.47,Low Risk
STU-D9AD9AB7,1,96.41,26.56,42.45,39.75,3.3,5.0,7.0,75.04,Medium Risk
STU-412B9F3C,1,40.2,23.37,55.14,17.78,1.08,0.0,3.0,39.26,High Risk
STU-669040E4,2,84.72,57.5,71.88,92.84,3.79,3.0,1.0,65.55,Low Risk
STU-E4B14533,1,64.47,87.48,96.53,88.88,2.22,1.0,7.0,70.04,Low Risk
STU-9490DBC7,3,60.28,94.51,59.21,97.13,1.93,8.0,3.0,79.01,Medium Risk
STU-483938BF,1,79.81,72.69,99.72,67.91,1.38,0.0,6.0,58.22,Medium Risk
STU-4410200A,1,52.31,86.11,42.63,82.63,3.87,2.0,6.0,46.76,Low Risk
STU-B7D3F631,2,36.34,78.79,59.75,65.07,3.43,6.0,6.0,95.35,Medium Risk
STU-F299A7FC,4,48.91,76.12,24.83,54.28,3.17,0.0,2.0,43.49,Low Risk
STU-CC334907,2,47.02,81.52,62.3,85.04,3.79,0.0,7.0,39.91,Medium Risk
STU-31C652DC,2,37.21,60.42,60.59,79.85,3.88,5.0,0.0,41.62,Low Risk
STU-02B43566,3,55.89,56.64,87.15,75.99,1.81,5.0,3.0,85.08,Medium Risk
STU-E94521D3,1,65.84,32.73,99.71,90.45,3.36,3.0,4.0,68.96,Medium Risk
STU-193BC78A,2,82.83,87.51,98.83,93.59,3.3,9.0,4.0,30.66,Low Risk
STU-6A20AE55,1,56.17,23.57,35.09,50.08,2.67,2.0,7.0,31.59,High Risk
STU-A961ACAD,3,47.65,41.4,43.77,35.45,1.45,9.0,7.0,24.51,High Risk
STU-6E7028EF,3,49.99,61.59,38.35,56.06,3.82,0.0,3.0,50.66,Low Risk
STU-00F8EB71,3,92.93,97.73,31.97,18.38,1.95,7.0,0.0,55.51,Medium Risk
STU-2C98F303,1,48.31,82.88,27.76,94.43,2.74,7.0,5.0,44.81,Medium Risk
STU-177AF3E1,3,92.15,49.49,58.5,98.55,1.06,6.0,2.0,48.41,Medium Risk
STU-B9B1501D,1,64.06,77.12,89.16,68.74,2.29,3.0,1.0,66.88,Low Risk
STU-7A47AE74,1,95.74,94.51,65.14,77.15,2.85,1.0,5.0,61.51,Low Risk
STU-38829BFD,2,61.53,63.11,89.18,39.13,2.14,6.0,0.0,52.29,Medium Risk
STU-F4806B52,3,46.55,56.96,96.56,87.96,2.43,7.0,6.0,57.19,Medium Risk
STU-CF7AE580,1,70.69,64.24,47.57,91.03,1.58,4.0,2.0,82.37,Low Risk
STU-723EB8BE,3,73.2,44.92,86.03,16.92,2.05,8.0,6.0,58.87,High Risk
STU-997712FE,4,76.31,92.59,19.45,21.83,3.17,9.0,7.0,96.41,High Risk
STU-6BE4A35D,2,61.75,83.78,55.89,33.48,3.91,7.0,3.0,61.96,Medium Risk
STU-DC1B1BB3,2,38.16,76.44,46.31,73.33,2.41,3.0,1.0,42.81,Low Risk
STU-AE6FDD55,1,75.74,67.13,32.41,26.5,3.06,9.0,0.0,95.21,Medium Risk
STU-9ADD1F90,2,95.65,97.56,52.26,29.81,3.93,8.0,7.0,23.34,Medium Risk
STU-AE841A3E,1,97.24,43.82,52.71,44.37,3.32,0.0,3.0,89.23,Low Risk
STU-825FB88D,4,73.8,42.65,83.73,65.05,1.03,8.0,1.0,25.38,High Risk
STU-1EBB0FD9,2,36.29,39.37,88.86,97.87,3.81,0.0,3.0,69.6,Low Risk
STU-46FB854A,3,41.89,79.34,70.84,80.55,3.6,4.0,4.0,90.53,Low Risk
STU-753D65D3,1,89.21,83.78,68.84,60.25,1.81,4.0,5.0,24.03,Medium Risk
STU-399304E7,4,88.93,67.77,24.37,14.44,1.54,7.0,4.0,99.96,High Risk
STU-21064399,4,96.49,72.16,63.9,56.52,3.7,4.0,2.0,55.96,Low Risk
STU-854DDCE9,3,71.65,47.92,38.33,28.37,3.07,7.0,1.0,56.69,Medium Risk
STU-125C65DA,4,91.15,23.18,40.05,37.01,1.71,0.0,4.0,44.14,Medium Risk
STU-3525B14F,1,88.62,40.29,23.06,32.58,3.14,9.0,6.0,48.58,High Risk
STU-6B0E28B2,2,73.31,66.74,69.05,41.27,2.8,2.0,3.0,53.69,Medium Risk
STU-73F5BFF3,3,85.94,85.03,64.62,15.6,1.93,6.0,2.0,30.23,Medium Risk
STU-2D042A28,3,43.17,82.18,33.72,61.92,2.67,5.0,4.0,56.33,Medium Risk
STU-DC6BED96,4,76.55,34.36,37.36,14.12,2.58,4.0,7.0,65.73,High Risk
STU-A8E4D389,1,96.97,24.12,80.71,69.45,2.53,6.0,6.0,17.17,High Risk
STU-45060891,1,45.53,88.04,82.4,75.77,2.55,4.0,2.0,78.32,Low Risk
STU-E44D73EC,1,83.36,26.05,56.91,53.75,1.0,6.0,5.0,62.7,High Risk
STU-9EC283A4,4,55.85,51.46,27.67,80.31,1.81,9.0,7.0,24.32,High Risk
STU-436A83AE,4,88.11,27.54,19.73,97.07,2.29,2.0,1.0,86.63,Low Risk
STU-FDFB8190,3,80.32,65.12,38.07,40.6,1.38,5.0,4.0,57.23,Medium Risk
STU-CB49F0AF,2,95.2,49.07,77.15,65.7,3.25,1.0,4.0,51.16,Low Risk
STU-39AA25C9,3,81.28,36.2,66.07,39.14,3.54,0.0,0.0,47.57,Low Risk
STU-04016251,3,61.67,67.61,76.04,49.9,3.45,1.0,6.0,81.7,Low Risk
STU-75474894,1,35.71,49.07,55.1,11.87,2.38,3.0,7.0,21.88,High Risk
STU-793EE61B,3,86.54,33.34,79.15,16.69,3.07,9.0,0.0,74.96,Medium Risk
STU-30F0ECB3,2,61.55,76.01,55.87,81.78,1.23,5.0,1.0,69.16,Medium Risk
STU-A224F421,2,78.59,86.94,22.14,22.59,1.6,4.0,6.0,50.99,High Risk
STU-004A6DD6,1,41.83,41.9,21.79,72.92,1.14,7.0,7.0,95.87,High Risk
STU-D1B1D664,3,92.91,34.91,85.68,73.8,3.9,1.0,1.0,61.81,Low Risk
STU-E7B0A6A9,4,63.32,26.02,68.52,99.66,2.72,2.0,5.0,65.64,Low Risk
STU-F4B0E2E7,3,94.78,62.23,38.73,72.6,1.53,1.0,5.0,79.86,Medium Risk
STU-6C354987,3,80.96,86.5,79.36,21.59,3.12,9.0,7.0,68.15,High Risk
STU-03A57E0B,2,42.9,40.06,26.54,66.39,2.47,1.0,6.0,86.65,Medium Risk
STU-F0E79A60,3,72.65,56.85,69.85,57.17,2.3,3.0,0.0,34.46,Low Risk
STU-7A5849AA,2,94.15,32.86,99.11,92.57,3.74,1.0,4.0,81.79,Low Risk
STU-C55F8DA5,4,87.0,52.34,27.75,72.11,3.12,1.0,5.0,20.4,Low Risk
STU-1CB4A571,2,62.17,21.24,27.07,56.66,3.07,2.0,2.0,73.08,Medium Risk
STU-52336AED,3,97.08,92.86,54.77,66.18,1.29,0.0,6.0,98.76,Low Risk
STU-E41C036F,3,52.46,74.13,69.63,49.91,1.28,4.0,1.0,73.43,Medium Risk
STU-43BF8E50,3,59.38,46.63,17.26,55.76,2.99,3.0,0.0,43.02,Medium Risk
STU-AA46A0F7,3,83.73,90.5,57.47,75.01,1.47,0.0,2.0,58.06,Low Risk
STU-5DF31851,2,50.14,34.63,22.07,17.05,2.36,5.0,0.0,99.39,Medium Risk
STU-8AA6DEEF,4,68.5,26.3,35.51,65.38,2.71,6.0,3.0,55.71,Medium Risk
STU-B6A422E7,2,82.37,95.41,75.55,17.94,2.16,3.0,4.0,81.96,Medium Risk
STU-EDDF76C0,4,76.86,44.72,77.8,86.96,1.26,2.0,2.0,30.5,Medium Risk
STU-CB40DAEE,3,45.1,94.88,77.03,94.82,3.23,8.0,0.0,86.47,Low Risk
STU-245C68E2,1,75.93,71.01,20.54,80.22,3.66,2.0,2.0,29.99,Low Risk
STU-A9F35DC8,4,72.23,98.4,81.87,74.62,1.49,4.0,5.0,99.46,Low Risk
STU-F297380B,3,71.26,80.27,51.74,94.94,3.56,4.0,3.0,24.16,Low Risk
STU-789FF275,4,88.69,28.44,55.4,29.67,3.37,6.0,6.0,47.44,High Risk
STU-10F67149,3,46.95,88.18,50.67,30.59,2.69,0.0,7.0,74.7,Medium Risk
STU-16B45AD2,1,83.85,31.83,87.85,53.29,2.79,2.0,3.0,78.34,Low Risk
STU-992E11D8,2,84.46,75.38,72.8,10.67,2.95,2.0,4.0,41.04,Low Risk
STU-D1181658,2,81.97,60.03,57.5,96.86,2.57,9.0,0.0,65.84,Medium Risk
STU-C91E9A15,4,67.89,76.62,85.91,12.9,3.53,9.0,7.0,22.23,High Risk
STU-E9E64C00,3,60.71,81.2,83.46,63.65,2.42,7.0,0.0,18.04,Medium Risk
STU-F21B843D,2,60.65,84.29,15.43,41.86,2.64,2.0,5.0,26.68,Medium Risk
STU-8806C360,3,82.7,86.8,55.7,19.27,1.11,6.0,5.0,48.74,High Risk
STU-4A0ED6FD,3,67.36,87.78,18.59,12.22,1.54,8.0,0.0,56.54,High Risk
STU-95E07243,1,57.0,53.01,41.11,33.62,3.71,7.0,7.0,23.42,High Risk
STU-ED75DB92,1,75.66,91.14,83.33,19.6,1.36,5.0,7.0,52.37,High Risk
STU-901CE7E4,2,89.41,77.57,95.24,94.63,3.71,4.0,1.0,92.4,Low Risk
STU-FB77D0C0,1,39.0,87.12,35.58,32.03,2.91,6.0,6.0,65.51,High Risk
STU-59283F12,1,98.19,99.14,16.82,18.47,3.76,8.0,7.0,41.18,High Risk
STU-F63D433D,1,41.28,29.31,49.2,79.27,3.44,5.0,6.0,30.99,High Risk
STU-C89FF2D2,4,68.26,49.65,43.49,47.28,3.6,1.0,4.0,58.56,Medium Risk
STU-2B512F78,2,71.41,84.52,72.54,85.93,2.57,7.0,3.0,35.4,Medium Risk
STU-F3EF9013,2,43.98,26.9,57.08,85.46,3.48,3.0,6.0,95.12,Medium Risk
STU-E73EA2B3,1,94.51,63.26,48.9,99.31,2.38,5.0,4.0,42.83,Medium Risk
STU-217E8680,2,65.65,88.67,34.51,82.34,1.13,1.0,7.0,18.83,Medium Risk
STU-75E00D52,2,44.3,21.52,85.42,29.27,2.95,5.0,7.0,81.6,High Risk
STU-0211A549,1,81.25,95.16,36.11,62.78,3.19,1.0,1.0,82.27,Low Risk
STU-FAFB01E4,3,78.12,98.25,19.65,57.36,1.3,0.0,0.0,90.66,Low Risk
STU-6A5D802D,3,97.59,45.78,62.99,55.74,3.45,4.0,3.0,84.63,Low Risk
STU-F53BDCA1,2,63.7,81.34,41.97,36.71,1.23,3.0,0.0,40.25,Medium Risk
STU-301FBAB8,3,52.41,30.17,75.56,28.91,2.32,3.0,7.0,79.77,High Risk
STU-BDC9541C,2,38.9,81.83,21.87,74.52,2.46,0.0,1.0,87.95,Low Risk
STU-D630E650,1,82.65,58.52,97.14,19.16,1.11,8.0,1.0,86.87,Medium Risk
STU-59D47409,3,75.12,88.82,30.88,14.47,1.2,7.0,6.0,53.64,High Risk
STU-F4D83A30,4,98.22,37.01,45.35,44.31,2.35,0.0,0.0,74.72,Low Risk
STU-388F0236,3,81.29,73.81,55.88,76.95,1.93,4.0,0.0,94.02,Medium Risk
STU-7E9D31FA,2,95.66,82.89,90.66,88.17,3.45,8.0,2.0,68.17,Low Risk
STU-8817A3A1,4,99.45,36.2,76.42,58.61,2.24,0.0,3.0,42.34,Low Risk
STU-0CAFB69D,2,62.85,85.46,27.31,85.59,1.32,9.0,3.0,21.86,High Risk
STU-8950CBF6,1,44.77,96.64,52.28,12.28,1.47,9.0,4.0,24.51,High Risk
STU-0BE2C5FB,2,47.73,69.29,61.15,50.98,3.02,2.0,5.0,55.83,Medium Risk
STU-F43FEFD3,3,55.69,82.79,74.68,22.0,3.85,3.0,4.0,66.42,Medium Risk
STU-9BAAC602,4,68.08,62.61,63.6,62.44,3.61,1.0,5.0,30.23,Medium Risk
STU-97B56BC9,2,42.96,67.85,53.87,92.89,1.39,8.0,1.0,30.95,High Risk
STU-91AD1AD2,1,54.61,21.07,80.07,10.65,1.05,0.0,5.0,24.87,High Risk
STU-109F0D94,3,55.01,61.94,47.13,70.14,1.08,3.0,3.0,42.06,High Risk
STU-47035BB8,4,35.27,66.05,98.91,81.31,2.66,9.0,1.0,64.22,Medium Risk
STU-6F0BEDC8,1,58.02,73.6,95.56,77.0,2.46,2.0,0.0,73.28,Low Risk
STU-CF82D674,4,42.55,33.55,75.13,11.78,1.04,9.0,7.0,92.41,High Risk
STU-B1E97BE2,2,62.93,39.31,90.02,25.65,1.17,8.0,3.0,65.72,High Risk
STU-72626521,4,47.77,80.48,48.42,18.5,4.0,2.0,7.0,34.64,Medium Risk
STU-B5309A63,2,88.44,33.41,64.42,17.69,3.89,6.0,6.0,76.83,Medium Risk
STU-D99CB026,2,40.23,53.28,38.18,75.72,1.38,1.0,1.0,90.92,Low Risk
STU-62272F58,3,91.27,40.04,90.28,48.23,1.49,7.0,6.0,32.83,High Risk
STU-8D0232C7,4,72.73,63.61,55.04,75.23,3.7,1.0,2.0,80.75,Low Risk
STU-C3B350F3,2,64.81,98.95,60.57,42.47,2.52,9.0,7.0,83.59,High Risk
STU-6CD862D9,2,70.73,88.16,88.49,20.53,3.87,8.0,5.0,41.04,Medium Risk
STU-B14ED353,1,59.45,41.56,82.77,74.66,2.56,8.0,7.0,57.51,High Risk
STU-CAC80A98,1,43.29,49.49,42.35,66.35,2.73,8.0,5.0,50.29,High Risk
STU-11534ABE,3,84.78,93.49,22.43,20.17,1.66,5.0,2.0,36.29,Medium Risk
STU-BA26B406,1,95.31,91.86,28.78,93.19,3.63,6.0,3.0,58.81,Low Risk
STU-FB31F4C5,4,96.75,32.84,43.82,37.8,3.48,3.0,3.0,89.33,Low Risk
STU-FE065ED3,2,78.6,86.34,40.95,68.93,2.01,1.0,6.0,21.05,Medium Risk
STU-240FD227,4,61.67,43.81,18.26,12.88,2.84,2.0,4.0,92.47,High Risk
STU-0565D1E6,1,66.09,63.5,51.73,49.87,2.02,2.0,5.0,19.7,Medium Risk
STU-7E698C1B,1,77.7,20.41,24.0,96.79,2.39,0.0,3.0,52.92,Low Risk
STU-CFC4A5EF,1,88.5,99.89,33.78,89.79,3.56,2.0,4.0,17.26,Low Risk
STU-C9357655,4,59.35,80.89,81.94,29.92,2.25,3.0,5.0,76.45,Medium Risk
STU-CE246F6D,2,94.59,39.34,57.06,89.12,3.52,3.0,2.0,24.6,Medium Risk
STU-18716977,1,56.08,74.7,46.7,36.38,3.88,2.0,2.0,86.0,Low Risk
STU-12AE2D27,4,69.51,43.46,30.76,86.7,2.25,9.0,2.0,91.35,Medium Risk
STU-4DB1D915,4,97.49,27.16,88.63,75.63,3.63,3.0,7.0,49.27,Low Risk
STU-CA41F211,4,95.98,54.02,91.81,41.68,1.91,3.0,6.0,98.8,Medium Risk
STU-C53C7CF8,1,80.22,69.1,59.09,91.97,1.01,2.0,0.0,48.78,Medium Risk
STU-1A7CFAD0,2,56.1,27.18,93.31,53.68,1.25,4.0,3.0,53.88,Medium Risk
STU-8779712C,3,49.24,61.47,54.51,38.59,3.21,2.0,7.0,50.65,Medium Risk
STU-19622208,2,40.21,61.19,24.12,35.17,1.3,7.0,2.0,61.3,High Risk
STU-0888BEDF,1,81.06,70.29,16.45,94.52,3.82,2.0,4.0,93.17,Low Risk
STU-3AD35EE2,1,67.72,39.57,25.91,78.27,3.6,9.0,6.0,24.17,High Risk
STU-A34272A9,4,72.2,21.65,67.93,41.49,2.54,2.0,4.0,48.53,Medium Risk
STU-4CE4F176,1,65.71,45.99,42.28,32.88,2.74,7.0,1.0,45.32,Medium Risk
STU-1CAB90EC,3,66.39,51.89,70.11,29.05,3.08,0.0,1.0,23.49,Low Risk
STU-6DC41156,2,72.13,70.86,58.18,32.0,3.19,3.0,0.0,80.95,Low Risk
STU-D1A50DA1,3,94.43,94.41,43.31,19.99,2.47,2.0,4.0,26.77,Medium Risk
STU-95FCF9E3,3,36.91,36.27,33.59,53.63,1.94,0.0,5.0,18.98,High Risk
STU-D97E59E5,2,87.11,74.99,21.89,13.7,3.73,0.0,1.0,97.76,Low Risk
STU-ED5445DE,2,60.38,27.79,81.5,11.04,1.14,6.0,3.0,74.27,High Risk
STU-504DF2E7,3,83.42,35.25,84.62,65.63,2.07,3.0,3.0,77.03,Low Risk
STU-541F08E8,2,96.65,60.73,61.02,17.96,3.0,4.0,3.0,63.88,Medium Risk
STU-3D89CDE5,3,54.91,76.67,28.35,86.07,3.67,1.0,6.0,29.56,Medium Risk
STU-0C8EAD33,3,40.82,88.69,37.4,19.61,1.22,2.0,7.0,60.39,High Risk
STU-7C2CADEB,3,50.1,79.51,96.19,58.84,2.98,0.0,3.0,81.02,Low Risk
STU-0E94D0A1,2,49.44,21.23,34.2,70.8,2.46,3.0,1.0,75.22,Medium Risk
STU-53344F1C,1,83.22,74.71,19.83,30.62,3.06,7.0,7.0,69.55,High Risk
STU-0661DB01,3,39.02,85.97,61.75,89.94,1.95,2.0,6.0,21.99,Medium Risk
STU-17C2F4BA,1,38.31,62.04,37.26,53.32,3.13,0.0,0.0,70.04,Low Risk
STU-4F8A115A,4,80.08,97.25,96.38,38.38,1.54,3.0,1.0,20.71,Low Risk
STU-CF74E501,4,71.19,20.34,63.86,91.1,3.33,8.0,3.0,93.0,Medium Risk
STU-43B37924,1,62.15,85.49,97.09,87.25,3.25,9.0,2.0,87.61,Low Risk
STU-0A942A4B,1,72.4,46.79,81.77,73.87,3.84,7.0,5.0,16.99,Medium Risk
STU-BA2D7963,2,82.79,72.04,76.46,36.14,1.52,9.0,5.0,33.18,High Risk
STU-1D5B54E5,4,41.73,75.48,85.58,45.12,3.17,2.0,3.0,63.39,Low Risk
STU-14D47721,2,70.96,44.5,66.42,72.08,1.97,3.0,0.0,18.82,Low Risk
STU-C7578253,2,88.59,99.63,15.95,26.68,1.85,4.0,4.0,92.33,Medium Risk
STU-7CA06F65,3,58.56,28.26,48.36,54.56,2.2,6.0,4.0,91.39,High Risk
STU-B816FC60,1,84.6,32.56,33.62,76.4,1.86,0.0,3.0,29.37,Medium Risk
STU-62170E9F,2,89.95,91.38,51.92,69.19,1.74,2.0,0.0,93.25,Low Risk
STU-BE9B0694,2,88.36,29.53,55.0,74.79,3.31,0.0,1.0,74.76,Low Risk
STU-EFB3A3A9,3,77.27,50.5,25.87,90.27,3.1,2.0,7.0,54.26,Medium Risk
STU-A9E03DDE,1,81.63,78.65,16.99,97.15,1.33,5.0,6.0,54.04,Medium Risk
STU-8D5B68EB,2,86.2,83.32,26.75,51.25,2.68,8.0,0.0,41.76,Medium Risk
STU-EDE5CA5F,4,82.69,96.37,87.88,15.4,1.99,5.0,5.0,64.79,Medium Risk
STU-B8D6217A,2,64.36,83.17,79.25,85.09,3.91,7.0,3.0,66.14,Medium Risk
STU-A4A9CE92,3,45.34,87.56,82.91,20.62,2.28,3.0,1.0,29.46,Medium Risk
STU-BFFEE625,1,55.13,95.95,38.49,29.75,1.12,4.0,4.0,56.13,High Risk
STU-979A19E7,2,48.47,64.3,35.07,68.79,2.0,7.0,7.0,24.38,High Risk
STU-DB69B371,1,58.49,47.47,18.18,77.12,1.94,0.0,3.0,80.71,Medium Risk
STU-3DC4D081,3,66.81,80.93,55.14,72.52,1.02,7.0,4.0,82.59,High Risk
STU-7833B2C2,2,97.34,33.08,47.5,49.46,2.46,1.0,3.0,87.72,Medium Risk
STU-E887E4B8,2,97.37,25.46,86.05,92.63,3.72,5.0,1.0,18.85,Low Risk
STU-D449F346,1,85.02,82.83,72.96,84.9,3.41,3.0,0.0,71.63,Low Risk
STU-657AFE5A,2,98.71,96.05,27.26,69.73,3.05,9.0,5.0,89.45,High Risk
STU-A9FE569F,2,99.87,55.4,98.91,49.7,2.03,9.0,5.0,43.5,Medium Risk
STU-10A28FF5,3,92.54,32.89,80.5,51.74,1.7,3.0,4.0,82.34,Medium Risk
STU-D6646E86,1,40.17,59.76,76.22,25.84,2.03,4.0,7.0,15.49,High Risk
STU-43E070F8,3,62.69,51.47,33.41,80.17,1.37,0.0,1.0,71.55,Medium Risk
STU-8672CA4F,2,69.72,49.8,91.94,87.94,1.3,3.0,4.0,35.46,Medium Risk
STU-2E46B0CC,2,43.07,70.25,55.28,84.46,2.72,7.0,6.0,21.65,Medium Risk
STU-489AA190,4,87.56,33.98,40.3,59.24,3.44,8.0,2.0,57.52,Medium Risk
STU-389A5511,2,44.66,50.44,70.66,85.41,1.3,1.0,1.0,46.16,Low Risk
STU-19C38932,1,59.92,89.49,33.0,81.14,2.01,5.0,1.0,65.71,Medium Risk
STU-82AB0046,3,39.48,78.37,92.14,84.91,1.37,4.0,0.0,87.77,Medium Risk
STU-43E254BB,4,69.1,24.45,87.62,98.37,1.93,7.0,0.0,48.32,Medium Risk
STU-F142191C,2,73.81,61.11,54.52,82.9,3.49,7.0,3.0,93.77,Medium Risk
STU-5564619B,4,82.79,27.3,31.21,34.36,1.1,7.0,0.0,37.82,High Risk
STU-6BC654C3,3,57.06,96.6,57.2,83.88,2.94,9.0,7.0,81.12,Medium Risk
STU-92F2DE74,2,73.38,39.57,27.68,43.81,1.18,0.0,5.0,69.46,Medium Risk
STU-65639236,3,82.72,94.61,37.94,56.46,2.28,9.0,3.0,58.79,Medium Risk
STU-D8EF0AF4,2,84.53,86.72,56.03,81.68,2.42,3.0,5.0,53.19,Medium Risk
STU-352A317E,2,54.61,64.11,16.8,38.5,2.2,1.0,0.0,92.66,Low Risk
STU-021BF219,2,39.4,46.9,80.09,12.35,2.91,3.0,0.0,70.11,Low Risk
STU-3D735451,3,37.45,88.64,31.74,74.63,3.92,5.0,5.0,45.7,Medium Risk
STU-F5FDF252,2,84.92,32.22,88.66,91.2,1.8,3.0,3.0,61.94,Medium Risk
STU-E5A1D1D2,1,60.05,34.4,16.89,93.51,2.83,4.0,2.0,61.86,Medium Risk
STU-1B7C3152,3,43.71,37.98,60.23,81.9,2.06,2.0,1.0,89.54,Low Risk
STU-50B6E101,3,46.99,67.82,81.02,94.16,4.0,1.0,6.0,18.53,Medium Risk
STU-78C9CC15,4,84.8,45.15,35.23,83.86,3.85,6.0,5.0,52.47,Medium Risk
STU-E25AB60E,2,73.93,99.13,75.14,12.71,1.28,5.0,7.0,58.36,High Risk
STU-9E1007BF,1,67.59,35.61,76.27,41.47,3.92,2.0,3.0,27.92,Low Risk
STU-5533947F,1,75.5,84.45,69.22,40.25,3.21,9.0,2.0,15.07,Medium Risk
STU-E7E899D4,3,43.94,27.67,45.96,29.72,3.98,8.0,5.0,15.18,High Risk
STU-D58726EF,1,55.74,48.28,81.73,81.81,3.31,5.0,0.0,98.67,Low Risk
STU-4CBF591A,4,59.31,39.5,68.42,56.81,1.39,4.0,6.0,21.45,High Risk
STU-021D4174,2,55.44,98.15,65.18,85.27,3.25,7.0,3.0,22.67,Low Risk
STU-5DD4E63E,4,91.19,22.06,84.63,64.12,3.18,1.0,2.0,25.56,Low Risk
STU-31D86091,3,72.79,77.73,35.79,63.15,1.5,5.0,2.0,99.04,Medium Risk
STU-12D6F566,4,82.41,39.82,34.76,44.57,3.26,5.0,5.0,78.29,Medium Risk
STU-D7EE89ED,1,50.39,84.9,47.85,81.06,3.02,6.0,5.0,49.74,Medium Risk
STU-002BAD42,3,52.16,44.9,21.22,71.48,3.98,2.0,7.0,98.9,Medium Risk
STU-2B381299,1,49.65,34.98,43.68,40.49,2.86,5.0,1.0,62.63,Medium Risk
STU-82996B39,1,79.72,75.44,49.53,99.42,2.24,2.0,6.0,83.6,Medium Risk
STU-9C83D1BB,2,57.69,40.61,57.08,51.65,3.86,7.0,0.0,21.42,Medium Risk
STU-44E3C1CC,3,61.33,58.84,36.59,38.49,2.88,4.0,5.0,94.84,Medium Risk
STU-DC9C7BAE,1,81.09,30.52,92.08,71.9,2.05,5.0,6.0,95.96,Medium Risk
STU-14807C78,4,98.17,77.97,39.23,30.05,1.06,8.0,4.0,88.4,High Risk
STU-26A16061,1,45.52,52.55,87.38,84.76,3.27,8.0,5.0,28.69,Medium Risk
STU-5D2AD502,2,39.07,31.25,52.82,71.23,1.36,4.0,2.0,15.28,High Risk
STU-86C8CF9C,1,47.66,79.33,76.04,88.31,3.77,9.0,3.0,91.37,Medium Risk
STU-15859643,3,82.77,28.27,24.43,39.61,3.88,6.0,7.0,41.11,Medium Risk
STU-C0316AAD,1,47.65,65.99,61.29,86.9,1.71,5.0,6.0,45.86,High Risk
STU-9F9318A0,4,72.98,68.6,96.67,55.08,1.34,9.0,5.0,54.98,High Risk
STU-ACDEB5FB,2,73.37,94.43,71.63,15.32,2.79,3.0,6.0,42.0,Medium Risk
STU-CF97FC69,4,54.14,32.08,84.72,27.48,1.64,0.0,0.0,65.56,Low Risk
STU-EBD18514,2,39.47,72.27,37.19,29.59,2.63,3.0,4.0,49.29,Medium Risk
STU-40757934,2,60.95,50.46,83.01,79.12,2.24,1.0,4.0,77.2,Low Risk
STU-6DFE71B1,3,47.14,52.07,44.86,28.28,3.38,7.0,4.0,17.71,High Risk
STU-ED41A18F,4,46.99,60.15,56.23,60.57,4.0,1.0,5.0,32.43,Low Risk
STU-43653FEF,2,68.97,38.7,30.98,68.73,2.37,8.0,2.0,92.75,Medium Risk
STU-B04EDDE3,4,78.75,56.89,56.28,79.65,3.06,9.0,1.0,18.85,Low Risk
STU-951D6FED,1,39.9,74.95,58.83,80.55,2.03,5.0,6.0,55.59,Medium Risk
STU-D3FD1D11,3,72.59,56.57,67.9,74.58,3.59,4.0,6.0,30.42,Medium Risk
STU-F0509CAE,2,51.0,23.4,88.83,29.19,1.11,8.0,4.0,81.21,High Risk
STU-C0089BE3,1,78.76,40.63,40.91,58.91,2.48,1.0,4.0,59.18,Medium Risk
STU-BFBC4282,2,87.66,48.12,98.65,36.12,1.53,0.0,7.0,76.09,Medium Risk
STU-72B9B65E,4,87.46,48.38,87.05,79.76,1.53,8.0,6.0,85.51,High Risk
STU-FC5DF810,4,59.04,26.48,49.25,77.33,2.6,9.0,7.0,78.84,High Risk
STU-1B1A4D92,2,71.87,55.97,34.27,30.67,1.92,3.0,5.0,49.78,High Risk
STU-937E1855,4,86.59,75.36,21.08,67.72,2.38,1.0,3.0,53.68,Medium Risk
STU-26952528,2,38.95,23.89,34.92,15.26,1.92,5.0,4.0,70.68,High Risk
STU-DD07FA8C,3,74.37,80.07,90.18,79.17,2.37,0.0,0.0,78.59,Low Risk
STU-746DE570,1,89.37,96.41,39.82,80.22,1.86,3.0,1.0,46.63,Low Risk
STU-E9EDD230,3,59.2,20.75,26.73,41.23,3.41,3.0,6.0,81.15,Medium Risk
STU-A16B4A75,1,64.6,35.5,16.93,82.56,2.67,9.0,1.0,15.42,Medium Risk
STU-18B82B15,1,80.42,63.48,40.3,87.25,1.48,6.0,4.0,92.53,Medium Risk
STU-C6FF4F54,3,39.41,37.44,33.37,27.11,1.03,2.0,2.0,65.64,High Risk
STU-62C85E6F,4,60.07,81.17,23.69,41.58,1.05,7.0,2.0,63.08,High Risk
STU-66AA85D5,3,54.22,44.97,95.84,33.5,2.27,1.0,6.0,62.7,Medium Risk
STU-D1F2F822,4,36.1,43.49,37.75,43.69,1.94,3.0,4.0,18.39,Medium Risk
STU-6D06000D,4,47.74,20.07,15.53,50.22,1.79,7.0,4.0,95.7,High Risk
STU-E7CA6557,1,60.73,41.61,95.26,55.9,2.87,3.0,5.0,79.95,Medium Risk
STU-92F8ED3C,2,47.83,37.41,64.17,13.16,3.44,4.0,2.0,75.84,Medium Risk
STU-A5FF8A26,3,74.16,47.46,22.04,14.96,1.19,9.0,7.0,74.6,High Risk
STU-8CF85F10,4,64.16,31.81,17.67,68.97,1.33,7.0,4.0,61.21,High Risk
STU-F03DC901,4,37.57,67.57,24.17,49.85,2.11,7.0,7.0,67.93,High Risk
STU-149E66A4,3,52.88,39.1,65.28,18.08,2.32,4.0,3.0,93.57,Medium Risk
STU-F32984BD,3,36.27,86.54,20.26,44.76,2.19,5.0,3.0,45.64,Medium Risk
STU-0A87A458,3,58.28,42.76,63.29,52.79,2.92,8.0,4.0,65.8,Medium Risk
STU-AD82077B,1,51.84,36.87,70.47,67.2,1.26,1.0,2.0,48.18,Medium Risk
STU-5C26712D,2,79.73,24.54,27.54,20.65,2.48,2.0,7.0,25.09,High Risk
STU-ECE84912,3,54.98,79.19,56.52,99.53,3.44,8.0,3.0,27.28,Medium Risk
STU-79DF649D,4,59.39,60.66,96.93,52.72,3.79,2.0,5.0,20.49,Low Risk
STU-7DCCF096,4,82.15,29.1,86.1,71.27,2.68,4.0,5.0,48.15,Medium Risk
STU-BAB6B2B9,2,66.26,37.71,76.49,91.74,1.42,2.0,7.0,44.68,Medium Risk
STU-DE8963DE,4,71.17,99.9,59.01,12.86,3.18,9.0,2.0,25.52,Medium Risk
STU-31E3B08D,4,89.69,84.48,48.51,64.12,3.39,3.0,5.0,53.17,Medium Risk
STU-4505BA6E,3,48.45,47.99,53.37,58.63,1.59,2.0,6.0,33.11,Medium Risk
STU-9C15A534,2,99.3,63.4,79.99,15.17,3.03,9.0,7.0,23.6,High Risk
STU-692C483C,3,93.51,53.28,62.12,72.37,3.79,3.0,4.0,42.36,Low Risk
STU-E2EA91B2,3,53.63,22.91,80.0,29.87,3.16,0.0,4.0,72.31,Medium Risk
STU-6CD47D14,3,93.04,82.29,97.44,73.17,2.25,7.0,4.0,18.17,Medium Risk
STU-A65DE23A,3,84.01,77.36,69.44,42.64,2.33,9.0,3.0,73.32,Medium Risk
STU-FF5E71F8,4,95.5,52.7,66.26,79.31,1.24,6.0,1.0,27.13,Medium Risk
STU-32E5C033,1,79.92,87.67,49.52,94.76,2.58,5.0,1.0,92.24,Low Risk
STU-4BBC74DA,2,78.84,62.78,31.72,87.45,3.41,6.0,5.0,23.29,Medium Risk
STU-BDCE4417,3,35.23,25.22,46.81,53.43,3.94,7.0,1.0,31.27,Medium Risk
STU-0E3420D1,2,65.85,40.75,59.21,30.27,2.2,0.0,3.0,34.35,Medium Risk
STU-E754529E,4,48.02,56.94,17.96,99.32,2.31,6.0,2.0,71.4,Medium Risk
STU-D6BFCF48,1,56.07,28.28,55.44,69.35,1.16,8.0,5.0,83.95,High Risk
STU-14C54101,2,98.62,65.69,88.28,45.64,3.33,3.0,1.0,60.01,Low Risk
STU-4BDA778A,4,40.56,29.65,98.01,53.34,3.15,1.0,1.0,78.25,Low Risk
STU-4E4C3DC2,1,81.96,36.04,87.72,21.52,2.21,0.0,5.0,90.43,Medium Risk
STU-82DFBF7B,4,46.24,91.52,29.62,55.48,3.13,7.0,5.0,66.9,Medium Risk
STU-A597E206,3,35.48,99.98,28.18,25.58,2.87,8.0,6.0,41.39,High Risk
STU-59F133EA,1,67.59,64.02,48.43,42.92,3.31,2.0,0.0,28.01,Low Risk
STU-7FCDB6F8,4,45.48,69.57,34.16,54.26,1.94,7.0,5.0,65.04,High Risk
STU-0220252A,1,97.76,83.79,72.46,95.3,2.95,7.0,4.0,86.1,Low Risk
STU-D6446CF6,2,48.24,75.69,22.19,66.22,2.88,0.0,1.0,31.18,Low Risk
STU-41B09A23,1,47.48,34.6,52.72,43.47,1.27,7.0,1.0,99.96,High Risk
STU-477D0A1C,1,37.09,52.93,38.83,20.18,1.84,1.0,2.0,25.8,High Risk
STU-D1A40F61,4,56.44,62.81,65.61,77.25,3.58,1.0,4.0,18.32,Medium Risk
STU-9B574D2B,3,36.57,48.78,82.75,52.02,1.47,3.0,7.0,73.3,High Risk
STU-B508B4A6,1,67.43,34.09,93.5,16.13,2.14,9.0,6.0,46.03,High Risk
STU-3160C39C,3,67.86,78.89,96.93,69.12,1.68,6.0,3.0,71.99,Low Risk
STU-02CE31F2,4,38.46,35.91,44.85,41.51,1.42,1.0,3.0,30.39,Medium Risk
STU-9AC5A0CB,4,50.6,40.84,87.75,46.35,1.41,4.0,0.0,30.88,Medium Risk
STU-582F3F94,2,89.09,42.92,65.32,85.5,2.04,3.0,2.0,57.7,Low Risk
STU-17AA1536,4,65.07,32.94,73.84,22.36,3.41,5.0,2.0,95.35,Medium Risk
STU-C65A1382,2,63.25,87.96,87.35,40.63,3.9,2.0,4.0,46.91,Low Risk
STU-10387848,3,80.42,68.85,26.06,42.73,2.72,8.0,7.0,21.2,High Risk
STU-22D38CCD,4,81.47,86.78,95.53,10.3,2.91,0.0,2.0,77.66,Low Risk
STU-1FEA0066,1,84.53,59.5,61.53,86.08,3.34,7.0,7.0,93.39,Medium Risk
STU-98FAD649,1,88.98,61.57,43.56,85.18,2.99,5.0,6.0,45.87,Medium Risk
STU-7F6A2329,2,50.1,69.29,43.79,69.57,3.54,3.0,5.0,53.85,Medium Risk
STU-891948AC,1,39.31,49.67,78.84,90.9,3.65,8.0,7.0,95.87,Medium Risk
STU-AF2BE49E,2,59.72,59.73,72.69,34.56,2.88,0.0,0.0,78.58,Low Risk
STU-EDF90D08,3,90.58,63.75,77.01,29.86,2.6,8.0,7.0,71.88,High Risk
STU-5FE716C7,2,40.07,96.28,36.5,16.17,2.17,1.0,7.0,25.92,Medium Risk
STU-E50D010C,2,72.44,90.63,29.47,63.28,2.38,5.0,6.0,64.41,High Risk
STU-62D7DD79,2,80.57,30.34,76.36,54.67,2.04,7.0,7.0,88.1,High Risk
STU-6FA3DD73,1,66.29,23.3,40.37,82.94,2.28,1.0,4.0,76.75,Medium Risk
STU-CBC6F32C,2,51.59,74.43,33.91,53.32,3.7,4.0,2.0,24.87,Medium Risk
STU-8890060C,3,56.21,23.94,33.24,28.29,3.92,9.0,2.0,72.06,Medium Risk
STU-1FF3BA7F,1,39.66,24.83,27.61,82.86,2.08,9.0,5.0,83.41,High Risk
STU-81AD5EBB,4,54.02,32.74,51.28,50.99,1.66,3.0,7.0,47.44,High Risk
STU-F21727DE,2,37.88,48.14,37.18,96.02,1.23,4.0,1.0,79.1,Medium Risk
STU-2F116812,4,82.21,54.8,90.98,58.1,3.51,9.0,5.0,75.54,Medium Risk
STU-FA7AF910,1,93.37,61.55,73.58,20.51,3.61,3.0,1.0,43.26,Low Risk
STU-3B43E2C9,3,76.18,99.38,78.23,86.59,2.35,2.0,6.0,78.09,Medium Risk
STU-1CD0B8B2,3,77.69,50.82,49.31,89.06,2.63,3.0,0.0,69.37,Low Risk
STU-974F65A6,4,65.69,39.42,66.02,50.09,3.22,4.0,1.0,41.52,Low Risk
STU-55D20C5F,3,45.14,66.02,57.57,12.34,2.13,0.0,2.0,60.57,Medium Risk
STU-424E73CF,4,35.5,37.21,29.23,12.68,1.6,3.0,1.0,53.84,High Risk
STU-70D92D9A,3,57.36,95.24,19.07,41.6,1.34,8.0,2.0,19.3,Medium Risk
STU-E2FA147A,3,83.85,40.74,73.1,74.46,1.71,7.0,7.0,73.05,High Risk
STU-5691BC70,4,97.43,99.19,25.3,39.79,2.94,4.0,4.0,26.59,Medium Risk
STU-1DAFE097,3,63.02,53.49,19.87,10.7,2.04,2.0,6.0,35.59,High Risk
STU-F002C8B6,2,58.75,85.01,52.56,86.37,3.6,1.0,1.0,96.45,Low Risk
STU-7B08EA5E,1,63.99,71.86,77.73,97.19,1.26,7.0,7.0,34.61,High Risk
STU-3B76B2D3,4,62.81,94.68,80.35,41.17,2.25,7.0,0.0,48.31,Medium Risk
STU-66801596,2,75.68,70.03,89.24,16.58,1.77,4.0,3.0,96.59,Medium Risk
STU-C084B666,3,82.72,66.5,31.93,36.23,3.66,6.0,6.0,78.77,High Risk
STU-DB88790C,1,86.02,72.23,98.78,81.91,3.42,0.0,6.0,72.84,Low Risk
STU-ADC5DAB0,2,77.22,82.92,79.87,58.8,3.95,5.0,2.0,84.77,Low Risk
STU-063F61CA,3,63.45,91.91,28.36,44.56,1.36,9.0,0.0,20.05,Medium Risk
STU-93DE192F,3,96.76,41.35,86.46,40.08,3.35,8.0,2.0,90.41,Low Risk
STU-97C9C293,2,81.22,36.07,57.41,20.39,1.38,6.0,7.0,36.44,High Risk
STU-EB78F548,1,62.73,22.75,20.66,40.56,1.47,4.0,2.0,28.05,High Risk
STU-358D5CC9,2,64.03,49.61,26.22,52.31,1.12,5.0,4.0,85.51,High Risk
STU-8B20E1BB,3,88.17,87.69,51.88,70.58,2.39,6.0,2.0,38.83,Medium Risk
STU-E0035D77,1,63.64,25.59,60.09,33.59,1.38,5.0,3.0,35.28,High Risk
STU-C0C0CE6F,3,68.56,63.08,95.54,90.76,2.05,4.0,3.0,82.22,Low Risk
STU-9168766A,3,53.95,75.58,33.34,53.63,1.83,1.0,5.0,19.74,Medium Risk
STU-973A8376,4,89.53,86.95,55.3,46.46,3.93,2.0,3.0,21.47,Low Risk
STU-0134C2A0,1,68.95,66.67,34.2,63.46,2.97,3.0,0.0,84.1,Low Risk
STU-AA383B39,1,70.91,34.91,62.46,25.09,2.23,4.0,6.0,50.6,High Risk
STU-1334BB25,2,92.24,97.16,92.29,19.59,3.64,0.0,7.0,86.94,Low Risk
STU-DD4FCEFD,2,94.83,27.57,63.26,41.19,1.19,9.0,6.0,82.09,High Risk
STU-087AE7F5,1,88.57,81.52,58.36,13.59,2.0,6.0,4.0,62.4,High Risk
STU-CE010A78,4,39.25,26.92,78.76,43.98,2.54,7.0,6.0,78.71,High Risk
STU-1EBDC934,2,63.83,31.47,27.55,70.43,1.16,6.0,6.0,27.17,High Risk
STU-A836EA5E,2,57.32,91.86,91.98,83.09,1.44,4.0,0.0,31.18,Low Risk
STU-0F4199BA,2,48.88,80.25,64.1,62.18,3.69,0.0,7.0,86.62,Medium Risk
STU-0CEB51CD,4,94.08,49.24,73.34,72.22,1.54,8.0,0.0,44.01,Medium Risk
STU-4A6CB69E,1,92.85,71.1,84.61,84.98,3.76,1.0,3.0,15.42,Low Risk
STU-CF5CA8BC,1,65.24,56.58,68.98,79.58,1.29,9.0,0.0,96.03,Medium Risk
STU-0810471D,1,43.75,25.32,69.5,38.8,3.66,0.0,2.0,75.5,Low Risk
STU-85AC9B1C,3,35.87,77.69,77.02,61.61,2.36,1.0,6.0,86.86,Medium Risk
STU-0BF00636,4,63.5,81.06,19.44,33.84,2.72,3.0,1.0,92.58,Low Risk
STU-C7F4C66A,2,37.6,90.59,47.49,61.87,1.84,1.0,2.0,68.65,Low Risk
STU-3961D5D9,1,74.62,63.25,96.85,48.34,1.82,5.0,7.0,57.76,High Risk
STU-2B710031,1,74.55,73.85,36.92,43.55,2.48,7.0,6.0,27.82,High Risk
STU-4C586B5A,3,93.43,55.04,61.09,26.52,2.07,8.0,0.0,31.02,Medium Risk
STU-B888F78B,1,47.35,45.51,29.91,60.56,1.23,7.0,4.0,53.3,High Risk
STU-2AD14C3A,4,59.14,52.94,42.48,75.64,2.06,7.0,6.0,20.67,High Risk
STU-5F2FDDF4,1,90.87,92.94,75.95,61.42,1.76,8.0,2.0,81.87,Medium Risk
STU-DDA9483C,1,65.83,33.13,69.66,16.23,3.55,7.0,7.0,62.47,High Risk
STU-CE6F1B4D,1,38.88,39.88,50.22,93.19,3.52,1.0,0.0,93.71,Low Risk
STU-F0564BF1,4,42.2,68.5,94.74,10.49,1.42,6.0,4.0,68.1,High Risk
STU-9A506EEF,3,87.87,29.3,80.88,89.66,3.19,2.0,3.0,97.64,Low Risk
STU-A5E94AD8,4,83.34,91.35,37.77,78.95,2.35,0.0,1.0,38.69,Low Risk
STU-389C5874,2,91.93,23.78,54.56,18.69,3.61,9.0,0.0,44.74,Medium Risk
STU-DF197AE8,1,42.73,80.42,89.63,31.29,1.82,8.0,5.0,50.98,High Risk
STU-E3FF076F,3,84.43,49.9,16.91,41.41,1.26,7.0,2.0,40.1,High Risk
STU-7AD86119,2,77.58,24.09,64.42,91.93,3.4,5.0,1.0,82.63,Low Risk
STU-8295E543,3,50.1,87.43,34.72,98.19,3.61,1.0,3.0,60.35,Low Risk
STU-6EAE5C56,2,98.3,71.24,20.42,17.85,3.52,0.0,3.0,53.68,Low Risk
STU-017082FB,1,72.07,20.71,92.59,45.72,1.99,9.0,1.0,53.79,Medium Risk
STU-11FC67B4,1,93.95,41.4,84.38,23.44,1.09,5.0,0.0,84.23,Medium Risk
STU-E4271538,3,90.84,48.16,30.75,35.06,1.42,4.0,0.0,35.49,Medium Risk
STU-0084C00B,2,56.65,45.81,86.14,98.3,3.76,1.0,4.0,42.28,Low Risk
STU-45B2393D,4,69.84,59.87,27.45,98.6,2.09,0.0,4.0,94.01,Medium Risk
STU-EFAC9E5B,2,63.04,62.14,55.47,52.49,3.64,2.0,0.0,48.77,Low Risk
STU-B0754CDC,4,81.09,51.74,76.69,26.48,3.94,4.0,2.0,99.63,Low Risk
STU-C400FB1A,2,73.22,46.54,60.37,59.23,2.19,8.0,7.0,52.18,High Risk
STU-A9072BB4,1,86.02,60.35,87.32,38.86,3.33,7.0,6.0,50.92,Medium Risk
STU-8A02E509,4,35.76,22.69,67.43,93.59,1.51,8.0,3.0,65.44,High Risk
STU-BAB187EB,2,79.71,71.62,51.72,83.64,2.15,4.0,6.0,86.97,Medium Risk
STU-EBF92847,3,55.74,68.48,93.64,37.8,3.12,3.0,4.0,76.14,Low Risk
STU-2A0F79E6,3,49.57,42.34,18.09,11.65,1.62,2.0,1.0,79.74,Medium Risk
STU-BAE78488,2,87.08,34.36,56.51,99.82,1.96,2.0,5.0,98.04,Medium Risk
STU-C16E08B1,3,40.8,25.84,71.17,71.5,2.69,3.0,5.0,82.69,Medium Risk
STU-7604BB7E,4,49.85,66.99,86.06,48.32,3.07,4.0,1.0,54.72,Low Risk
STU-AEE59EB5,2,48.24,65.51,61.0,35.96,2.07,9.0,0.0,70.82,Medium Risk
STU-C24D5082,3,62.29,62.67,90.27,10.4,2.13,6.0,1.0,85.59,Medium Risk
STU-4160F1F9,3,55.95,98.85,51.23,23.86,1.33,8.0,1.0,29.41,High Risk
STU-A07810E0,1,81.83,62.52,41.96,10.53,3.95,3.0,0.0,44.55,Low Risk
STU-34FC13C6,2,80.46,77.74,97.77,63.78,2.84,4.0,7.0,66.41,Medium Risk
STU-E2DE9A84,1,56.16,29.03,71.71,69.7,2.59,4.0,5.0,47.3,Medium Risk
STU-E7D62FEB,3,63.4,43.92,51.19,79.01,1.63,3.0,6.0,19.6,Medium Risk
STU-BC89ACB6,4,48.51,42.04,89.65,26.83,2.46,2.0,5.0,94.93,Medium Risk
STU-55EA849B,3,78.6,66.08,73.06,18.64,2.34,6.0,6.0,60.89,High Risk
STU-C827F3D3,1,60.75,46.47,69.22,68.54,1.78,4.0,2.0,68.95,Low Risk
STU-98B4D580,2,43.63,71.29,76.93,54.99,2.34,1.0,0.0,76.15,Low Risk
STU-8A4A160D,4,43.27,75.21,77.75,88.81,1.61,8.0,7.0,18.09,High Risk
STU-02CAB9C9,2,55.95,22.7,56.9,57.99,3.13,0.0,3.0,30.45,Low Risk
STU-E9F9FB96,4,83.58,71.18,50.64,50.03,3.73,3.0,6.0,91.8,Low Risk
STU-8B6AC595,3,36.66,29.34,92.29,53.92,1.01,6.0,5.0,81.91,High Risk
STU-2C55B1CE,1,51.76,57.21,57.27,80.41,2.67,7.0,4.0,20.62,Medium Risk
STU-329461EB,1,45.56,78.13,33.34,11.65,3.2,9.0,2.0,81.95,Medium Risk
STU-DC5BF7EF,2,97.17,76.27,59.34,92.64,3.72,5.0,6.0,91.48,Low Risk
STU-08F28E9F,3,80.84,43.99,17.93,74.28,2.08,6.0,2.0,29.2,High Risk
STU-A99EC68D,4,50.16,41.79,76.48,89.68,3.72,8.0,6.0,20.32,High Risk
STU-F1B169BC,3,48.48,55.22,25.79,96.36,3.48,5.0,5.0,88.36,Medium Risk
STU-2D25943C,2,90.77,35.09,24.5,30.34,2.58,6.0,1.0,66.07,Medium Risk
STU-1DD0AF93,1,47.36,97.98,95.44,62.05,1.77,1.0,4.0,99.15,Medium Risk
STU-05E3AFCD,3,99.81,47.59,80.67,53.74,2.96,6.0,4.0,74.95,Medium Risk
STU-E3A0340E,1,53.35,93.84,50.21,58.39,1.78,6.0,2.0,58.44,Medium Risk
STU-95739A89,3,40.48,92.66,35.36,14.26,2.05,1.0,3.0,35.87,Medium Risk
STU-1E78F0E4,1,79.91,49.19,86.7,92.26,2.4,4.0,3.0,74.48,Low Risk
STU-1D50519F,1,74.63,40.33,97.33,95.92,2.49,3.0,1.0,21.53,Low Risk
STU-70D10449,1,99.99,81.67,58.21,71.66,1.57,6.0,1.0,50.33,Medium Risk
STU-B7D9EC27,2,87.14,38.35,64.31,33.24,3.08,3.0,6.0,44.47,Medium Risk
STU-1EE98A04,3,62.87,61.7,35.66,80.85,3.98,8.0,3.0,66.25,Medium Risk
STU-59B1CC30,1,78.98,28.86,65.09,75.78,1.73,8.0,4.0,33.87,Medium Risk
STU-5C889B78,4,88.16,50.87,49.05,61.71,2.66,4.0,7.0,28.85,High Risk
STU-F4BD6FF8,3,68.39,26.25,86.87,25.32,2.36,7.0,3.0,27.71,High Risk
STU-631FAFD9,2,52.74,42.68,47.05,28.11,1.92,2.0,2.0,41.4,Medium Risk
STU-FAADCE5A,2,48.66,73.22,70.15,63.05,2.26,3.0,0.0,88.39,Low Risk
STU-7B244396,3,54.19,99.3,32.29,21.59,3.2,1.0,5.0,48.76,Medium Risk
STU-33E62913,1,90.12,40.38,22.71,75.15,2.24,2.0,6.0,90.76,Medium Risk
STU-E220388D,4,59.73,57.87,18.43,29.13,2.52,3.0,0.0,78.53,Medium Risk
STU-7EBC6D5B,3,53.63,55.84,50.33,91.94,2.43,8.0,0.0,75.81,Low Risk
STU-63F54E30,1,87.38,34.73,28.9,90.98,2.67,3.0,4.0,80.28,Medium Risk
STU-82849FAB,3,37.07,68.81,99.45,36.42,1.87,0.0,7.0,57.82,Medium Risk
STU-D2AB00B4,2,73.61,77.98,82.86,17.5,2.53,1.0,7.0,37.87,Medium Risk
STU-9632EE8D,1,91.79,31.78,73.94,65.03,1.4,6.0,3.0,30.18,High Risk
STU-091A84A3,4,61.66,80.57,83.28,50.36,3.22,1.0,2.0,57.24,Low Risk
STU-B6C454BE,1,52.51,76.01,37.33,22.93,1.33,2.0,2.0,46.92,Medium Risk
STU-481B4C32,3,66.96,35.79,89.74,57.83,3.35,9.0,1.0,70.92,Medium Risk
STU-74CD23DB,4,81.64,71.92,99.63,99.35,3.48,2.0,4.0,44.67,Low Risk
STU-E6532010,1,68.58,51.49,39.64,16.21,1.06,7.0,6.0,19.86,High Risk
STU-9C99DB5D,1,35.5,74.49,98.7,33.75,3.49,6.0,2.0,47.23,Medium Risk
STU-188814F8,1,40.09,59.69,42.23,58.48,2.94,0.0,1.0,90.18,Low Risk
STU-C0AEC339,1,81.89,23.85,16.0,81.4,1.29,7.0,4.0,75.04,High Risk
STU-93BC9F41,1,61.0,82.96,46.21,11.69,3.99,2.0,7.0,47.81,Medium Risk
STU-A364DEB3,4,86.01,64.45,99.79,75.95,2.85,4.0,2.0,32.89,Low Risk
STU-883B6F58,4,77.22,77.98,68.99,22.59,2.2,6.0,3.0,63.13,Medium Risk
STU-FA642680,3,72.8,30.09,74.12,84.76,3.66,2.0,6.0,94.5,Low Risk
STU-D48D2730,2,93.59,77.7,35.26,72.3,1.12,7.0,2.0,64.31,Medium Risk
STU-B0830E47,4,36.39,53.09,27.4,51.09,3.15,7.0,6.0,90.6,High Risk
STU-BDCD6688,2,45.08,83.94,90.27,83.94,1.43,8.0,5.0,74.98,Medium Risk
STU-7F827711,2,75.58,67.93,50.14,75.97,2.66,5.0,5.0,25.22,Medium Risk
STU-B1A7F17F,2,39.28,48.39,15.35,78.33,1.29,1.0,4.0,74.75,Medium Risk
STU-E7EA11D9,1,76.92,36.15,40.01,36.11,3.04,7.0,1.0,66.53,Medium Risk
STU-BC18E565,4,98.97,85.27,31.64,65.75,2.39,9.0,4.0,45.64,Medium Risk
STU-A3D74229,3,92.12,64.82,66.32,22.7,1.02,1.0,0.0,96.05,Low Risk
STU-D7C8DDFC,3,73.41,99.0,79.27,83.88,1.21,8.0,6.0,43.03,High Risk
STU-BD56DAF1,3,93.11,49.88,57.29,57.41,3.11,1.0,2.0,22.16,Low Risk
STU-6EF1EE4C,3,42.56,74.86,30.8,84.24,2.2,6.0,6.0,36.05,High Risk
STU-6ECBF636,1,64.56,69.83,19.93,29.0,3.02,2.0,0.0,52.09,Low Risk
STU-ED59E2B0,2,62.86,71.01,41.65,21.73,2.17,0.0,6.0,90.64,Medium Risk
STU-6F5055B6,4,56.87,78.96,83.51,72.01,2.09,7.0,6.0,17.44,High Risk
STU-8E233751,1,35.01,31.13,50.66,15.26,3.56,6.0,5.0,82.78,High Risk
STU-B33022D1,4,92.92,63.97,36.44,31.96,3.56,2.0,7.0,38.52,Medium Risk
STU-4DEF472A,2,85.55,60.73,16.76,91.78,3.76,0.0,5.0,66.21,Low Risk
STU-683B7BAB,2,77.44,47.4,57.17,21.95,3.47,9.0,3.0,47.17,Medium Risk
STU-0E7CB6FE,2,43.38,54.89,73.21,43.8,1.38,3.0,1.0,37.42,Low Risk
STU-768541E1,4,59.58,61.5,31.18,95.1,1.2,4.0,5.0,58.13,High Risk
STU-7E3D49A3,2,95.08,45.67,60.66,11.8,1.18,2.0,3.0,46.83,Medium Risk
STU-8E1DE11E,3,75.1,43.45,50.76,50.08,3.94,4.0,4.0,48.43,Low Risk
STU-D23598E6,2,74.22,79.06,74.84,80.78,2.5,0.0,2.0,28.69,Low Risk
STU-53B500B8,3,94.35,25.35,88.15,91.81,1.35,6.0,1.0,27.08,Medium Risk
STU-7CF0C452,1,71.39,45.04,41.1,76.2,2.63,1.0,0.0,37.2,Low Risk
STU-6296ED70,1,73.85,72.3,91.91,89.96,3.13,4.0,0.0,65.02,Low Risk
STU-14C33825,1,57.47,36.7,75.09,13.09,1.28,9.0,6.0,34.81,High Risk
STU-795AF65A,2,59.14,65.78,18.16,18.99,2.04,1.0,4.0,80.73,Medium Risk
STU-62164B4A,1,79.56,44.17,82.26,76.4,1.56,7.0,0.0,84.24,Medium Risk
STU-495B3D6B,3,55.83,87.46,57.04,77.8,3.93,2.0,4.0,28.73,Low Risk
STU-0E940854,2,71.34,48.0,95.36,64.47,1.95,0.0,1.0,97.97,Low Risk
STU-EB5673D7,1,53.15,38.36,42.51,75.72,3.07,5.0,5.0,37.65,Medium Risk
STU-C716D27F,1,45.8,62.41,65.25,87.22,3.76,7.0,5.0,21.18,Medium Risk
STU-D00158FC,1,64.54,30.85,96.27,59.09,3.59,6.0,3.0,52.26,Medium Risk
STU-90043261,2,49.13,83.8,38.05,95.26,2.18,5.0,7.0,30.43,Medium Risk
STU-41FC3B8E,1,93.4,74.4,55.12,72.48,1.93,4.0,2.0,81.67,Low Risk
STU-78FF0E3B,2,54.73,81.64,78.96,52.48,3.43,7.0,3.0,24.77,Medium Risk
STU-52B24CE5,2,73.83,51.91,73.74,47.94,1.62,9.0,6.0,56.11,High Risk
STU-4CE56D23,3,52.12,86.8,86.29,77.52,3.15,3.0,3.0,22.11,Medium Risk
STU-E56C1784,3,51.77,59.48,59.18,66.74,3.51,6.0,2.0,91.39,Medium Risk
STU-CDE8D28E,1,57.79,27.58,42.11,83.57,3.55,1.0,1.0,41.23,Low Risk
STU-321765F7,1,94.53,37.92,60.48,80.29,1.03,8.0,4.0,67.43,High Risk
STU-4E1AFB87,1,60.45,76.88,44.75,57.18,2.5,7.0,0.0,77.0,Medium Risk
STU-D32A43F3,1,88.38,91.71,30.0,95.11,2.07,3.0,2.0,17.73,Low Risk
STU-9A1059F9,1,47.82,27.61,62.17,73.38,3.94,6.0,6.0,47.43,High Risk
STU-94DD61A2,3,38.13,89.14,19.11,28.08,2.63,0.0,5.0,39.08,High Risk
STU-3EB0D6C0,1,85.81,83.93,18.11,65.66,2.28,4.0,3.0,61.42,Medium Risk
STU-762F6346,4,70.22,48.52,20.49,28.16,1.73,1.0,2.0,80.53,Medium Risk
STU-F162AAA5,1,67.74,75.14,72.17,60.3,3.54,1.0,1.0,26.1,Low Risk
STU-4C239C31,3,52.69,34.96,49.59,81.09,1.96,1.0,7.0,55.39,Medium Risk
STU-063B25B8,3,39.7,85.07,57.0,83.13,3.48,1.0,2.0,26.08,Low Risk
STU-DCB66326,2,66.39,72.59,44.19,68.57,3.67,4.0,0.0,82.15,Low Risk
STU-8EF4F05F,2,91.37,55.11,36.56,80.5,1.17,3.0,3.0,81.73,Medium Risk
STU-864D6F60,3,42.8,89.16,45.46,52.5,2.53,0.0,0.0,43.11,Low Risk
STU-70C40DE3,4,95.4,31.14,31.44,59.56,2.26,5.0,5.0,42.88,High Risk
STU-C50E1A15,2,52.86,87.66,72.69,89.16,2.18,2.0,0.0,65.94,Low Risk
STU-19A1BAF9,1,69.59,21.91,23.65,54.38,2.11,7.0,0.0,99.77,Medium Risk
STU-EEBB3A1B,2,39.32,80.26,58.94,41.58,2.6,1.0,7.0,98.34,Medium Risk
STU-DD5C36DF,1,62.63,65.87,55.53,81.73,1.39,7.0,0.0,41.83,Medium Risk
STU-6B8A4156,4,43.18,75.74,40.66,14.54,3.61,5.0,5.0,85.51,Medium Risk
STU-302C36E2,3,38.12,52.99,23.69,96.25,2.67,4.0,2.0,41.82,Medium Risk
STU-455D7DC9,1,97.83,89.16,74.79,40.61,2.04,9.0,2.0,58.47,Medium Risk
STU-3FB55230,2,82.46,45.05,63.41,66.67,1.73,5.0,7.0,17.7,High Risk
STU-EB538C1B,1,81.74,42.0,83.81,71.69,2.85,5.0,3.0,94.94,Medium Risk
STU-77355DDE,4,40.89,44.14,35.02,22.34,3.36,3.0,5.0,77.45,High Risk
STU-652F48E6,4,95.41,81.95,82.28,84.06,2.32,0.0,6.0,88.56,Low Risk
STU-37A35780,1,65.52,59.62,39.82,61.49,3.95,1.0,4.0,62.42,Low Risk
STU-66E5806E,2,90.4,62.97,24.57,39.51,2.61,7.0,4.0,20.56,Medium Risk
STU-6B7A425A,4,35.82,86.53,26.47,86.56,3.94,8.0,0.0,52.33,Low Risk
STU-476474C9,1,54.38,86.67,33.79,66.26,3.89,3.0,5.0,46.23,Medium Risk
STU-3EBF9A8F,2,99.74,32.94,73.01,80.72,2.8,7.0,1.0,58.8,Low Risk
STU-F2324393,2,62.81,63.98,35.74,99.31,2.74,9.0,0.0,32.87,Medium Risk
STU-A7DDA1DD,1,92.75,30.08,66.33,21.72,1.32,5.0,1.0,53.39,Medium Risk
STU-CEF6907A,1,56.32,89.48,36.8,77.46,3.79,0.0,1.0,17.5,Low Risk
STU-BFF3629E,4,69.15,86.96,46.04,78.19,3.41,5.0,5.0,27.67,Medium Risk
STU-9167C8A6,3,90.52,87.95,90.63,88.72,2.5,6.0,0.0,89.07,Low Risk
STU-0C288935,2,74.38,76.39,57.53,46.73,1.92,0.0,5.0,47.12,Medium Risk
STU-8D2864C8,2,82.14,57.35,66.02,88.27,3.52,8.0,3.0,51.47,Low Risk
STU-47229DD4,3,49.87,52.38,31.09,67.59,1.87,5.0,7.0,45.37,High Risk
STU-2430016E,2,45.13,51.62,26.18,16.19,2.63,7.0,1.0,67.76,Medium Risk
STU-12629382,1,49.97,25.3,50.12,12.84,1.6,7.0,0.0,15.42,High Risk
STU-ACCE5C6F,1,67.05,95.91,87.71,53.33,3.41,8.0,6.0,95.61,Medium Risk
STU-F4A8DD77,3,87.06,56.02,35.48,80.72,3.26,0.0,0.0,62.11,Low Risk
STU-84E800DB,1,58.01,94.41,67.84,44.58,1.88,5.0,0.0,47.38,Medium Risk
STU-BEA0D0A0,1,71.71,90.34,89.13,86.66,1.35,8.0,1.0,88.38,Medium Risk
STU-2A091776,2,87.31,86.29,94.42,54.29,1.53,7.0,2.0,57.21,Medium Risk
STU-90A81BE0,1,50.52,67.06,99.47,12.37,2.85,3.0,5.0,22.9,Medium Risk
STU-82ADF4EF,4,92.39,28.12,79.85,97.63,1.45,4.0,7.0,92.59,Medium Risk
STU-95366ED3,3,96.95,45.91,21.38,54.07,1.96,8.0,1.0,47.86,Medium Risk
STU-231B3E6B,1,37.53,68.29,89.07,68.51,3.52,4.0,2.0,63.61,Low Risk
STU-3AF9BA1C,1,38.84,21.08,90.28,27.94,1.25,8.0,2.0,95.27,High Risk
STU-533E52C2,3,40.91,23.41,62.37,36.76,2.74,0.0,3.0,40.08,Medium Risk
STU-B1B1EE36,2,85.49,74.21,20.73,53.59,2.2,9.0,4.0,30.13,High Risk
STU-2E3B802D,3,47.31,91.06,55.52,87.06,1.36,8.0,0.0,88.56,Low Risk
STU-18DC2B7A,2,82.17,88.41,32.91,19.18,2.53,9.0,0.0,59.37,Medium Risk
STU-8AD77B28,2,63.68,33.45,52.58,80.23,2.55,8.0,5.0,74.09,High Risk
STU-C93C46B2,4,89.36,92.9,76.55,62.14,2.13,5.0,1.0,24.4,Medium Risk
STU-7C42887F,2,87.56,75.7,71.74,54.97,1.17,6.0,6.0,74.18,High Risk
STU-35B167B4,2,97.38,77.31,81.3,88.89,1.62,5.0,6.0,63.8,Medium Risk
STU-7C9169E0,3,51.32,44.32,55.5,20.63,2.21,3.0,4.0,42.86,Medium Risk
STU-FFE92042,4,49.9,77.28,58.42,99.17,1.83,6.0,5.0,87.22,Medium Risk
STU-52A313C3,3,37.05,76.78,94.53,86.92,1.48,1.0,6.0,54.15,Medium Risk
STU-411616F9,3,61.68,67.57,68.65,39.32,2.46,2.0,3.0,49.75,Medium Risk
STU-E6D1C671,2,64.84,48.58,78.54,50.64,2.19,3.0,0.0,30.59,Low Risk
STU-A9FB453F,2,97.69,84.88,71.48,12.25,2.99,2.0,1.0,36.64,Low Risk
STU-67F96E65,1,89.0,95.0,69.44,57.48,2.68,8.0,7.0,38.23,High Risk
STU-B630A6AE,3,45.84,89.59,92.65,59.29,1.51,3.0,3.0,49.49,Medium Risk
STU-2E7DD348,1,86.9,39.44,45.3,93.39,3.06,9.0,4.0,57.57,Medium Risk
STU-9A00473C,1,46.59,55.65,51.35,44.91,2.4,0.0,6.0,99.17,Medium Risk
STU-3B3CA23B,4,40.05,47.39,47.28,61.36,1.34,7.0,1.0,61.33,Medium Risk
STU-81079A4A,2,89.41,76.6,80.04,76.66,1.06,3.0,3.0,54.71,Medium Risk
STU-6F65CE81,1,98.44,86.52,88.82,64.77,2.88,8.0,4.0,69.38,Medium Risk
STU-EEECF4F5,1,40.73,37.26,45.39,24.06,2.86,8.0,0.0,79.22,Medium Risk
STU-F903653C,2,87.91,95.78,27.1,25.46,3.46,8.0,4.0,98.25,Medium Risk
STU-BA4B09BE,2,90.85,74.19,57.0,22.45,3.29,8.0,1.0,99.84,Medium Risk
STU-B17A82F8,1,42.72,37.48,98.67,29.6,3.63,6.0,0.0,88.18,Low Risk
STU-A3EFAEB3,1,53.41,49.69,32.31,39.55,1.88,8.0,2.0,18.62,High Risk
STU-5E847ED1,2,82.69,28.37,53.42,76.57,2.24,6.0,1.0,18.56,Medium Risk
STU-EED07F49,2,87.5,67.77,38.07,15.48,1.19,7.0,2.0,42.46,Medium Risk
STU-4F3BE1B4,1,58.01,33.54,93.43,83.84,2.23,1.0,7.0,88.77,Medium Risk
STU-958A06DF,2,45.4,75.45,61.83,33.62,1.66,3.0,4.0,79.71,Medium Risk
STU-51B4848B,2,77.14,78.98,64.19,65.21,3.42,3.0,5.0,68.49,Low Risk
STU-8BCED6C7,1,80.63,58.35,15.7,59.75,2.97,3.0,5.0,31.39,Medium Risk
STU-77918384,4,67.73,27.51,70.49,23.86,3.35,2.0,3.0,97.57,Medium Risk
STU-EF437286,4,44.42,68.87,41.04,35.86,2.78,0.0,6.0,91.38,Medium Risk
STU-48E02E22,1,89.89,49.78,58.64,36.63,2.79,5.0,0.0,92.63,Medium Risk
STU-72E58A2A,1,76.94,95.97,60.14,66.14,1.71,4.0,1.0,58.16,Low Risk
STU-13BB7711,2,91.5,61.06,65.34,80.97,3.01,2.0,0.0,46.27,Low Risk
STU-AA351077,3,95.64,25.78,85.0,99.67,1.43,6.0,4.0,69.16,Medium Risk
STU-A787F448,4,87.37,70.88,40.41,18.63,1.83,5.0,5.0,70.79,Medium Risk
STU-03099599,2,97.31,82.35,36.77,94.48,1.54,3.0,4.0,93.83,Medium Risk
STU-D14414CD,3,97.03,32.84,82.64,60.54,3.85,8.0,7.0,63.58,Medium Risk
STU-202AAC77,4,75.26,55.92,76.09,42.11,3.69,3.0,5.0,89.7,Medium Risk
STU-246E8CCB,2,82.33,79.46,34.18,35.61,3.62,8.0,6.0,41.81,High Risk
STU-BC394850,1,80.46,21.64,15.07,28.81,3.88,2.0,3.0,18.61,Medium Risk
STU-944B7A1D,2,75.37,22.32,71.6,60.14,2.84,6.0,3.0,52.09,Medium Risk
STU-B3315A87,1,36.26,74.15,28.36,95.14,3.68,6.0,6.0,31.99,Medium Risk
STU-FC0D3739,1,58.13,78.01,96.34,26.39,1.88,0.0,7.0,81.13,Medium Risk
STU-634A6CC5,3,41.51,87.67,66.37,49.26,2.15,0.0,1.0,83.41,Low Risk
STU-DE7C7AD6,1,54.52,51.97,87.22,28.35,2.4,1.0,5.0,81.56,Medium Risk
STU-E453D705,1,39.46,51.18,83.48,25.81,1.27,3.0,0.0,54.34,Medium Risk
STU-9EA1CF75,4,94.8,64.19,62.41,88.01,3.47,1.0,1.0,90.89,Low Risk
STU-24B298F5,2,64.34,80.59,52.26,33.58,1.36,9.0,2.0,52.87,High Risk
STU-C12E2A8F,1,47.31,71.28,57.23,32.32,3.4,9.0,4.0,65.99,Medium Risk
STU-C98DD0EC,1,73.01,46.19,83.25,91.88,3.77,4.0,7.0,33.14,Medium Risk
STU-720D748F,1,47.77,47.72,69.44,44.74,2.7,1.0,6.0,17.03,Medium Risk
STU-28AEE1A6,1,87.29,81.04,32.49,10.78,1.5,7.0,2.0,66.38,Medium Risk
STU-04BBE06C,4,54.88,62.77,66.8,74.91,2.31,5.0,2.0,70.51,Medium Risk
STU-6744EF7C,1,55.47,27.84,49.4,56.53,1.42,2.0,0.0,93.97,Low Risk
STU-E6BECCEB,3,91.55,32.24,20.21,79.67,1.36,1.0,2.0,86.81,Medium Risk
STU-F713F54E,1,71.35,88.1,47.41,61.33,3.27,8.0,6.0,80.96,Medium Risk
STU-B1A7425A,4,92.67,99.9,34.35,41.61,2.18,0.0,2.0,74.53,Medium Risk
STU-41847427,3,61.84,46.85,86.28,15.99,1.0,5.0,3.0,51.71,High Risk
STU-B6E38BF3,4,57.36,50.94,23.92,87.93,1.15,6.0,1.0,56.54,High Risk
STU-ECF949EA,2,67.9,32.36,45.65,28.64,3.45,8.0,6.0,81.24,High Risk
STU-F5797436,4,39.0,38.86,74.12,97.42,2.86,6.0,3.0,28.5,Medium Risk
STU-F0B45073,4,45.02,53.97,91.28,32.13,3.53,3.0,0.0,75.99,Low Risk
STU-2EF860EA,3,49.27,42.75,43.5,84.43,1.82,1.0,1.0,68.12,Low Risk
STU-18336C52,1,88.08,76.11,66.55,80.99,1.94,5.0,6.0,34.07,Medium Risk
STU-3A66D0BA,1,82.7,63.03,46.76,51.65,2.85,9.0,1.0,52.87,Medium Risk
STU-AB745EB8,1,47.56,85.78,32.24,46.15,3.0,6.0,4.0,81.49,Medium Risk
STU-0353D2E8,1,52.99,77.96,42.69,73.29,1.08,5.0,5.0,24.83,High Risk
STU-77116B01,3,96.38,30.25,69.05,57.57,3.72,3.0,7.0,68.05,Medium Risk
STU-C63EE7DD,3,40.58,29.87,75.89,66.88,3.4,6.0,7.0,50.78,Medium Risk
STU-FB2E5B62,2,70.58,91.65,46.5,52.32,1.4,9.0,4.0,36.3,High Risk
STU-E5CAC755,1,68.93,85.56,27.97,60.14,1.03,5.0,2.0,90.77,Medium Risk
STU-ED2D756F,1,82.17,57.43,26.86,27.02,3.31,5.0,1.0,55.59,Low Risk
STU-B2D950C2,1,51.99,30.43,84.07,14.99,3.71,1.0,1.0,98.97,Low Risk
STU-FDAB2228,2,95.76,91.89,70.53,42.03,1.97,1.0,4.0,68.99,Low Risk
STU-A6C52BDD,3,61.69,38.46,76.88,51.93,1.96,5.0,2.0,43.1,Medium Risk
STU-95D0C99F,1,53.57,22.84,56.5,91.54,2.54,0.0,4.0,40.45,Low Risk
STU-B8913A3B,3,56.9,93.94,53.87,47.25,3.02,7.0,1.0,73.97,Medium Risk
STU-E17EC29C,2,57.67,84.71,32.95,49.05,2.94,8.0,0.0,44.62,Medium Risk
STU-D4FA46EB,4,47.93,75.48,29.31,70.73,3.26,7.0,4.0,64.08,Medium Risk
STU-E1B164F4,1,95.32,22.72,28.08,28.61,1.34,9.0,6.0,63.12,High Risk
STU-D9B1B01E,2,46.37,62.27,99.3,88.45,2.56,5.0,3.0,16.32,Medium Risk
STU-DA1F07B1,1,92.38,72.29,84.78,48.49,2.52,9.0,5.0,73.9,High Risk
STU-0178B720,2,61.32,80.75,68.22,93.77,3.85,0.0,4.0,63.2,Low Risk
STU-54395E25,2,52.5,57.69,33.22,34.41,3.75,7.0,6.0,83.88,Medium Risk
STU-FC63B1F0,3,47.9,96.27,43.7,51.9,3.25,1.0,7.0,94.82,Medium Risk
STU-2D5D43AC,1,67.78,39.58,44.82,80.03,3.63,3.0,1.0,56.52,Low Risk
STU-E440B672,1,78.5,25.58,55.6,60.03,3.24,0.0,6.0,80.95,Low Risk
STU-EFAD6BD3,3,93.38,46.62,50.87,69.51,3.16,0.0,2.0,54.86,Low Risk
STU-B8AD9BC8,2,77.41,72.94,94.4,35.26,1.65,4.0,6.0,39.85,Medium Risk
STU-C09AB9EA,2,66.44,78.97,76.27,39.56,2.85,5.0,5.0,91.58,Medium Risk
STU-52B63C78,4,37.18,79.08,21.92,55.69,3.75,8.0,1.0,67.42,Medium Risk
STU-16B6CF71,2,94.5,28.85,45.6,28.22,3.25,2.0,2.0,20.15,Low Risk
STU-9D7A498E,3,93.65,90.81,26.3,21.37,2.81,1.0,1.0,94.43,Low Risk
STU-093E26CB,3,59.62,42.47,38.75,85.94,1.77,1.0,3.0,50.46,Medium Risk
STU-44E54884,4,36.89,36.79,96.51,79.74,3.04,7.0,3.0,71.81,Medium Risk
STU-A80928A5,3,82.67,69.16,74.95,93.89,2.04,8.0,2.0,96.54,Medium Risk
STU-1FA4C0A4,1,86.46,36.95,15.67,62.79,1.2,7.0,3.0,60.39,High Risk
STU-88953282,2,70.26,60.64,42.95,47.82,1.72,2.0,6.0,65.84,High Risk
STU-890CFE75,4,61.19,52.56,52.29,19.27,2.17,9.0,0.0,31.03,High Risk
STU-3043A469,1,90.32,38.56,66.21,86.54,3.99,9.0,5.0,81.13,Medium Risk
STU-9D9C9E67,3,47.51,43.36,57.48,51.06,3.28,7.0,6.0,59.34,High Risk
STU-CA22EBC9,4,63.57,54.19,20.93,60.5,1.84,9.0,6.0,56.38,High Risk
STU-C900AAE8,3,36.59,47.69,58.82,38.22,3.29,5.0,0.0,30.09,Low Risk
STU-40131A03,2,45.66,50.53,26.07,57.15,2.07,5.0,7.0,52.5,High Risk
STU-3746D5C3,1,96.15,78.83,59.13,80.36,2.82,8.0,3.0,95.65,Medium Risk
STU-14E34980,2,72.58,33.47,35.92,74.1,3.29,7.0,4.0,47.94,Medium Risk
STU-8AA01DA3,1,87.36,70.21,27.26,99.0,3.22,0.0,3.0,33.85,Low Risk
STU-36058002,4,66.62,74.25,39.47,54.61,1.42,6.0,2.0,65.88,High Risk
STU-74D5F4CE,3,89.26,84.17,23.47,57.67,3.48,5.0,7.0,58.18,Medium Risk
STU-DB469A63,3,70.03,87.79,39.14,14.75,3.77,4.0,3.0,55.78,Low Risk
STU-E1B28508,2,35.29,32.69,88.69,45.04,1.7,2.0,3.0,28.88,High Risk
STU-0137F7DE,1,93.48,31.06,41.11,92.99,1.99,0.0,2.0,92.24,Low Risk
STU-BDD896E8,1,44.66,69.18,54.97,41.54,3.81,7.0,0.0,66.67,Low Risk
STU-F5EE7121,1,64.29,80.55,59.18,78.95,3.95,2.0,4.0,67.82,Low Risk
STU-B7A282F0,2,65.98,41.79,30.15,97.98,2.36,6.0,1.0,25.08,Medium Risk
STU-D8AAB08C,2,38.07,62.07,52.55,21.42,1.1,5.0,4.0,53.73,High Risk
STU-21328004,2,38.45,81.78,87.5,40.06,3.8,1.0,1.0,64.56,Low Risk
STU-344E39F0,2,84.57,81.4,21.84,52.69,1.08,1.0,3.0,93.5,Medium Risk
STU-AFA0259C,4,54.53,72.31,93.44,31.36,1.99,2.0,0.0,64.33,Low Risk
STU-4F158205,2,61.63,26.3,89.04,11.12,1.27,2.0,7.0,96.48,High Risk
STU-B5C9592C,3,71.67,24.05,87.75,52.17,2.54,1.0,3.0,73.81,Medium Risk
STU-63E382C9,1,59.27,51.08,31.88,58.3,1.11,7.0,7.0,28.27,High Risk
STU-0C86E793,2,85.38,22.13,56.17,66.29,1.68,0.0,6.0,20.53,Medium Risk
STU-AB03D5AF,1,92.49,92.33,67.37,84.45,2.38,2.0,5.0,61.61,Medium Risk
STU-B2A033A4,3,38.88,21.61,23.5,32.77,1.22,0.0,1.0,95.27,Medium Risk
STU-164CAAF0,1,76.3,22.37,62.33,15.49,2.44,3.0,6.0,42.12,High Risk
STU-264B2038,1,55.65,33.23,86.4,18.09,1.8,0.0,7.0,90.16,Medium Risk
STU-15E6BDBE,4,72.91,70.16,94.61,54.77,1.8,0.0,6.0,27.42,Medium Risk
STU-26CE4F4E,1,66.45,63.32,38.66,93.0,3.81,3.0,0.0,78.0,Low Risk
STU-0CB53BF0,2,56.69,72.76,39.54,98.4,3.07,5.0,1.0,50.37,Low Risk
STU-63067302,2,41.16,91.48,38.01,28.45,3.79,5.0,7.0,16.1,High Risk
STU-22BEEDAB,2,71.36,56.4,28.04,23.68,2.73,3.0,3.0,39.6,High Risk
STU-5E99B7B2,3,42.33,23.51,51.61,41.81,3.72,6.0,7.0,49.06,High Risk
STU-F5D8EC76,3,45.15,81.08,81.68,51.75,3.51,7.0,7.0,52.2,High Risk
STU-4D21C0EF,2,98.84,84.96,75.53,82.73,3.99,1.0,6.0,29.58,Low Risk
STU-F2F9CB67,1,55.59,23.99,91.53,79.71,2.51,8.0,1.0,67.41,Medium Risk
STU-E4A73AB6,3,72.99,39.43,45.24,93.04,3.09,4.0,5.0,86.95,Medium Risk
STU-4F4A15B9,2,52.7,81.65,63.64,87.23,1.48,5.0,0.0,73.52,Medium Risk
STU-89308C09,4,91.26,50.09,80.16,49.49,3.82,0.0,5.0,82.92,Low Risk
STU-54FA9333,2,53.42,57.81,91.34,11.71,2.2,3.0,4.0,44.6,Medium Risk
STU-097229A8,3,58.85,85.85,89.1,31.29,3.75,6.0,3.0,86.76,Medium Risk
STU-272636BE,4,74.55,27.57,54.57,64.9,1.3,5.0,1.0,15.48,High Risk
STU-31B917C9,3,91.55,74.18,92.08,55.13,2.55,1.0,1.0,85.36,Low Risk
STU-71173FC0,2,88.05,37.2,52.74,31.61,1.0,6.0,5.0,17.35,High Risk
STU-563C991A,3,52.15,25.01,91.74,21.84,2.25,8.0,4.0,69.92,High Risk
STU-E24E8C51,2,88.92,73.0,81.04,29.44,1.25,8.0,0.0,32.52,Medium Risk
STU-93F36EF8,3,80.58,29.71,33.84,33.38,2.35,2.0,5.0,56.95,Medium Risk
STU-015B4B22,1,99.34,79.76,94.02,88.06,2.67,5.0,2.0,49.36,Low Risk
STU-C7BA7154,3,95.8,36.22,35.61,73.92,3.56,0.0,2.0,96.4,Low Risk
STU-FA8E788C,1,69.65,23.88,92.22,59.71,1.89,3.0,2.0,42.47,Medium Risk
STU-2C415A52,1,83.75,27.94,67.28,11.88,2.7,4.0,7.0,71.49,High Risk
STU-00A3701E,3,72.06,87.3,71.73,83.91,1.2,8.0,6.0,58.95,High Risk
STU-DBEA8408,1,73.67,49.68,24.29,59.72,3.74,2.0,3.0,47.21,Medium Risk
STU-CE9758D5,3,41.6,44.18,20.59,66.46,2.36,8.0,6.0,70.34,High Risk
STU-011C35E1,4,35.15,59.3,97.31,15.91,1.76,4.0,7.0,26.88,High Risk
STU-7BEB3AB3,4,38.13,70.63,43.64,83.34,2.39,2.0,5.0,77.28,Medium Risk
STU-B6708D32,3,97.83,22.97,86.77,84.88,2.44,1.0,7.0,64.84,Medium Risk
STU-00890D0A,2,43.21,91.86,74.88,89.5,3.23,8.0,2.0,80.48,Low Risk
STU-2567C107,2,37.89,96.68,66.35,57.53,3.92,5.0,6.0,79.12,Medium Risk
STU-56E4205D,2,55.13,53.38,73.24,45.46,1.56,5.0,5.0,55.48,High Risk
STU-DF7436D2,1,73.23,53.01,22.6,16.57,1.16,1.0,2.0,50.55,Medium Risk
STU-7C609CE9,2,96.65,90.28,50.05,27.45,2.97,7.0,4.0,87.74,Medium Risk
STU-728E20AA,3,80.49,54.34,66.6,30.3,3.65,4.0,2.0,92.53,Low Risk
STU-1EBD88F6,1,52.96,88.5,88.74,15.64,2.7,9.0,6.0,50.65,High Risk
STU-480FB730,1,96.04,22.27,75.75,23.89,1.24,5.0,1.0,93.99,Medium Risk
STU-4145833E,3,37.34,59.17,36.49,89.81,2.27,8.0,7.0,93.31,High Risk
STU-C4AD40CD,1,98.64,96.19,98.72,59.09,2.96,7.0,4.0,26.02,Medium Risk
STU-B3E80372,1,38.81,40.22,69.66,78.8,1.98,8.0,1.0,54.46,Medium Risk
STU-9072DF79,1,84.0,41.29,57.61,34.75,3.53,6.0,3.0,83.46,Medium Risk
STU-A0E3561E,3,37.94,70.41,81.42,22.11,1.67,0.0,4.0,27.73,Medium Risk
STU-2E154E85,3,95.55,94.1,66.23,43.59,2.09,0.0,1.0,35.43,Low Risk
STU-A9E5E39A,3,42.06,35.9,75.35,81.37,3.75,3.0,1.0,62.03,Low Risk
STU-032F3178,1,38.28,93.73,67.46,36.76,2.72,1.0,0.0,25.36,Low Risk
STU-D02A80B5,3,92.8,73.04,30.2,28.41,1.02,8.0,0.0,43.61,Medium Risk
STU-7A16D70A,3,41.23,99.44,61.19,12.02,1.73,3.0,0.0,58.75,Medium Risk
STU-D0CC3619,2,86.87,78.92,39.06,66.16,3.26,4.0,0.0,82.27,Low Risk
STU-C292953C,2,83.56,73.42,63.47,49.22,1.16,1.0,2.0,28.4,Medium Risk
STU-FE3ECF52,3,73.93,85.19,25.67,33.29,3.98,8.0,6.0,76.34,Medium Risk
STU-E9907EA8,2,59.57,34.01,34.72,56.78,3.69,7.0,3.0,95.57,Medium Risk
STU-2C49FA99,3,94.51,95.68,83.74,73.06,1.67,6.0,2.0,32.6,Medium Risk
STU-6F3B0190,1,91.62,33.25,49.45,32.27,3.69,6.0,3.0,34.31,Medium Risk
STU-4A3FA2B6,2,62.71,22.05,72.27,64.79,3.1,7.0,4.0,81.68,Medium Risk
STU-A80751CE,2,50.06,75.83,57.32,33.41,2.28,9.0,3.0,26.43,High Risk
STU-F5A7B166,2,52.72,34.77,43.96,98.8,1.59,9.0,2.0,54.97,Medium Risk
STU-D4B6187C,2,49.32,80.7,57.09,75.92,1.6,6.0,6.0,50.14,High Risk
STU-C82D4909,4,70.18,83.6,84.16,64.24,2.78,9.0,6.0,58.46,Medium Risk
STU-B173E72F,4,91.46,38.94,38.94,25.51,2.25,6.0,6.0,59.12,High Risk
STU-6C93DF21,3,85.28,26.94,50.82,62.78,2.79,5.0,4.0,62.41,Medium Risk
STU-AD079A43,3,86.71,60.07,32.22,82.04,1.99,8.0,5.0,84.53,Medium Risk
STU-44DBFC8C,1,64.14,91.22,44.85,76.34,1.69,3.0,4.0,51.4,Medium Risk
STU-25862FD7,3,55.96,87.78,90.23,80.02,3.51,4.0,5.0,33.32,Low Risk
STU-67307ECF,2,84.23,29.37,81.79,38.6,3.76,5.0,4.0,81.79,Medium Risk
STU-DEF5F52D,2,86.56,97.18,46.76,39.54,3.12,6.0,0.0,98.24,Low Risk
STU-E862216F,1,80.2,41.12,26.25,58.5,1.48,4.0,6.0,25.7,High Risk
STU-5DE8F9BA,1,37.09,47.95,50.7,35.08,1.28,4.0,2.0,37.14,High Risk
STU-8369C11C,1,73.33,31.92,80.6,20.17,2.62,9.0,0.0,98.08,Medium Risk
STU-F658DCCE,1,57.56,50.22,18.72,51.5,2.65,9.0,6.0,33.83,High Risk
STU-AC3DFC3B,1,47.75,70.85,78.35,10.17,2.92,5.0,5.0,50.9,Medium Risk
STU-226C50AD,3,80.14,60.49,72.79,78.47,3.72,9.0,7.0,22.11,Medium Risk
STU-2B53DD33,1,52.45,86.2,20.5,77.47,2.94,8.0,1.0,40.93,Medium Risk
STU-3C7A482A,2,94.33,71.3,69.03,59.67,3.75,5.0,6.0,37.03,Medium Risk
STU-77BA6648,4,54.38,41.08,40.39,77.29,1.35,7.0,6.0,96.4,High Risk
STU-D06FA426,1,71.09,64.6,30.07,66.21,3.13,3.0,4.0,26.95,Medium Risk
STU-6934996E,4,88.8,25.14,47.71,72.77,3.78,6.0,4.0,41.35,Medium Risk
STU-065B0CAB,3,61.14,66.46,32.46,15.82,2.39,4.0,4.0,21.77,Medium Risk
STU-62171A82,2,88.86,51.17,85.09,89.31,3.9,3.0,6.0,72.12,Low Risk
STU-381957F1,1,82.04,27.87,78.07,67.95,2.66,1.0,2.0,98.83,Low Risk
STU-ABB3B866,1,94.86,44.6,98.36,64.96,3.83,8.0,4.0,28.02,Medium Risk
STU-D37E20D7,2,56.18,91.85,60.4,44.85,3.25,4.0,2.0,68.31,Medium Risk
STU-0FA45775,1,41.83,66.88,22.58,12.53,2.37,5.0,7.0,28.03,High Risk
STU-B7AC903F,1,62.97,92.26,46.26,91.13,1.1,0.0,1.0,34.25,Low Risk
STU-3064938D,1,86.08,52.86,86.28,98.71,2.97,3.0,1.0,61.09,Low Risk
STU-71C31182,3,64.28,98.31,48.73,82.7,1.76,4.0,7.0,95.73,Medium Risk
STU-17E85EFB,1,52.03,48.8,53.73,92.35,1.87,3.0,1.0,55.39,Medium Risk
STU-DFD766C0,3,36.79,80.54,50.02,20.89,1.06,1.0,7.0,53.29,High Risk
STU-4F396C51,1,55.35,44.43,35.01,21.58,2.67,0.0,0.0,26.64,Medium Risk
STU-225B8FFE,4,81.37,28.48,21.22,89.16,1.87,8.0,7.0,62.9,High Risk
STU-E5A9E547,1,44.59,86.64,30.35,15.18,3.95,3.0,4.0,54.31,Medium Risk
STU-00E88BDF,3,57.16,81.01,45.94,18.39,3.25,7.0,1.0,43.44,Medium Risk
STU-FDB6EC06,2,36.32,85.65,35.86,83.52,2.07,7.0,3.0,77.11,Medium Risk
STU-4DE779BA,3,81.91,43.98,63.68,60.13,1.88,3.0,5.0,40.32,Medium Risk
STU-E6691036,1,92.24,76.29,67.18,45.26,3.14,7.0,7.0,91.75,High Risk
STU-DC5D673B,2,71.95,37.59,63.46,59.81,1.76,3.0,5.0,89.18,High Risk
STU-1E56BBC4,1,36.68,20.9,22.22,89.09,2.34,5.0,2.0,56.36,Medium Risk
STU-51C91C0E,2,49.15,89.32,71.68,78.14,1.48,4.0,5.0,92.18,Medium Risk
STU-AA206E06,1,63.5,61.88,47.69,72.24,1.76,0.0,3.0,96.73,Low Risk
STU-6EE71385,2,73.19,98.69,89.64,97.92,1.3,8.0,1.0,18.09,Medium Risk
STU-EAF21F1F,1,67.26,50.8,59.68,56.92,2.28,5.0,0.0,87.46,Low Risk
STU-8297B8B1,1,94.53,96.55,22.18,10.57,3.78,9.0,0.0,49.21,Medium Risk
STU-0C15D07F,3,96.01,69.2,15.78,48.61,1.3,8.0,3.0,99.59,High Risk
STU-B4E2E18B,4,41.96,60.98,74.71,18.69,2.31,3.0,6.0,44.15,Medium Risk
STU-BA629645,2,44.0,44.22,49.04,20.48,1.89,3.0,1.0,85.82,Medium Risk
STU-56B0B544,3,58.27,86.02,39.48,32.94,2.09,3.0,4.0,33.73,High Risk
STU-255CE59A,2,62.38,86.3,53.01,44.32,3.31,1.0,2.0,94.07,Low Risk
STU-B796243B,2,73.09,53.35,21.15,53.34,2.31,2.0,6.0,78.13,Medium Risk
STU-2F225719,1,85.26,78.18,48.32,25.28,2.95,4.0,2.0,39.13,Medium Risk
STU-71294CA2,1,43.82,55.78,41.75,38.05,3.92,3.0,0.0,73.42,Low Risk
STU-BE5CEEF6,4,87.17,79.17,83.02,34.89,2.85,0.0,5.0,52.01,Low Risk
STU-43B7536D,2,74.65,99.54,29.86,42.87,2.01,7.0,3.0,88.05,Medium Risk
STU-F13B1E04,3,98.76,41.0,79.29,19.72,2.19,3.0,1.0,15.5,Medium Risk
STU-9F405A24,2,77.33,70.72,57.53,45.76,3.09,3.0,1.0,59.48,Medium Risk
STU-96FC24A8,2,81.55,50.39,21.96,59.89,3.08,6.0,6.0,72.91,High Risk
STU-850A0343,2,47.69,63.87,97.42,18.73,2.1,5.0,4.0,48.73,High Risk
STU-2F9BC602,3,84.98,89.93,77.41,56.87,3.17,1.0,4.0,55.23,Low Risk
STU-EA61F44C,1,40.15,47.81,37.11,78.03,2.65,3.0,5.0,35.4,Medium Risk
STU-6E1E2D0D,2,77.67,25.79,64.45,10.74,3.94,1.0,6.0,50.48,Medium Risk
STU-AB5F6141,2,38.61,83.91,91.49,14.28,3.72,2.0,1.0,93.29,Low Risk
STU-019087E1,4,42.49,64.4,94.12,51.98,3.47,9.0,1.0,47.69,Medium Risk
STU-5920BDBF,2,42.01,55.95,77.15,88.55,1.1,5.0,2.0,99.02,Medium Risk
STU-B7DFB7F9,3,38.41,34.67,76.85,99.8,2.14,8.0,7.0,54.57,High Risk
STU-A9422761,1,55.87,27.43,38.58,18.41,2.72,0.0,7.0,67.74,Medium Risk
STU-88A1D54F,1,99.63,42.3,99.13,11.65,2.56,3.0,5.0,15.39,Medium Risk
STU-79E1899D,4,57.63,77.51,35.7,30.59,3.29,7.0,7.0,30.89,High Risk
STU-0B5A3AF9,3,84.45,52.94,22.6,52.07,3.73,3.0,3.0,45.24,Low Risk
STU-4A1E4790,2,43.6,65.62,98.08,61.46,3.36,5.0,2.0,42.88,Low Risk
STU-AABF6DB9,2,64.54,26.56,27.99,97.61,1.66,0.0,4.0,76.14,Medium Risk
STU-B3A07CDB,1,47.03,29.86,59.34,89.96,2.46,9.0,6.0,61.63,High Risk
STU-C049C824,3,47.49,20.9,54.8,60.59,2.18,3.0,7.0,33.42,High Risk
STU-D373FC30,1,41.48,73.86,87.1,42.55,3.3,6.0,0.0,66.48,Low Risk
STU-BC621059,3,63.08,41.16,48.72,38.92,3.69,5.0,5.0,26.15,High Risk
STU-596BC5D4,2,39.91,97.35,57.69,61.54,1.86,8.0,1.0,88.73,Medium Risk
STU-653934D0,1,94.14,44.68,18.72,74.92,2.47,2.0,1.0,78.72,Low Risk
STU-9A9D2E5A,4,64.11,49.09,32.67,53.35,3.2,4.0,7.0,44.41,Medium Risk
STU-1192CA99,4,89.51,57.56,85.8,37.4,1.15,6.0,6.0,19.11,High Risk
STU-75918453,1,98.67,45.53,55.66,65.18,3.89,0.0,6.0,81.54,Low Risk
STU-0656B6AE,4,79.06,85.4,34.63,60.21,3.4,8.0,3.0,35.69,Medium Risk
STU-EA9DB30C,3,93.6,90.1,46.36,48.46,2.63,8.0,4.0,37.01,Medium Risk
STU-9E546159,3,43.8,20.88,39.23,77.35,3.34,2.0,1.0,51.68,Low Risk
STU-80B83B7B,4,88.95,72.37,62.28,35.4,3.51,7.0,2.0,66.73,Medium Risk
STU-4088A23A,2,52.63,74.89,19.37,53.64,2.48,1.0,5.0,17.92,Medium Risk
STU-937946D5,3,65.72,96.91,34.12,94.63,2.32,3.0,5.0,85.18,Medium Risk
STU-30AEC9F6,4,77.03,49.63,45.17,75.05,3.51,6.0,7.0,17.9,Medium Risk
STU-4A78FF14,2,93.73,35.62,93.9,44.92,3.58,8.0,5.0,29.87,Medium Risk
STU-1A990180,2,94.21,61.65,67.98,59.16,1.37,3.0,3.0,34.28,Medium Risk
STU-D1A6AF22,2,40.99,55.8,57.86,46.49,3.72,0.0,1.0,87.2,Low Risk
STU-B9B718AA,3,58.7,83.34,31.22,20.13,1.83,6.0,0.0,78.4,Medium Risk
STU-63C605DA,3,86.56,92.32,62.42,40.14,3.0,2.0,4.0,66.9,Low Risk
STU-6D492E4F,2,80.71,26.94,93.97,87.44,3.13,9.0,6.0,45.27,Medium Risk
STU-D42B2E1C,2,36.71,87.73,63.14,51.51,1.84,8.0,3.0,62.0,Medium Risk
STU-1574C6AE,1,64.24,92.72,29.01,62.62,1.91,9.0,6.0,19.33,High Risk
STU-6524D04F,1,88.9,93.93,99.76,26.33,3.12,8.0,2.0,88.62,Medium Risk
STU-08C74708,2,82.95,81.14,57.4,42.06,1.53,1.0,4.0,73.82,Medium Risk
STU-F5818CCD,2,61.77,79.37,42.16,93.63,3.58,6.0,1.0,71.68,Low Risk
STU-95DA1740,4,82.79,21.19,57.79,38.28,1.67,7.0,0.0,98.66,Medium Risk
STU-C703A0E9,2,70.83,93.62,37.41,32.55,2.05,0.0,2.0,60.33,Low Risk
STU-CF0FA9A3,4,94.32,48.12,17.58,15.03,1.8,4.0,4.0,21.21,High Risk
STU-55CBA5D3,1,73.16,23.29,90.61,18.75,1.74,7.0,1.0,34.39,Medium Risk
STU-19F84A2A,4,61.05,53.04,51.45,62.63,3.94,9.0,3.0,28.65,Medium Risk
STU-F4B4C758,2,91.09,78.63,79.0,69.4,1.76,1.0,5.0,95.0,Low Risk
STU-E7E2DFCC,3,38.24,55.36,97.56,67.74,2.73,0.0,1.0,25.85,Low Risk
STU-58647C40,2,93.53,80.64,68.77,58.58,3.24,9.0,3.0,16.92,Medium Risk
STU-E2485E24,2,80.26,60.75,73.79,54.19,1.13,3.0,3.0,40.69,Medium Risk
STU-C11B39C5,1,96.14,43.95,95.18,16.49,3.64,0.0,1.0,25.37,Low Risk
STU-9E9BB38E,1,51.28,36.23,58.91,85.66,1.46,4.0,0.0,67.73,Medium Risk
STU-3501C447,3,80.17,53.69,42.19,56.18,2.76,7.0,5.0,34.02,High Risk
STU-24EEF35C,2,87.62,22.86,93.32,21.87,2.92,7.0,3.0,86.63,Medium Risk
STU-06228C06,4,80.64,53.8,20.86,22.23,2.89,8.0,5.0,27.17,High Risk
STU-FFE620C2,2,48.67,25.49,33.24,56.17,3.2,4.0,3.0,27.96,Medium Risk
STU-09A50AC6,4,52.91,90.16,44.01,32.01,3.79,7.0,7.0,66.65,Medium Risk
STU-22F8540E,1,71.84,66.04,81.48,92.98,3.78,9.0,1.0,21.96,Medium Risk
STU-7E3D1B77,1,64.04,71.68,91.83,54.91,2.73,4.0,7.0,19.3,Medium Risk
STU-FE7C009B,2,82.78,43.11,53.4,98.06,2.11,6.0,3.0,30.63,Medium Risk
STU-CD11A4B4,4,59.61,38.07,39.32,76.07,1.96,7.0,6.0,59.77,High Risk
STU-CD9339A9,2,90.87,76.63,45.02,82.96,3.66,7.0,2.0,61.56,Low Risk
STU-94FAA55C,1,63.07,73.73,70.81,45.0,3.56,1.0,4.0,47.7,Low Risk
STU-CD8C04D6,1,37.6,29.81,28.43,22.06,1.89,0.0,1.0,54.7,Medium Risk
STU-9F555F93,2,36.13,39.09,61.53,72.07,1.46,7.0,6.0,53.66,High Risk
STU-62965EE1,3,77.04,95.73,65.02,46.64,3.58,8.0,2.0,53.89,Medium Risk
STU-7A830DCA,2,70.14,44.33,75.17,95.4,2.83,6.0,6.0,37.63,Medium Risk
STU-4BC12D1C,3,70.28,22.07,66.33,27.43,1.94,7.0,5.0,29.41,High Risk
STU-2BEE19E1,3,86.35,25.1,23.24,66.39,2.83,8.0,3.0,48.28,High Risk
STU-F840BB7D,4,59.42,82.04,73.55,87.95,1.2,9.0,3.0,54.39,Medium Risk
STU-EF9DDAD4,2,99.7,80.57,16.85,46.25,1.57,9.0,3.0,96.04,High Risk
STU-22BD4002,2,96.46,50.55,48.18,95.83,2.64,9.0,4.0,78.62,Medium Risk
STU-8D421650,4,35.84,32.26,50.45,16.9,2.62,3.0,6.0,88.22,Medium Risk
STU-27F89530,2,93.22,59.85,24.91,62.82,1.74,2.0,0.0,47.83,Low Risk
STU-53E57E7C,2,79.24,46.55,15.84,79.96,3.95,3.0,1.0,63.67,Low Risk
STU-03663A4B,4,67.64,49.92,21.05,28.16,2.24,9.0,2.0,78.1,High Risk
STU-0AD9384A,1,72.88,40.88,52.94,15.21,3.13,2.0,7.0,30.6,High Risk
STU-25168B90,2,89.72,25.03,35.43,17.19,1.78,1.0,0.0,54.04,Medium Risk
STU-E0FCFFAD,1,96.82,83.29,20.86,38.73,2.27,0.0,1.0,44.61,Low Risk
STU-976F70FC,1,71.42,69.46,36.79,30.09,3.49,3.0,3.0,61.56,Low Risk
STU-66A7BD1C,1,46.78,86.77,59.95,30.15,3.55,4.0,3.0,39.83,Medium Risk
STU-D8428567,1,76.58,60.26,78.08,51.27,1.41,7.0,2.0,45.15,Medium Risk
STU-8CC25C2A,2,39.95,98.8,50.02,17.64,2.06,6.0,0.0,85.74,Medium Risk
STU-183DFE75,4,76.28,97.0,67.12,99.6,1.61,5.0,3.0,81.09,Low Risk
STU-144C62BB,3,87.56,41.74,65.72,72.62,3.67,5.0,4.0,49.61,Low Risk
STU-A7EB7803,3,57.97,50.96,91.19,12.73,3.26,4.0,1.0,23.32,Low Risk
STU-C94DDA54,2,39.63,80.22,30.25,72.27,2.69,3.0,2.0,39.29,Medium Risk
STU-433E1026,4,79.99,82.13,55.5,81.26,2.95,7.0,4.0,77.21,Medium Risk
STU-F633392B,4,57.06,92.86,68.71,27.17,3.74,7.0,2.0,79.23,Medium Risk
STU-A76BE78D,4,51.19,72.21,59.18,85.62,1.91,9.0,1.0,42.59,Medium Risk
STU-57E5BC68,4,79.8,58.01,53.28,65.06,1.04,2.0,7.0,94.87,High Risk
STU-3FD149A8,1,98.02,50.21,97.74,83.88,1.08,7.0,0.0,57.65,Medium Risk
STU-0794CA03,3,83.45,53.53,95.07,74.5,1.14,4.0,7.0,89.66,High Risk
STU-0321CCCD,3,66.94,88.03,66.97,73.42,1.39,0.0,6.0,60.03,Medium Risk
STU-75DAA743,2,74.03,98.4,52.36,24.24,2.71,7.0,4.0,16.03,Medium Risk
STU-EBF7FA3A,2,44.25,24.15,79.21,38.42,3.94,6.0,7.0,23.46,High Risk
STU-423F0B7D,1,87.86,66.42,58.6,57.09,2.26,6.0,3.0,23.95,Medium Risk
STU-10C7BC93,1,74.28,61.6,99.62,20.13,3.14,4.0,2.0,76.0,Low Risk
STU-D1ECAA41,4,97.78,50.09,73.3,53.06,3.38,4.0,7.0,88.12,Medium Risk
STU-9706B475,3,98.67,88.13,20.79,50.08,3.4,6.0,0.0,59.69,Low Risk
STU-CFD63C5E,1,58.05,66.06,49.16,30.87,2.33,8.0,1.0,87.61,Medium Risk
STU-F54A4F01,1,99.26,45.05,77.07,27.97,2.65,9.0,3.0,46.61,Medium Risk
STU-5845F62B,3,97.19,55.53,86.6,32.26,1.99,0.0,2.0,23.66,Low Risk
STU-CA3A0EA6,2,76.59,48.54,84.14,64.46,3.06,7.0,6.0,37.01,High Risk
STU-7327E4EC,2,56.68,54.41,98.07,47.35,2.15,9.0,0.0,25.03,Medium Risk
STU-AD17855F,1,83.97,25.7,56.58,47.26,1.93,8.0,1.0,90.29,Medium Risk
STU-78EA8D14,1,52.63,28.95,26.91,26.36,2.88,6.0,5.0,35.33,High Risk
STU-AF95CB4E,2,75.94,69.9,70.44,80.86,2.02,1.0,6.0,78.81,Low Risk
STU-6C17AC7E,3,36.6,74.73,21.01,73.03,2.22,4.0,5.0,21.06,High Risk
STU-9A7DFF2E,1,75.86,70.93,97.75,48.62,3.13,3.0,5.0,80.88,Low Risk
STU-D4AF44D3,2,96.85,81.05,79.48,22.8,3.56,6.0,0.0,22.23,Low Risk
STU-304BF87E,3,50.28,95.48,98.48,74.32,2.3,2.0,1.0,95.55,Low Risk
STU-318478DF,4,85.58,88.85,47.07,90.9,2.57,7.0,3.0,69.45,Medium Risk
STU-846FEEFB,1,54.07,53.48,16.34,26.04,3.24,4.0,5.0,72.49,Medium Risk
STU-BA5E0F4E,3,81.01,37.4,59.31,64.24,1.67,5.0,4.0,72.88,Medium Risk
STU-5F6B8C87,4,80.5,44.95,25.3,48.19,2.25,3.0,2.0,38.35,Medium Risk
STU-8EEA58CB,4,47.01,67.02,72.77,17.89,3.43,6.0,7.0,52.65,High Risk
STU-A31D492C,3,73.81,88.5,57.29,75.32,3.68,8.0,4.0,91.95,Medium Risk
STU-F80056BE,3,90.85,76.14,79.04,16.4,2.93,3.0,3.0,32.59,Low Risk
STU-63F9B7A6,1,59.86,63.44,39.74,73.2,2.18,5.0,6.0,59.85,High Risk
STU-4D3827AB,3,81.17,68.15,85.48,35.3,2.82,5.0,4.0,42.45,Medium Risk
STU-A9CDC55A,3,78.84,62.26,70.32,60.91,1.54,0.0,2.0,79.9,Low Risk
STU-12C1E599,2,51.74,97.73,98.96,24.44,1.09,8.0,3.0,53.78,High Risk
STU-188227D7,2,94.71,85.29,30.18,43.38,1.22,1.0,6.0,44.13,Medium Risk
STU-EC59F47A,3,71.63,82.5,19.35,19.37,1.32,9.0,2.0,65.4,High Risk
STU-77AA300C,4,58.09,61.39,87.34,52.06,1.68,0.0,4.0,24.01,Medium Risk
STU-B077D346,2,45.68,46.54,43.77,29.2,2.39,4.0,7.0,62.6,High Risk
STU-5B76B3DC,1,65.77,21.56,51.66,26.91,1.7,1.0,6.0,81.6,Medium Risk
STU-DED98164,3,82.46,23.47,93.68,19.64,2.76,9.0,7.0,96.85,High Risk
STU-CB1A82DC,1,75.54,22.42,52.46,78.89,3.99,4.0,0.0,86.84,Low Risk
STU-5EF12409,3,82.26,98.44,40.33,67.56,2.49,0.0,6.0,67.39,Low Risk
STU-69CA63E8,1,86.46,29.16,20.06,24.12,3.27,6.0,5.0,60.95,High Risk
STU-406BAA65,2,63.67,31.37,52.65,52.52,1.88,3.0,6.0,42.94,High Risk
STU-DDB11373,3,68.81,58.73,70.67,69.48,3.89,7.0,6.0,55.62,Medium Risk
STU-0A1EA049,1,99.12,58.51,37.88,89.03,1.75,7.0,0.0,67.57,Low Risk
STU-577B11CC,1,97.92,93.6,76.01,15.36,2.79,6.0,2.0,26.03,Medium Risk
STU-3076843E,2,61.96,25.88,55.65,42.61,3.95,0.0,0.0,76.48,Low Risk
STU-736257FC,2,79.54,96.58,87.94,65.44,3.42,2.0,2.0,35.83,Low Risk
STU-287E5606,3,52.39,37.31,28.75,11.41,3.98,5.0,4.0,24.8,High Risk
STU-3489B948,2,44.93,97.61,79.35,31.92,2.14,5.0,1.0,23.33,Medium Risk
STU-13DF1D2A,2,84.95,63.31,94.27,77.04,1.23,5.0,3.0,42.17,Medium Risk
STU-7BB230CD,2,63.35,72.16,78.02,42.02,1.73,1.0,4.0,42.23,Medium Risk
STU-6B75D1AD,1,46.51,45.26,49.5,17.6,3.87,7.0,1.0,63.65,Medium Risk
STU-FBB3981B,3,84.33,68.95,34.59,66.39,2.11,2.0,7.0,53.93,Medium Risk
STU-6BA8528A,1,94.49,76.87,23.36,32.5,1.37,4.0,5.0,78.75,High Risk
STU-8EFBA894,4,95.66,20.83,69.6,73.15,2.78,8.0,4.0,16.63,Medium Risk
STU-22AC4AC3,2,73.76,22.74,27.14,91.02,2.5,6.0,1.0,22.73,Medium Risk
STU-42D5A168,2,66.18,98.92,86.26,57.51,1.19,8.0,7.0,36.08,High Risk
STU-53921BDD,3,44.22,56.6,96.66,63.92,2.36,3.0,2.0,18.31,Medium Risk
STU-ECF0E417,4,86.53,94.87,26.54,56.3,2.9,0.0,3.0,28.94,Medium Risk
STU-A1B06464,4,96.45,78.39,46.96,83.57,1.7,9.0,5.0,76.82,Medium Risk
STU-2067510D,2,92.81,49.84,94.67,31.75,1.37,2.0,6.0,82.86,High Risk
STU-D4DDB132,1,83.87,32.07,55.01,46.14,3.59,4.0,2.0,65.37,Medium Risk
STU-4C980E03,4,35.3,98.25,60.51,90.55,2.88,9.0,6.0,63.53,High Risk
STU-D398380C,1,61.5,66.76,78.54,75.13,1.47,0.0,3.0,68.28,Medium Risk
STU-5C2CD933,4,61.7,35.39,32.9,38.81,2.89,6.0,1.0,83.1,Medium Risk
STU-3C06EABE,3,93.13,74.53,98.23,84.94,3.21,0.0,5.0,86.64,Low Risk
STU-07E10F3B,4,39.27,27.36,81.38,31.49,2.79,7.0,0.0,43.82,Medium Risk
STU-488364AD,4,69.53,89.44,28.72,67.08,1.35,6.0,7.0,50.39,High Risk
STU-A4E59F94,1,43.85,27.21,24.44,96.08,1.37,1.0,0.0,83.74,Medium Risk
STU-116BDC5F,3,78.05,38.9,94.47,61.72,1.14,6.0,6.0,32.91,High Risk
STU-BD9A652A,1,86.5,27.31,73.23,81.95,1.7,5.0,0.0,95.13,Low Risk
STU-5F42B505,1,76.73,28.3,18.28,76.19,1.18,6.0,5.0,86.25,High Risk
STU-827F5B09,2,86.65,61.91,27.07,87.91,3.42,0.0,6.0,52.47,Low Risk
STU-B18E63FC,1,74.49,74.96,19.07,97.19,1.05,6.0,6.0,58.67,High Risk
STU-0753989F,3,47.34,83.08,97.8,12.01,2.74,8.0,5.0,52.18,High Risk
STU-E028AC5B,4,59.87,75.6,57.32,12.51,3.43,7.0,6.0,34.47,Medium Risk
STU-46C40C9F,3,97.2,49.08,54.28,63.5,3.68,6.0,0.0,35.4,Low Risk
STU-410F26C0,1,53.73,64.58,96.24,95.88,2.23,1.0,5.0,40.74,Low Risk
STU-3FD65079,4,39.09,94.21,57.89,53.71,2.86,6.0,7.0,49.7,Medium Risk
STU-E6B433D4,4,60.01,51.01,59.01,85.58,3.85,1.0,4.0,90.97,Low Risk
STU-70C41F3E,3,58.81,40.19,98.65,79.11,3.01,3.0,6.0,45.48,Medium Risk
STU-1D8188E9,3,65.57,61.55,24.47,54.84,3.7,0.0,7.0,62.81,Medium Risk
STU-198A3971,4,71.42,43.79,98.79,56.19,3.05,2.0,4.0,22.52,Medium Risk
STU-AAAA334B,1,99.51,40.95,29.08,49.24,1.2,4.0,0.0,47.67,Medium Risk
STU-4311B99C,4,84.16,82.3,55.2,32.7,1.59,5.0,5.0,51.36,Medium Risk
STU-F4AC9110,4,37.33,91.27,43.7,87.28,3.82,2.0,2.0,57.74,Low Risk
STU-8D1064F0,4,81.33,60.19,96.21,28.86,3.53,2.0,1.0,54.26,Low Risk
STU-4F0953DA,1,88.58,82.38,56.27,91.62,2.27,9.0,0.0,71.17,Medium Risk
STU-6A620CC8,4,93.22,34.97,16.96,42.38,1.48,5.0,2.0,87.25,High Risk
STU-1206E382,2,62.56,63.81,33.84,12.38,1.47,8.0,2.0,68.71,High Risk
STU-9631FC95,3,55.39,70.9,51.62,25.15,3.71,1.0,2.0,47.93,Low Risk
STU-9ADD8617,4,89.56,59.25,72.49,89.9,1.5,1.0,6.0,80.68,Medium Risk
STU-7EC2B80A,1,85.55,29.35,62.76,21.56,2.16,6.0,4.0,73.18,Medium Risk
STU-F6204C30,2,69.84,78.73,87.24,76.49,3.7,3.0,7.0,73.69,Low Risk
STU-EB3C8C13,4,42.66,87.13,85.42,26.45,1.1,0.0,3.0,81.88,Low Risk
STU-5C6795C5,4,77.36,70.82,65.19,54.9,2.89,5.0,5.0,24.43,Medium Risk
STU-5AAB8F58,4,39.27,33.53,63.56,28.47,2.05,8.0,4.0,45.75,High Risk
STU-CDE01F9B,1,41.52,25.96,38.64,39.98,1.32,9.0,0.0,29.3,High Risk
STU-CC3F7BA2,3,56.52,44.13,96.42,21.23,2.7,5.0,6.0,80.66,Medium Risk
STU-ECDCD1A5,1,59.13,22.96,21.53,60.04,2.45,5.0,5.0,63.17,High Risk
STU-9029ED1F,3,65.03,87.14,48.75,42.92,1.3,3.0,6.0,99.11,High Risk
STU-6FA72B5F,1,57.04,76.24,71.17,42.89,1.8,0.0,0.0,72.68,Low Risk
STU-79744941,3,37.2,65.1,95.38,13.47,3.22,6.0,0.0,21.5,Low Risk
STU-6DAA7F4C,2,45.23,91.17,57.63,22.25,3.27,3.0,1.0,39.49,Low Risk
STU-EBBE18CD,4,42.48,28.81,91.15,73.68,2.8,8.0,1.0,93.66,Medium Risk
STU-7AE55C09,3,63.03,77.16,23.91,36.31,1.33,3.0,3.0,98.42,Medium Risk
STU-C421CA3D,3,48.79,31.73,60.18,49.79,3.56,8.0,4.0,33.99,High Risk
STU-7D985A95,2,54.08,24.87,41.86,78.68,1.52,0.0,2.0,56.99,Medium Risk
STU-5A00E9CD,3,65.65,30.63,82.63,50.03,3.16,9.0,5.0,46.45,Medium Risk
STU-28091D00,2,50.31,96.08,52.82,30.3,1.13,3.0,6.0,32.82,High Risk
STU-1345DE06,1,50.99,55.23,55.4,59.48,2.0,1.0,4.0,46.29,Medium Risk
STU-51A03472,3,89.15,23.92,20.51,82.11,2.44,5.0,0.0,51.4,Medium Risk
STU-81F7A24B,4,70.63,66.69,52.23,63.97,1.08,8.0,3.0,71.68,High Risk
STU-3ABF462F,1,90.69,35.98,21.87,47.82,1.51,1.0,1.0,57.72,Medium Risk
STU-F5DF5FF9,1,68.44,20.55,40.46,21.31,1.96,1.0,5.0,85.55,Medium Risk
STU-16BFC432,3,94.1,80.67,25.78,32.38,3.95,0.0,3.0,95.1,Low Risk
STU-2F862A8D,4,51.56,32.39,43.43,95.15,3.34,8.0,2.0,47.53,Medium Risk
STU-A3F3E54C,1,75.08,95.4,34.33,79.46,3.52,0.0,3.0,57.6,Low Risk
STU-CAAB3675,4,67.71,67.42,39.24,17.88,3.0,1.0,3.0,76.82,Low Risk
STU-66AC3583,4,94.71,26.96,27.61,10.5,1.88,4.0,3.0,85.23,Medium Risk
STU-AC4BDFBA,1,62.2,37.43,52.37,25.79,3.13,6.0,0.0,33.74,Medium Risk
STU-B413EBC8,1,90.56,68.87,57.29,94.95,3.02,8.0,2.0,70.93,Low Risk
STU-D27C49C1,3,71.65,47.05,86.12,62.2,2.83,0.0,1.0,84.63,Low Risk
STU-566043F7,4,81.06,62.57,60.8,85.48,1.89,7.0,4.0,77.91,Medium Risk
STU-EF28D28D,3,92.65,83.96,34.44,51.87,1.79,0.0,1.0,74.32,Low Risk
STU-9514AEEC,2,99.8,83.41,77.55,84.4,2.01,8.0,3.0,95.26,Medium Risk
STU-FCBEB235,1,82.52,75.84,40.27,13.05,1.94,9.0,3.0,78.38,High Risk
STU-CCAEBFF0,2,55.44,90.88,79.29,48.41,1.23,1.0,4.0,56.58,Medium Risk
STU-F1C906CC,3,54.44,35.95,47.91,43.98,3.41,2.0,2.0,88.9,Medium Risk
STU-0FB58A52,2,55.09,34.18,58.66,98.34,2.11,9.0,3.0,52.14,Medium Risk
STU-A11DB0F4,2,41.36,83.95,57.82,37.04,3.12,3.0,0.0,82.75,Low Risk
STU-B23F15B6,1,38.48,45.67,96.23,47.52,1.84,2.0,6.0,68.1,Medium Risk
STU-7451232F,2,72.75,60.97,28.06,78.29,2.81,1.0,5.0,66.47,Medium Risk
STU-99AEBD87,1,87.69,79.52,94.78,89.26,1.1,4.0,0.0,77.79,Low Risk
STU-E836693C,1,37.35,51.67,62.77,89.05,1.32,1.0,1.0,74.45,Low Risk
STU-EBABC15E,4,71.83,30.41,99.46,45.51,2.09,1.0,6.0,60.37,Medium Risk
STU-0AC49F94,1,59.16,74.36,63.72,95.37,1.81,7.0,0.0,90.26,Medium Risk
STU-E2785981,3,93.01,85.37,70.79,68.82,2.06,1.0,7.0,76.35,Medium Risk
STU-9242D7D4,1,44.45,21.02,78.71,86.6,3.79,7.0,1.0,64.35,Low Risk
STU-9064903A,1,71.62,65.0,84.85,93.36,1.22,7.0,6.0,74.83,High Risk
STU-DCDFE07E,2,98.11,57.55,55.59,31.02,2.39,0.0,3.0,44.23,Medium Risk
STU-98D46289,1,57.43,40.77,72.68,54.93,1.59,4.0,0.0,99.96,Low Risk
STU-6524E4AA,1,83.22,32.88,67.27,62.9,2.07,8.0,7.0,54.89,High Risk
STU-210B2FE5,4,92.36,35.04,49.6,82.22,3.03,7.0,0.0,55.37,Low Risk
STU-BB9F46B5,1,47.1,78.0,84.77,46.1,3.92,9.0,4.0,48.22,Medium Risk
STU-C16B1E74,1,99.51,62.9,31.36,28.94,3.08,8.0,1.0,42.33,Medium Risk
STU-098AF677,4,87.61,98.49,29.21,76.89,3.65,2.0,4.0,96.88,Low Risk
STU-7C6D25EF,2,43.94,39.46,77.6,63.31,1.44,1.0,2.0,97.44,Medium Risk
STU-2D8C684F,3,55.21,96.55,69.19,90.85,1.54,0.0,6.0,95.57,Medium Risk
STU-0DCAEE4C,1,75.62,61.21,42.0,68.95,3.63,7.0,5.0,42.44,Medium Risk
STU-9A7F9003,1,92.52,31.68,68.99,11.51,2.82,7.0,4.0,67.63,Medium Risk
STU-25AE722E,3,47.66,31.85,80.51,97.0,3.38,7.0,6.0,30.68,Medium Risk
STU-D98F1A1A,4,82.53,68.69,33.44,63.38,1.67,2.0,7.0,76.33,High Risk
STU-39A7525E,1,52.59,86.51,64.42,63.63,2.05,0.0,6.0,38.15,Medium Risk
STU-33FC8B85,2,87.35,79.82,85.1,91.83,1.24,8.0,0.0,73.33,Low Risk
STU-26F82336,1,79.42,72.45,49.96,69.74,3.69,6.0,7.0,75.91,High Risk
STU-C36C1916,1,68.99,33.77,63.6,53.14,3.87,5.0,6.0,99.71,Medium Risk
STU-0D485E57,4,77.24,28.67,21.68,19.66,3.57,6.0,7.0,81.81,High Risk
STU-4CD5D4E8,1,91.97,20.02,85.59,96.6,2.31,5.0,0.0,64.08,Low Risk
STU-8B0E9F74,4,60.12,28.14,82.67,17.06,2.02,3.0,2.0,56.7,Medium Risk
STU-23957FEC,1,85.0,81.31,53.78,25.33,2.39,1.0,1.0,19.8,Low Risk
STU-6AC82569,4,45.33,91.62,25.14,83.76,2.91,0.0,7.0,95.34,Medium Risk
STU-38116CB3,2,80.58,39.23,71.13,54.14,2.29,8.0,1.0,30.56,Medium Risk
STU-8E1196BF,4,83.79,83.59,63.7,26.04,2.26,1.0,5.0,18.49,Low Risk
STU-26A9D896,1,63.79,35.91,93.16,35.75,2.29,5.0,1.0,44.72,Low Risk
STU-7C442264,3,86.59,39.94,38.78,99.46,3.23,7.0,7.0,34.53,Medium Risk
STU-B738154F,3,71.21,37.93,17.75,62.56,3.36,6.0,2.0,56.22,Medium Risk
STU-022ABF9A,2,95.86,24.14,36.65,46.15,3.61,8.0,3.0,93.56,Medium Risk
STU-AD984EF4,4,42.31,35.52,51.37,88.86,1.73,8.0,3.0,96.28,High Risk
STU-4BD4748A,3,43.5,49.88,28.21,53.17,1.47,3.0,2.0,39.31,Medium Risk
STU-EA8C205D,4,89.76,52.44,98.28,37.71,2.04,8.0,4.0,92.31,Medium Risk
STU-B69D21EA,2,89.75,44.76,33.9,24.78,2.26,9.0,2.0,91.59,High Risk
STU-5EBAC33F,3,65.63,61.18,72.62,77.0,3.11,1.0,7.0,52.29,Medium Risk
STU-C64F38DB,4,97.66,50.24,53.6,63.66,3.27,0.0,3.0,61.09,Low Risk
STU-2226F6BF,1,79.16,97.63,62.19,18.31,3.95,5.0,5.0,19.17,Medium Risk
STU-6FC2D30B,2,98.89,84.59,94.28,63.25,2.13,3.0,5.0,16.77,Low Risk
STU-8A0E8796,4,69.61,94.48,60.18,24.35,2.21,3.0,3.0,28.1,Medium Risk
STU-218EFD1E,2,48.1,64.59,40.94,98.35,2.63,9.0,4.0,59.47,Medium Risk
STU-0D04BA81,1,63.89,74.27,33.77,33.37,3.46,9.0,0.0,55.08,Medium Risk
STU-ED1CCD7A,2,98.73,33.33,90.82,72.64,2.98,0.0,0.0,16.07,Low Risk
STU-8DBA0EEF,4,59.08,80.22,98.87,69.04,2.72,5.0,0.0,24.47,Low Risk
STU-E2FA3792,4,97.21,38.88,36.41,72.22,2.94,2.0,1.0,50.65,Low Risk
STU-CD5053D4,4,86.81,31.67,76.36,48.7,2.39,6.0,3.0,83.59,Medium Risk
STU-7844ED34,3,63.74,23.35,57.99,16.69,3.28,0.0,6.0,61.0,Medium Risk
STU-F01BBCCF,2,70.22,57.78,74.38,98.2,1.23,7.0,6.0,73.47,Medium Risk
STU-B9674E52,1,74.48,42.94,96.96,27.24,2.53,8.0,2.0,53.67,Medium Risk
STU-D9DF7447,1,78.27,98.94,38.47,79.27,3.42,3.0,6.0,47.25,Medium Risk
STU-0AF37857,1,39.99,39.99,77.9,22.38,1.91,4.0,4.0,92.24,Medium Risk
STU-6BEC54ED,1,95.68,89.32,52.23,35.31,3.53,7.0,6.0,85.49,Medium Risk
STU-7062DAD4,4,73.8,45.32,70.47,60.39,3.35,4.0,3.0,31.95,Medium Risk
STU-5527DF4F,4,95.52,79.93,49.57,47.21,2.74,9.0,0.0,84.22,Low Risk
STU-B4E995C3,3,76.07,72.79,75.21,96.24,1.76,3.0,7.0,36.41,Medium Risk
STU-FD23DCC8,4,63.02,64.94,43.69,86.29,3.58,4.0,4.0,18.32,Medium Risk
STU-7B69F93C,4,71.85,53.35,56.51,92.96,1.09,1.0,2.0,81.92,Medium Risk
STU-ACD26122,3,88.92,73.69,75.25,67.66,2.78,9.0,6.0,28.06,High Risk
STU-6CF4DBB2,2,56.2,52.58,18.63,29.7,3.35,1.0,7.0,39.03,Medium Risk
STU-9E85F187,1,97.17,63.85,42.89,56.66,2.46,0.0,3.0,80.16,Low Risk
STU-49D1CC9B,2,65.29,67.18,61.43,78.9,1.31,3.0,2.0,56.23,Low Risk
STU-2A66F685,1,97.16,41.39,21.3,15.82,3.5,9.0,3.0,73.84,High Risk
STU-8065CF9D,2,92.25,47.18,74.77,87.68,3.73,7.0,3.0,17.49,Low Risk
STU-C33966E2,4,84.9,21.44,84.13,66.82,2.69,9.0,7.0,43.54,High Risk
STU-B8434548,2,65.38,88.17,28.88,75.12,3.36,9.0,0.0,45.17,Medium Risk
STU-A8600C84,1,73.15,80.48,77.34,72.49,2.83,9.0,7.0,35.8,High Risk
STU-7A67612A,3,89.47,34.68,69.93,86.3,2.72,9.0,4.0,46.9,Medium Risk
STU-5479A6EA,3,70.36,48.96,49.92,17.88,1.39,1.0,7.0,46.01,High Risk
STU-5B319D00,1,82.98,53.69,29.02,43.93,2.31,6.0,7.0,95.25,High Risk
STU-D11A9244,1,86.39,46.75,96.16,55.24,3.04,7.0,5.0,87.18,Medium Risk
STU-9E4C5353,4,68.35,83.86,54.44,59.19,2.36,9.0,5.0,84.81,High Risk
STU-52608F63,1,69.86,78.03,30.61,94.83,2.85,0.0,5.0,15.28,Medium Risk
STU-90E4BA67,4,47.86,81.37,76.04,13.82,3.68,2.0,0.0,46.07,Low Risk
STU-1A51757C,2,50.91,92.33,66.67,87.98,2.1,5.0,3.0,28.27,Medium Risk
STU-13A44274,2,93.82,67.61,84.38,59.67,3.49,6.0,0.0,41.03,Low Risk
STU-403AB0F9,2,89.62,69.16,99.67,59.92,1.09,4.0,3.0,29.34,Low Risk
STU-ED897585,3,35.66,77.75,18.81,38.83,3.56,6.0,6.0,21.22,High Risk
STU-7F487380,4,91.51,74.5,77.84,67.93,1.32,5.0,5.0,62.02,Medium Risk
STU-F9192CFE,1,36.64,89.59,99.08,68.18,1.96,6.0,5.0,79.58,Medium Risk
STU-72DDFB45,1,64.79,81.62,60.75,27.04,2.54,3.0,0.0,56.83,Low Risk
STU-8B64DA7B,1,39.38,29.64,75.83,70.93,2.95,1.0,6.0,39.39,Medium Risk
STU-0578077B,4,97.97,94.27,52.49,34.0,3.86,7.0,3.0,23.59,Medium Risk
STU-E0E8598E,2,98.2,74.65,45.33,71.99,1.92,0.0,5.0,88.15,Medium Risk
STU-D2103453,1,74.71,30.17,74.2,65.07,1.26,3.0,1.0,69.3,Medium Risk
STU-645CC3E3,2,60.49,81.76,98.99,74.44,2.38,3.0,1.0,27.91,Low Risk
STU-6626E84A,2,68.28,48.67,22.79,11.77,2.04,0.0,5.0,40.25,High Risk
STU-9FE471EA,4,84.55,84.48,50.88,21.28,2.8,7.0,2.0,81.59,Medium Risk
STU-E90003D6,3,49.51,96.43,94.95,85.62,3.77,5.0,3.0,79.64,Low Risk
STU-3530BEE8,1,63.71,40.42,24.59,44.27,2.93,1.0,0.0,71.43,Low Risk
STU-CC5E8CC9,1,82.92,88.59,70.33,85.3,2.73,3.0,3.0,22.92,Medium Risk
STU-9EC4A24B,2,60.7,81.88,51.56,15.64,1.74,6.0,0.0,69.81,Medium Risk
STU-06C9FCC3,1,37.08,73.69,47.04,79.24,1.79,8.0,2.0,66.88,Medium Risk
STU-6BA9CB38,3,67.98,50.79,32.8,17.54,2.31,6.0,5.0,66.84,High Risk
STU-05AC09B9,2,82.93,28.79,29.99,52.15,3.67,1.0,5.0,84.93,Medium Risk
STU-CE06A1D9,2,98.49,58.71,58.88,94.38,2.74,0.0,5.0,25.08,Low Risk
STU-103F796A,2,37.41,28.45,47.08,16.99,2.48,9.0,3.0,17.24,High Risk
STU-347FBC95,3,70.09,60.01,56.78,41.56,2.63,6.0,2.0,34.64,Medium Risk
STU-80E5B395,3,64.25,85.62,31.65,56.65,3.5,8.0,0.0,24.34,Medium Risk
STU-E629BE3D,4,50.76,99.81,44.77,90.95,3.03,1.0,4.0,79.89,Medium Risk
STU-A484AA45,3,76.45,35.84,99.7,39.93,3.78,2.0,5.0,21.66,Medium Risk
STU-A5FF340A,3,45.64,36.63,46.29,82.63,2.75,3.0,0.0,45.88,Low Risk
STU-D172B344,3,53.45,84.87,50.08,74.64,1.59,8.0,2.0,91.37,Medium Risk
STU-D94BA602,1,85.81,57.52,16.69,37.64,1.06,6.0,3.0,91.28,High Risk
STU-02159804,1,64.93,93.26,47.37,40.67,1.95,1.0,7.0,45.45,Medium Risk
STU-8E0BA0F9,4,99.59,81.52,79.89,27.19,1.19,3.0,7.0,66.42,High Risk
STU-A27CE944,4,60.12,78.91,58.83,72.37,2.22,3.0,3.0,31.74,Low Risk
STU-21137F1F,3,65.11,28.16,70.85,60.68,1.56,3.0,2.0,21.58,Medium Risk
STU-13C0B8EC,3,54.52,22.87,62.31,23.95,2.21,9.0,6.0,79.99,High Risk
STU-4E7D2A58,1,50.36,45.34,23.97,65.81,2.2,6.0,7.0,15.62,High Risk
STU-96088E60,2,94.95,37.38,43.23,54.88,1.83,5.0,3.0,85.45,Medium Risk
STU-6B51858B,4,83.67,76.98,74.01,18.33,2.96,1.0,6.0,43.62,Medium Risk
STU-49762687,4,56.67,56.06,61.57,95.83,2.3,9.0,1.0,26.25,Medium Risk
STU-855FB2F0,2,80.51,61.85,72.37,85.13,3.68,1.0,5.0,57.98,Low Risk
STU-B56C5608,2,97.78,85.1,45.62,16.39,1.23,2.0,4.0,97.67,Medium Risk
STU-17190053,2,39.81,58.28,31.46,93.81,2.23,9.0,2.0,77.54,High Risk
STU-3EAC4554,2,52.19,63.59,85.53,92.5,3.33,0.0,4.0,79.61,Low Risk
STU-CEB82BD8,2,48.04,87.39,46.99,13.8,2.48,8.0,2.0,49.6,Medium Risk
STU-9DAEB763,3,91.54,54.51,70.68,28.13,3.9,6.0,4.0,53.25,Low Risk
STU-30B901E0,1,46.65,26.65,47.41,73.22,1.52,6.0,0.0,86.71,Medium Risk
STU-93EF95C4,3,55.02,61.74,93.82,94.11,1.95,8.0,2.0,22.15,Medium Risk
STU-97C45147,3,70.35,66.35,99.31,84.08,1.35,6.0,7.0,19.66,High Risk
STU-F4AA5ED9,4,75.37,60.94,70.16,35.37,1.74,0.0,3.0,73.59,Medium Risk
STU-27A94D7B,4,87.53,40.64,66.18,13.01,3.02,3.0,4.0,38.17,Medium Risk
STU-AF360F6E,3,61.48,37.9,86.47,52.56,2.46,8.0,0.0,99.94,Medium Risk
STU-9FE6B5E4,3,69.73,49.58,58.88,18.28,1.49,5.0,0.0,99.52,Medium Risk
STU-017FAEC9,2,97.76,33.3,88.91,32.08,2.42,7.0,6.0,69.63,Medium Risk
STU-B38CF3FA,4,54.33,73.28,50.1,67.61,3.54,2.0,5.0,54.34,Low Risk
STU-AFEE8B36,1,51.13,69.17,17.71,54.55,2.32,5.0,0.0,15.66,Medium Risk
STU-C3CC7C0D,4,81.19,70.59,93.76,43.9,1.04,3.0,3.0,66.16,Medium Risk
STU-A42063B4,1,85.12,37.98,76.33,93.7,1.16,7.0,0.0,22.6,Medium Risk
STU-5836EC05,1,61.96,39.72,58.42,27.37,2.31,2.0,4.0,91.84,Medium Risk
STU-A32D2ED6,2,48.84,82.99,95.32,53.87,2.78,4.0,6.0,24.75,Medium Risk
STU-D41EA47F,3,85.63,75.21,90.38,61.61,3.66,1.0,3.0,23.44,Low Risk
STU-8188EB25,1,78.58,90.01,24.22,38.97,3.95,6.0,5.0,76.21,Medium Risk
STU-AF0FFAEA,3,91.95,52.28,68.07,73.48,3.94,8.0,7.0,28.0,Medium Risk
STU-B9A3FC93,4,89.88,63.79,60.74,88.06,2.67,4.0,2.0,64.82,Low Risk
STU-15275C84,1,48.34,79.1,81.0,58.73,1.11,8.0,3.0,82.63,Medium Risk
STU-A6F8B348,3,89.1,97.93,40.57,80.32,1.64,1.0,2.0,15.19,Medium Risk
STU-F22FC3D2,2,46.39,99.17,15.69,15.49,2.3,7.0,7.0,27.95,High Risk
STU-F7CF6AB1,2,91.14,99.93,30.76,23.84,3.64,2.0,2.0,30.14,Low Risk
STU-98B811D3,3,85.07,91.24,32.93,51.58,1.06,9.0,2.0,62.1,Medium Risk
STU-A24F9AD8,2,72.04,71.17,39.77,92.89,2.53,4.0,2.0,82.86,Low Risk
STU-399797A2,4,76.74,20.56,46.48,57.84,2.96,2.0,7.0,88.13,Medium Risk
STU-F8375E04,3,41.77,75.96,75.06,48.91,1.86,4.0,7.0,20.34,High Risk
STU-4B6E2346,4,37.59,39.09,21.31,64.01,1.95,4.0,7.0,58.22,High Risk
STU-53F620C1,3,56.49,24.57,56.36,21.2,2.17,0.0,6.0,88.92,Medium Risk
STU-48D1C1A4,4,88.39,75.77,57.38,68.83,1.82,7.0,5.0,21.05,Medium Risk
STU-62B1B9C7,1,65.28,80.48,67.35,18.46,2.31,6.0,7.0,17.2,High Risk
STU-7A41B555,1,49.52,72.75,41.4,61.91,1.47,7.0,6.0,19.0,High Risk
STU-27ADDD0B,2,89.25,49.21,37.08,74.3,1.6,2.0,3.0,94.17,Low Risk
STU-395AE226,4,49.86,60.88,56.13,47.04,1.11,6.0,7.0,48.93,High Risk
STU-EE926BD3,1,88.01,94.8,71.07,91.98,2.23,6.0,6.0,20.12,Medium Risk
STU-B4748C7B,4,64.44,78.37,18.79,23.68,3.12,1.0,5.0,99.66,Medium Risk
STU-9EDB6F1B,1,65.13,60.37,39.95,25.39,2.52,2.0,7.0,96.12,Medium Risk
STU-95D266BF,1,52.73,67.48,81.92,56.52,2.59,5.0,5.0,50.52,Medium Risk
STU-187371D0,1,93.51,94.21,56.16,93.85,2.35,3.0,1.0,23.77,Low Risk
STU-96945009,3,40.77,51.5,95.91,45.16,2.75,3.0,6.0,78.19,Medium Risk
STU-B208DD48,4,44.39,28.15,88.74,93.38,1.69,0.0,7.0,20.1,Medium Risk
STU-999FDD21,1,76.33,46.07,44.24,72.41,1.62,7.0,1.0,68.36,Medium Risk
STU-5B915714,3,90.26,53.22,76.73,80.43,3.83,1.0,7.0,79.74,Medium Risk
STU-E7603301,1,41.2,41.84,38.32,94.41,2.35,5.0,6.0,33.06,Medium Risk
STU-376ED5B6,3,82.69,62.32,29.9,61.51,3.48,9.0,6.0,95.19,High Risk
STU-3BC50C74,1,83.26,44.39,89.89,67.75,3.75,9.0,0.0,99.64,Low Risk
STU-F689BC8D,2,72.8,28.25,44.77,62.11,2.84,0.0,6.0,45.5,Medium Risk
STU-5D38F1F3,3,66.64,35.05,32.29,80.64,1.9,0.0,4.0,96.91,Medium Risk
STU-EBD188A5,3,55.87,93.45,97.02,34.61,3.04,9.0,4.0,34.69,Medium Risk
STU-A039749F,1,57.85,70.37,17.64,80.92,2.29,1.0,5.0,83.17,Medium Risk
STU-C37A0F4B,1,78.84,45.14,46.19,74.22,3.92,5.0,7.0,77.97,Medium Risk
STU-B6A89669,3,39.24,49.35,18.27,64.19,3.43,3.0,4.0,18.51,Medium Risk
STU-DABFDCD1,4,73.02,59.47,57.85,13.49,3.44,7.0,0.0,37.04,Low Risk
STU-3D22F0A4,4,53.12,73.85,49.1,79.71,2.77,6.0,7.0,47.7,High Risk
STU-00AD5100,4,65.33,66.57,76.26,21.92,1.03,3.0,4.0,16.24,High Risk
STU-B627A918,4,71.33,94.62,96.09,96.58,3.5,3.0,3.0,95.54,Low Risk
STU-D8742DB0,2,92.57,70.06,59.17,17.33,1.08,4.0,6.0,33.07,High Risk
STU-7FFA30DC,2,72.64,92.86,39.26,74.82,1.37,6.0,5.0,93.64,High Risk
STU-3C97C1D8,1,49.77,20.43,89.13,42.44,3.52,9.0,5.0,52.39,High Risk
STU-7B936146,2,40.16,91.24,66.39,76.21,1.66,8.0,1.0,25.83,Medium Risk
STU-C3BCEAE8,3,75.75,77.72,62.05,56.71,3.52,4.0,6.0,51.4,Medium Risk
STU-2E29B473,4,70.43,33.78,31.03,66.66,1.71,2.0,7.0,67.11,High Risk
STU-5896B2ED,1,78.67,41.04,18.45,16.79,3.31,8.0,5.0,55.35,High Risk
STU-AA767312,2,64.86,63.42,54.22,96.98,2.63,0.0,7.0,42.02,Medium Risk
STU-10360BD5,3,88.63,30.0,59.88,10.35,3.01,1.0,2.0,84.23,Low Risk
STU-2F465CD4,3,94.81,82.83,25.8,94.7,3.51,3.0,5.0,96.25,Low Risk
STU-E59DD3F8,1,37.6,83.29,20.05,61.14,3.95,5.0,5.0,23.1,Medium Risk
STU-369E5D18,4,83.37,44.08,33.37,33.24,1.26,2.0,5.0,61.69,High Risk
STU-AC603DCF,1,37.29,25.59,20.36,67.4,3.06,9.0,4.0,42.06,High Risk
STU-952D3628,4,63.93,99.11,19.77,70.56,3.88,2.0,0.0,78.48,Low Risk
STU-FEB94FEC,4,65.0,40.06,52.75,75.73,2.12,8.0,6.0,68.96,High Risk
STU-E3F29D25,2,80.25,25.4,83.87,11.48,2.0,2.0,0.0,17.35,Medium Risk
STU-E53E9B7A,2,57.91,46.4,71.44,98.45,3.04,4.0,7.0,68.99,Medium Risk
STU-2B76DC72,3,88.36,97.52,72.75,65.61,2.21,2.0,3.0,76.57,Low Risk
STU-C3ACA9A9,2,57.29,83.43,37.31,43.98,1.64,0.0,2.0,80.5,Low Risk
STU-196D2A1E,1,57.26,58.43,15.94,61.36,1.48,4.0,2.0,90.73,Medium Risk
STU-5B1C3055,4,49.48,44.43,53.3,26.06,1.58,4.0,7.0,95.35,High Risk
STU-D6D4CE93,2,79.45,53.86,47.06,32.25,3.11,2.0,7.0,37.68,Medium Risk
STU-86DDFD55,1,39.98,21.39,95.51,17.72,3.76,8.0,0.0,71.22,Medium Risk
STU-A43BFFB3,3,58.6,77.47,21.12,89.13,3.42,9.0,4.0,62.34,Medium Risk
STU-CF84E87D,1,52.35,27.97,81.0,32.64,2.34,3.0,7.0,84.82,Medium Risk
STU-7EDB3C3A,1,49.91,61.52,47.76,76.57,2.59,2.0,5.0,18.24,Medium Risk
STU-B323EC1C,2,38.96,65.27,85.52,34.68,2.86,4.0,3.0,49.82,Medium Risk
STU-9AE973F7,2,47.37,20.14,57.07,23.14,2.74,6.0,5.0,44.12,High Risk
STU-9EA205C7,3,64.01,98.39,84.74,19.73,3.91,1.0,3.0,70.49,Low Risk
STU-925E4081,4,67.74,44.17,54.68,87.42,3.66,4.0,7.0,50.53,Medium Risk
STU-6F2D00E1,4,52.52,26.18,49.16,20.78,1.13,2.0,2.0,48.46,Medium Risk
STU-99D6F2B7,1,77.27,88.35,96.92,17.84,3.51,8.0,3.0,46.92,Medium Risk
STU-33CB7ACF,1,56.83,32.16,46.35,10.84,1.34,7.0,5.0,85.19,High Risk
STU-A5B578DB,3,58.87,22.0,83.45,42.98,3.07,8.0,1.0,56.09,Medium Risk
STU-A264E2B1,3,85.87,59.58,20.7,94.84,1.86,5.0,2.0,48.96,Medium Risk
STU-CB106794,4,70.88,30.39,20.33,91.78,3.32,3.0,6.0,88.59,Medium Risk
STU-DD3AD4C5,3,96.96,98.59,52.24,20.35,1.03,8.0,0.0,15.15,Medium Risk
STU-47424BCE,1,58.35,20.83,64.77,11.12,2.15,3.0,6.0,42.09,High Risk
STU-3A4FEF75,2,88.81,24.1,66.73,77.59,1.06,3.0,3.0,72.28,Medium Risk
STU-9CDBD982,4,82.99,86.66,18.09,37.58,3.86,1.0,2.0,23.89,Low Risk
STU-1ED16ECE,4,92.86,39.18,74.22,85.12,1.05,0.0,6.0,64.26,Low Risk
STU-91870310,1,97.19,92.93,26.04,29.39,1.47,9.0,4.0,53.18,High Risk
STU-4CB767E8,2,35.5,44.89,96.2,54.3,2.62,3.0,4.0,71.87,Medium Risk
STU-C4F8747E,1,40.74,25.58,43.35,12.97,2.94,5.0,5.0,60.12,High Risk
STU-BA2BC477,2,78.83,20.85,37.22,90.52,3.19,3.0,7.0,31.55,Medium Risk
STU-30DBF436,1,60.36,42.61,39.76,26.02,1.74,3.0,1.0,26.28,Medium Risk
STU-8D37A04A,4,88.24,57.9,94.68,36.52,1.9,1.0,5.0,41.05,Medium Risk
STU-F9CC372C,3,35.78,20.08,56.04,53.17,1.72,2.0,0.0,95.12,Low Risk
STU-F73E46BC,4,87.45,66.49,51.95,34.41,1.73,2.0,4.0,32.86,Medium Risk
STU-8E21CD22,4,43.79,46.69,63.1,13.61,3.35,6.0,6.0,54.21,High Risk
STU-02AAA4AC,1,53.87,51.21,94.11,12.62,3.84,3.0,2.0,95.76,Medium Risk
STU-9A6DD5E4,3,97.99,40.91,41.21,95.97,2.79,2.0,3.0,32.17,Low Risk
STU-986B362B,4,38.35,62.32,30.37,39.29,1.47,4.0,4.0,35.79,High Risk
STU-C7D197A4,3,57.69,38.41,65.62,40.1,1.2,3.0,6.0,55.65,High Risk
STU-108F73CD,3,40.49,30.79,56.79,93.06,1.72,0.0,4.0,23.93,Medium Risk
STU-89F90F16,2,90.48,91.25,20.27,85.25,1.53,5.0,1.0,21.81,Medium Risk
STU-86535114,3,80.7,51.24,59.36,71.82,2.74,4.0,5.0,40.71,Medium Risk
STU-6F423F03,2,87.02,26.15,62.81,69.27,3.09,6.0,5.0,27.15,Medium Risk
STU-9124F3C4,2,69.27,38.43,74.0,82.1,1.01,7.0,3.0,51.27,Medium Risk
STU-C33AF2AE,1,58.25,44.8,99.62,25.2,2.32,2.0,5.0,24.22,Medium Risk
STU-2442A5AA,1,35.15,81.57,50.83,69.78,2.87,3.0,3.0,64.93,Low Risk
STU-35A6BCA0,1,53.07,21.78,58.37,18.86,1.58,4.0,4.0,56.87,High Risk
STU-1E1F995A,1,68.45,58.26,21.38,21.39,3.7,7.0,7.0,65.36,High Risk
STU-93AACFEE,2,78.18,52.62,85.68,31.85,2.65,9.0,3.0,91.57,Medium Risk
STU-25BC7459,1,49.88,97.47,23.34,73.88,2.04,6.0,0.0,44.34,Low Risk
STU-09050AF3,1,44.03,34.41,94.38,90.33,1.06,6.0,6.0,37.81,High Risk
STU-1F3C4B90,3,48.1,70.23,44.62,72.17,2.45,4.0,0.0,63.81,Low Risk
STU-EDC90769,3,58.01,36.18,43.69,47.5,2.01,3.0,4.0,36.0,Medium Risk
STU-B21AAEDC,3,44.64,63.87,42.93,56.23,3.91,0.0,4.0,20.65,Medium Risk
STU-1EF3D5C1,4,45.19,64.41,95.79,74.11,2.14,5.0,0.0,19.99,Medium Risk
STU-96B8E1D1,1,37.84,26.03,98.31,65.2,3.76,8.0,5.0,20.63,Medium Risk
STU-70A0430D,1,90.69,56.52,97.73,57.65,3.06,1.0,3.0,35.18,Low Risk
STU-3C1ED9F8,2,49.28,56.89,74.91,31.31,1.22,0.0,1.0,77.03,Medium Risk
STU-003D9BBF,4,88.42,45.53,24.44,65.53,3.8,9.0,1.0,28.09,Medium Risk
STU-F6D44317,3,63.49,42.17,47.84,11.68,1.51,4.0,6.0,36.91,High Risk
STU-09C73220,2,76.11,37.94,39.59,60.4,2.34,3.0,1.0,88.08,Medium Risk
STU-03E4D9F0,1,39.92,20.48,75.21,83.87,3.77,3.0,3.0,52.13,Medium Risk
STU-0153DB60,3,72.93,20.15,56.88,26.18,3.49,0.0,1.0,18.51,Low Risk
STU-5D02894D,1,53.85,67.18,67.4,20.28,2.46,0.0,0.0,36.03,Low Risk
STU-83A5BC1F,2,41.19,43.32,15.74,97.32,1.62,0.0,3.0,40.59,Medium Risk
STU-FB2B7DE8,4,94.04,33.43,81.54,85.91,2.53,7.0,0.0,30.74,Low Risk
STU-1D4D361D,3,74.24,74.78,95.92,37.18,2.64,0.0,5.0,97.19,Low Risk
STU-71C7FA53,4,50.71,62.31,71.9,28.77,3.99,4.0,6.0,49.55,Medium Risk
STU-A7B65085,2,62.28,93.2,87.41,40.06,3.47,9.0,5.0,48.63,Medium Risk
STU-675CD2E4,3,58.2,86.48,55.65,48.81,3.58,5.0,3.0,98.1,Low Risk
STU-6F565E8D,4,80.54,78.14,16.72,83.9,3.96,6.0,1.0,61.66,Low Risk
STU-8BA54151,3,74.48,30.13,99.19,31.53,2.57,4.0,1.0,22.01,Low Risk
STU-03F40BFF,3,36.29,73.29,20.0,74.88,2.76,8.0,4.0,52.7,High Risk
STU-7028E18B,3,47.86,75.51,31.39,93.64,2.36,0.0,2.0,70.62,Low Risk
STU-DBE9EF45,4,66.08,81.07,19.46,44.16,1.38,6.0,6.0,63.47,High Risk
STU-FAF720C7,1,63.96,41.05,68.12,12.34,2.58,5.0,0.0,86.84,Medium Risk
STU-E13569EE,2,68.58,71.22,64.57,84.49,2.75,8.0,1.0,96.84,Low Risk
STU-7996205B,2,81.46,69.46,32.82,73.76,1.71,5.0,3.0,19.99,Medium Risk
STU-E5BBA287,4,79.33,50.82,96.32,23.42,3.35,1.0,7.0,36.7,Medium Risk
STU-31715335,4,59.23,73.08,92.65,63.72,1.37,8.0,6.0,91.47,High Risk
STU-8CB02AA8,1,92.04,26.94,38.78,84.23,2.51,3.0,6.0,89.13,Medium Risk
STU-BAD3D375,1,39.09,71.48,71.0,26.29,2.99,8.0,6.0,16.37,High Risk
STU-9BBFEAD4,4,72.99,68.48,87.69,30.06,1.16,2.0,4.0,64.1,Medium Risk
STU-66AC6D3A,2,96.73,36.85,45.58,28.16,3.41,2.0,0.0,42.16,Low Risk
STU-D3D7893D,1,70.69,85.46,36.55,99.78,1.91,4.0,1.0,60.1,Medium Risk
STU-DDDDD664,1,64.58,89.95,36.78,30.66,3.15,7.0,4.0,33.7,High Risk
STU-C30CE4F5,1,43.7,36.84,84.74,34.02,1.32,8.0,1.0,74.99,High Risk
STU-407834CE,3,87.66,26.08,54.36,14.31,2.86,3.0,1.0,43.17,Medium Risk
STU-FC582C77,2,59.3,68.29,75.8,98.5,2.67,7.0,1.0,69.58,Low Risk
STU-A30DE450,2,80.58,58.39,70.28,32.21,1.45,9.0,7.0,21.4,High Risk
STU-A8AE1C91,4,47.84,54.21,41.03,75.27,2.87,4.0,4.0,96.85,Medium Risk
STU-0A7E8B42,1,37.72,80.88,32.69,12.37,3.07,8.0,5.0,36.54,High Risk
STU-201636DA,1,54.86,97.57,25.69,80.51,2.5,2.0,5.0,49.65,Medium Risk
STU-C5EA6A20,4,53.29,58.21,17.03,77.55,2.74,7.0,2.0,47.38,Medium Risk
STU-627F481C,3,91.78,20.49,21.91,17.57,3.66,4.0,1.0,65.66,Medium Risk
STU-FDCF164E,1,91.2,67.7,36.78,21.03,3.09,7.0,7.0,24.02,High Risk
STU-F578C9C8,2,69.7,72.32,75.66,36.56,3.72,9.0,0.0,43.37,Medium Risk
STU-5CD43950,2,36.23,86.24,28.17,41.92,2.66,0.0,5.0,89.86,Medium Risk
STU-3573644C,3,49.84,35.95,59.49,80.51,1.52,8.0,5.0,48.81,High Risk
STU-F647696E,1,76.54,61.95,35.84,15.51,1.74,4.0,4.0,35.2,High Risk
STU-8350BBDB,2,41.59,55.77,58.5,68.52,1.53,2.0,1.0,91.76,Medium Risk
STU-CA849CDA,1,80.54,73.16,78.75,30.57,2.01,1.0,6.0,64.64,Medium Risk
STU-96B5F7F6,4,35.78,25.12,37.61,44.42,2.43,2.0,5.0,50.39,Medium Risk
STU-429DC38F,2,79.36,90.72,44.57,10.2,1.77,0.0,4.0,94.74,Medium Risk
STU-A0615C21,2,89.9,60.89,76.46,36.2,2.43,5.0,0.0,74.35,Medium Risk
STU-4998E56B,1,65.5,90.16,61.44,25.42,2.09,6.0,5.0,71.91,High Risk
STU-88D8FD93,1,88.89,47.22,23.04,55.36,2.67,9.0,7.0,42.84,High Risk
STU-86C02700,3,85.8,72.28,79.44,24.24,2.29,6.0,7.0,62.58,High Risk
STU-74B117AF,3,78.64,96.54,38.58,85.22,2.3,1.0,0.0,54.92,Low Risk
STU-8DE6B824,3,63.93,95.47,47.73,89.46,2.47,2.0,7.0,48.93,Medium Risk
STU-E24FBFFB,3,52.67,95.53,35.84,86.08,3.96,3.0,7.0,15.56,Medium Risk
STU-07692174,1,90.96,23.44,61.19,98.36,2.67,9.0,3.0,39.99,Medium Risk
STU-76BF184C,3,77.16,52.24,75.16,92.32,3.17,6.0,6.0,98.25,Medium Risk
STU-83B4FB05,1,86.87,24.86,83.27,35.18,2.25,9.0,3.0,81.33,High Risk
STU-53D4B851,1,70.88,44.76,93.38,38.3,1.98,7.0,2.0,67.27,Medium Risk
STU-44F50DE2,3,46.17,33.97,45.53,57.94,3.75,8.0,6.0,50.43,High Risk
STU-8AFBE793,4,98.66,69.61,94.27,44.65,3.23,5.0,3.0,21.54,Low Risk
STU-F0DACB1F,3,46.88,82.46,67.44,97.29,2.75,6.0,4.0,66.8,Medium Risk
STU-984F27E3,4,94.23,61.07,48.12,40.56,2.01,7.0,5.0,38.15,High Risk
STU-E9E9F7D8,4,48.53,83.64,90.42,76.61,1.77,6.0,3.0,63.97,Medium Risk
STU-9DA53B27,1,59.29,21.03,64.27,61.78,1.76,6.0,7.0,95.49,High Risk
STU-9C3D64BD,4,63.61,85.64,53.61,96.08,2.51,8.0,4.0,81.81,Medium Risk
STU-F06E868E,3,94.89,34.27,15.98,77.01,3.62,9.0,6.0,96.65,Medium Risk
STU-64A70B80,4,92.73,56.87,75.99,37.33,3.64,5.0,7.0,86.21,Medium Risk
STU-97E2C383,3,88.51,55.41,21.57,27.74,3.23,0.0,4.0,22.45,Low Risk
STU-C6D1B62E,3,59.48,89.85,39.6,86.92,2.63,2.0,2.0,23.24,Low Risk
STU-7E1F188D,3,35.29,97.28,96.74,91.99,1.7,4.0,4.0,72.56,Medium Risk
STU-57F2DE8D,2,79.3,40.41,28.19,84.8,2.44,8.0,3.0,70.79,Medium Risk
STU-21AE3AA6,4,61.71,25.39,41.5,76.37,3.08,0.0,5.0,47.29,Medium Risk
STU-9E9768E3,1,84.21,72.04,94.25,38.96,2.79,1.0,5.0,19.56,Medium Risk
STU-3C8791AC,2,86.67,60.23,43.7,55.48,2.54,2.0,3.0,75.67,Low Risk
STU-C20A638B,1,63.58,65.26,42.94,92.41,2.28,3.0,1.0,23.92,Medium Risk
STU-B478CA30,1,83.63,23.7,70.08,22.14,3.26,5.0,7.0,69.01,Medium Risk
STU-DAFC8054,1,89.6,82.02,26.17,54.54,3.53,6.0,5.0,19.09,Medium Risk
STU-9206A612,1,95.35,38.59,97.68,42.0,3.17,6.0,6.0,30.46,Medium Risk
STU-BD808BA1,2,72.86,46.79,38.38,70.97,3.81,1.0,6.0,62.3,Low Risk
STU-9A77C768,2,85.6,38.27,81.78,67.07,3.34,2.0,2.0,65.77,Low Risk
STU-5C46DFED,1,67.15,95.68,39.45,60.41,2.35,0.0,0.0,72.12,Low Risk
STU-50151B63,1,37.71,33.5,38.41,35.17,2.85,0.0,0.0,24.41,Low Risk
STU-A983CD0C,4,45.09,78.59,19.89,24.36,2.51,5.0,1.0,52.79,Medium Risk
STU-BDBBAE2C,1,43.33,39.66,25.14,80.59,2.64,3.0,3.0,26.38,Medium Risk
STU-9EED31BF,2,46.16,53.99,59.37,99.26,3.69,9.0,7.0,94.59,Medium Risk
STU-CC46B2F7,1,35.66,99.68,64.03,25.22,1.9,3.0,2.0,85.92,Low Risk
STU-CFE57015,1,90.82,28.05,84.35,16.82,1.04,8.0,3.0,63.01,High Risk
STU-33DA0283,3,71.41,90.51,20.12,77.12,3.09,7.0,5.0,51.61,Medium Risk
STU-0CB490C2,2,59.9,95.68,45.27,40.95,1.54,2.0,1.0,42.61,Medium Risk
STU-AB10AC72,2,61.64,75.86,32.01,29.17,1.46,2.0,0.0,81.79,Medium Risk
STU-91EC22FE,1,65.12,20.8,45.42,57.26,3.98,7.0,6.0,58.33,High Risk
STU-73B76E95,3,39.8,85.66,45.12,70.77,1.8,1.0,2.0,16.03,Medium Risk
STU-ECF740AC,3,52.85,90.58,45.11,29.34,1.61,9.0,7.0,63.48,High Risk
STU-35076F52,1,90.36,98.47,41.32,99.51,1.57,4.0,7.0,87.85,Medium Risk
STU-35DF6BAA,1,83.34,87.15,79.94,39.54,2.24,5.0,5.0,66.56,Medium Risk
STU-ECBE876D,1,71.62,55.65,73.63,38.35,2.23,4.0,3.0,20.99,Medium Risk
STU-099BF25C,3,66.25,75.09,44.02,48.07,2.9,0.0,4.0,65.19,Low Risk
STU-A53E7E62,1,51.83,58.81,27.45,77.05,1.31,4.0,7.0,78.74,High Risk
STU-04DB3F42,2,65.63,48.24,59.05,88.59,2.91,8.0,4.0,77.77,Medium Risk
STU-30B8845D,1,73.86,70.11,93.1,39.16,2.36,9.0,4.0,61.03,Medium Risk
STU-6ABF7887,1,81.32,81.59,25.5,20.69,1.62,1.0,0.0,79.0,Low Risk
STU-73F7EE1C,1,45.83,70.87,79.01,33.05,3.33,2.0,6.0,25.02,Medium Risk
STU-EE29AA94,2,87.85,86.13,65.95,17.59,2.42,5.0,4.0,37.23,Medium Risk
STU-AC7FC011,1,57.48,34.11,65.03,66.73,3.15,2.0,4.0,34.3,Medium Risk
STU-11424A00,2,67.71,49.9,94.45,76.66,3.76,5.0,1.0,44.64,Low Risk
STU-10248E6B,3,74.51,45.01,96.25,48.63,2.06,6.0,7.0,69.12,High Risk
STU-8726B40C,2,66.73,35.53,35.73,95.75,3.69,2.0,5.0,58.69,Medium Risk
STU-5A077ADC,3,72.18,55.45,83.72,75.48,1.6,3.0,7.0,54.7,Medium Risk
STU-CC226674,3,42.25,95.83,67.77,44.17,1.67,5.0,1.0,62.93,Medium Risk
STU-ADA16BEC,3,63.09,63.04,49.75,19.2,2.99,0.0,1.0,49.07,Low Risk
STU-C652B533,4,53.23,42.91,71.58,54.43,1.31,0.0,7.0,97.01,High Risk
STU-1DBCE35E,1,40.59,48.32,96.26,55.35,2.36,4.0,3.0,16.13,Medium Risk
STU-B6189654,1,47.46,69.05,58.93,59.55,1.64,7.0,4.0,41.22,High Risk
STU-43000C63,3,74.16,48.22,94.91,71.42,2.71,0.0,5.0,98.77,Low Risk
STU-459E5628,3,47.78,63.07,69.65,33.79,3.42,0.0,6.0,93.52,Medium Risk
STU-A5FD9512,2,46.77,41.93,56.05,10.22,1.13,0.0,0.0,85.83,Medium Risk
STU-E176E9BF,1,70.93,47.67,69.75,83.16,2.24,9.0,4.0,28.18,Medium Risk
STU-7BD413F4,3,93.81,76.46,66.22,84.12,3.19,0.0,4.0,83.58,Low Risk
STU-55C65CBD,4,86.27,66.77,50.84,92.05,2.03,8.0,3.0,22.84,Medium Risk
STU-DAD0C3BD,2,93.83,27.48,62.81,97.21,1.13,1.0,1.0,21.63,Low Risk
STU-F06B86FB,4,72.89,97.85,74.78,24.33,2.77,5.0,6.0,21.88,Medium Risk
STU-3EED90AD,2,61.65,23.95,86.3,41.85,1.36,1.0,7.0,64.51,High Risk
STU-2AB7613D,1,82.43,26.64,40.87,86.62,2.11,4.0,4.0,73.64,Medium Risk
STU-5C6D1741,2,51.99,76.11,16.25,94.06,3.97,4.0,6.0,36.77,Medium Risk
STU-5EB21D9B,2,40.07,76.64,61.85,11.31,2.19,8.0,2.0,70.5,Medium Risk
STU-116C0E1E,3,57.4,21.51,56.59,44.88,3.53,3.0,2.0,53.94,Low Risk
STU-B2096508,2,54.45,71.42,19.61,20.2,3.58,5.0,1.0,97.75,Medium Risk
STU-B08A0DD5,2,78.91,22.66,68.76,80.96,1.79,3.0,6.0,44.25,Medium Risk
STU-F8F58692,1,70.84,96.86,95.02,77.24,2.79,5.0,6.0,73.07,Low Risk
STU-B1FA6A9C,1,43.99,75.69,49.19,77.89,3.84,2.0,5.0,25.87,Low Risk
STU-F066FBA1,2,94.05,34.93,91.02,45.12,2.82,3.0,1.0,19.99,Low Risk
STU-7DB2DBAC,4,73.57,32.65,84.11,46.56,3.44,8.0,4.0,68.2,Medium Risk
STU-E7E5E577,2,64.75,65.57,28.75,33.57,2.39,0.0,2.0,36.55,Medium Risk
STU-13BE48A3,4,95.92,70.68,81.92,42.48,3.16,6.0,0.0,92.77,Low Risk
STU-8BBB3CAA,2,41.32,86.5,58.92,98.48,1.07,2.0,0.0,16.34,Low Risk
STU-401F68C0,1,86.32,92.27,93.08,14.19,3.36,8.0,2.0,95.03,Medium Risk
STU-3B8490B3,1,58.7,51.4,31.1,39.16,3.02,6.0,1.0,16.74,Medium Risk
STU-590DB4F8,1,80.2,87.53,25.63,81.09,2.08,1.0,3.0,70.04,Medium Risk
STU-6339B77A,4,95.5,63.39,35.51,44.41,2.25,4.0,3.0,86.74,Medium Risk
STU-21CCE036,3,68.65,57.65,20.07,95.5,1.98,0.0,0.0,51.55,Low Risk
STU-502A9F6D,4,36.47,75.92,42.21,39.89,2.57,0.0,1.0,71.11,Low Risk
STU-CB432E7B,4,36.88,28.26,39.06,86.48,1.33,6.0,4.0,39.97,High Risk
STU-6B685AF3,3,56.49,41.23,50.38,83.36,3.53,6.0,2.0,54.5,Medium Risk
STU-6937D230,3,85.81,85.34,54.35,10.83,2.43,7.0,0.0,29.71,Medium Risk
STU-21AF6D6E,3,53.74,60.33,27.3,46.27,1.13,7.0,7.0,34.46,High Risk
STU-8BA39C58,3,56.74,92.64,67.65,35.26,2.66,6.0,3.0,91.01,Medium Risk
STU-097B2CE0,1,85.99,27.1,34.0,53.16,3.79,2.0,3.0,75.37,Medium Risk
STU-5747FBF4,2,42.55,45.07,25.36,51.65,1.26,2.0,7.0,86.58,High Risk
STU-E4DEB3A6,3,90.04,48.44,75.25,91.5,1.37,1.0,4.0,49.65,Medium Risk
STU-189A7798,1,52.28,53.82,16.93,26.52,2.16,0.0,4.0,25.85,Medium Risk
STU-28D2BB48,2,38.33,98.95,46.31,26.4,3.21,7.0,3.0,92.58,Medium Risk
STU-68AAF7F7,4,42.63,44.85,27.27,19.73,2.81,5.0,1.0,97.1,Medium Risk
STU-04BD854E,2,96.92,61.49,90.04,76.48,2.37,4.0,7.0,87.42,Medium Risk
STU-D524D962,3,64.34,62.89,85.08,92.61,3.98,0.0,3.0,62.86,Low Risk
STU-52928BAC,1,51.67,81.66,20.14,43.17,1.56,4.0,2.0,57.59,Medium Risk
STU-F8BEF5F8,4,68.88,61.43,61.79,15.56,3.47,9.0,1.0,91.06,Medium Risk
STU-3A09C71C,2,79.35,68.46,40.11,24.04,1.37,7.0,6.0,50.0,High Risk
STU-6FCA88A9,4,55.72,80.27,31.37,19.21,1.54,7.0,7.0,64.89,High Risk
STU-EF1C37AD,4,82.14,28.09,41.48,63.31,1.89,9.0,6.0,50.21,High Risk
STU-9DC9C657,4,51.4,97.08,84.35,35.41,3.62,5.0,4.0,21.68,Medium Risk
STU-D16E734B,1,42.3,87.7,19.92,90.77,2.33,1.0,5.0,90.32,Medium Risk
STU-8B717F66,2,70.73,51.1,70.1,24.61,2.19,1.0,7.0,76.39,Medium Risk
STU-83CE55A4,4,44.82,78.27,92.64,93.71,2.47,1.0,7.0,54.46,Medium Risk
STU-2ADA4B47,4,96.13,80.99,53.08,39.95,2.89,7.0,5.0,28.8,High Risk
STU-C4675679,4,35.03,88.02,91.63,88.06,2.27,7.0,6.0,30.04,High Risk
STU-F5FE384B,3,84.12,35.07,92.08,95.41,3.89,7.0,4.0,71.45,Low Risk
STU-BBD823BB,2,53.17,76.3,66.82,98.77,1.41,0.0,4.0,94.66,Medium Risk
STU-B9BFF153,1,90.0,22.67,53.75,82.32,2.43,8.0,2.0,51.42,Medium Risk
STU-1F731E41,4,38.91,29.25,77.7,19.15,2.25,9.0,4.0,52.81,High Risk
STU-A80D2CF9,3,96.95,82.09,92.88,14.98,3.08,3.0,1.0,73.28,Low Risk
STU-2B85C8BC,1,41.59,85.04,72.8,76.58,3.89,8.0,4.0,87.68,Medium Risk
STU-6FD2B40E,1,86.21,67.39,32.82,90.73,1.87,6.0,6.0,83.32,Medium Risk
STU-10428090,3,68.63,66.53,84.7,24.95,3.87,2.0,6.0,75.75,Medium Risk
STU-15D11964,3,62.98,79.96,95.88,94.7,3.48,9.0,7.0,37.02,Medium Risk
STU-76815587,1,53.21,92.49,49.87,64.92,3.43,9.0,5.0,29.59,High Risk
STU-B6D502CA,1,89.69,53.69,74.3,21.16,1.22,2.0,4.0,15.61,Medium Risk
STU-E90D6581,1,47.98,29.19,59.04,25.03,3.82,1.0,7.0,97.41,Medium Risk
STU-1E544991,1,81.88,87.12,24.52,15.94,3.52,6.0,3.0,51.85,Medium Risk
STU-A6E4F051,4,63.98,47.33,44.74,22.89,3.05,7.0,3.0,31.91,Medium Risk
STU-BEB17AD5,3,99.9,30.7,28.93,75.89,1.38,0.0,2.0,25.41,Low Risk
STU-52547EA2,3,74.74,69.17,72.25,29.69,2.26,6.0,1.0,27.71,Medium Risk
STU-2460909C,4,41.77,66.25,64.48,60.55,3.52,1.0,5.0,43.49,Low Risk
STU-56680E94,2,62.27,57.94,17.85,74.9,2.31,6.0,6.0,87.98,High Risk
STU-1DC52846,3,39.31,88.78,20.24,90.57,2.31,5.0,1.0,97.48,Low Risk
STU-482DC606,4,53.57,41.78,37.17,63.09,1.81,8.0,3.0,58.11,High Risk
STU-3B127351,3,57.32,21.06,78.31,61.27,1.15,6.0,1.0,42.07,High Risk
STU-DEAA1A71,2,90.46,45.88,25.78,92.15,2.54,8.0,4.0,29.91,Medium Risk
STU-B9554D99,3,89.47,20.78,32.41,36.54,3.32,4.0,2.0,39.43,Medium Risk
STU-F691BEAC,4,35.75,63.49,92.15,28.33,1.44,5.0,3.0,67.62,High Risk
STU-8EBEE641,1,69.6,50.26,61.42,88.55,3.68,5.0,7.0,95.35,Medium Risk
STU-16F305F0,1,49.53,85.12,67.77,16.71,2.67,2.0,6.0,56.75,Medium Risk
STU-1F56FC84,4,55.81,83.81,53.74,27.07,3.44,2.0,4.0,26.88,Medium Risk
STU-EF301132,4,36.41,54.77,40.48,47.01,3.0,0.0,3.0,95.43,Low Risk
STU-C41C2753,2,83.73,37.32,36.18,42.51,1.4,3.0,3.0,96.84,Medium Risk
STU-25916468,2,96.79,53.79,65.08,73.55,3.72,2.0,5.0,91.09,Low Risk
STU-6EE1ABDC,2,49.25,71.31,55.03,18.26,3.15,6.0,2.0,88.03,Medium Risk
STU-A884B3BF,2,57.22,35.22,49.26,52.94,1.11,5.0,6.0,81.08,High Risk
STU-18E5A7F2,4,48.42,81.84,74.02,82.77,2.74,8.0,6.0,25.72,High Risk
STU-5A061F98,1,95.45,46.44,49.35,71.5,2.44,9.0,2.0,42.81,Medium Risk
STU-D050C961,2,35.61,94.57,18.12,66.85,3.58,2.0,3.0,79.1,Low Risk
STU-2521BC6D,4,72.95,60.95,86.37,31.54,1.37,5.0,5.0,88.63,High Risk
STU-144AFC2C,2,91.6,87.77,42.06,45.43,2.77,8.0,4.0,34.33,Medium Risk
STU-264AF971,3,47.11,69.27,95.44,26.27,1.93,9.0,0.0,67.78,Medium Risk
STU-15421F5B,2,73.35,64.37,89.76,55.8,1.74,2.0,4.0,20.02,Medium Risk
STU-95682579,4,38.29,74.57,34.88,62.58,1.07,8.0,5.0,87.75,High Risk
STU-EB899C0C,4,87.95,84.92,97.07,66.81,2.0,2.0,1.0,44.53,Low Risk
STU-B7CB158B,2,52.84,71.56,87.55,88.84,2.19,0.0,3.0,31.71,Low Risk
STU-22D03DE8,4,99.27,83.78,98.73,15.56,2.34,2.0,3.0,86.2,Medium Risk
STU-9A7E4D20,4,94.93,35.24,72.63,44.95,3.2,4.0,7.0,29.5,Medium Risk
STU-F31427E8,4,82.61,42.2,94.11,63.19,2.21,7.0,7.0,54.16,Medium Risk
STU-CC6CB897,2,67.29,38.38,73.66,61.31,1.59,0.0,2.0,23.12,Medium Risk
STU-9BBE4ABC,2,84.83,83.86,87.68,11.95,2.19,3.0,1.0,52.82,Medium Risk
STU-CCF87054,2,43.49,26.89,66.89,27.04,1.21,9.0,0.0,93.55,High Risk
STU-81A53554,2,55.16,83.67,93.98,86.12,3.92,7.0,0.0,73.96,Low Risk
STU-135F7FA7,2,36.75,51.12,59.04,56.39,1.2,5.0,5.0,98.67,Medium Risk
STU-9A06A488,1,76.93,26.36,77.61,47.22,1.61,3.0,2.0,53.08,Medium Risk
STU-BC907ED5,3,87.36,53.95,92.94,91.02,2.28,2.0,0.0,90.58,Low Risk
STU-69EA1BBE,2,96.51,44.04,50.9,16.75,3.8,0.0,5.0,92.46,Low Risk
STU-B6F9908C,4,79.62,67.36,17.24,93.01,1.54,9.0,3.0,22.69,High Risk
STU-688B6FA0,4,82.59,57.8,24.61,12.5,2.2,7.0,0.0,98.22,Medium Risk
STU-D09F3526,2,93.2,43.74,97.61,60.64,3.97,1.0,7.0,90.84,Low Risk
STU-EB2806C8,2,95.86,88.98,89.22,59.96,2.81,6.0,6.0,68.24,Medium Risk
STU-ED8E4A81,3,66.93,52.55,56.09,67.52,2.84,2.0,0.0,60.6,Low Risk
STU-BD9A6914,1,42.14,57.66,96.68,12.67,3.92,4.0,4.0,47.74,Medium Risk
STU-57635F04,1,65.32,87.73,30.78,57.75,2.52,5.0,5.0,64.83,Medium Risk
STU-13E65336,4,71.14,27.12,24.43,20.23,1.01,2.0,0.0,77.61,Medium Risk
STU-4DF2F6D7,1,76.05,51.19,66.12,24.04,1.09,5.0,4.0,75.23,High Risk
STU-7AF5CF18,4,99.3,52.23,47.48,29.38,3.04,6.0,1.0,40.53,Medium Risk
STU-41CA3917,4,94.64,59.67,43.88,65.19,1.63,9.0,4.0,72.1,High Risk
STU-CF82CDD7,2,60.76,28.49,77.4,45.11,2.44,6.0,1.0,15.4,Medium Risk
STU-165AA417,4,42.37,28.21,27.75,17.68,2.65,1.0,2.0,29.44,Medium Risk
STU-844B06FF,2,48.96,53.31,81.17,36.01,3.0,1.0,3.0,27.91,Medium Risk
STU-DF8DEC19,4,46.3,22.64,45.55,16.9,1.25,2.0,2.0,77.99,High Risk
STU-3DC5B322,4,58.14,40.4,98.87,69.77,3.28,6.0,2.0,91.24,Medium Risk
STU-664357EB,1,91.97,36.09,83.74,60.17,3.76,0.0,2.0,22.34,Low Risk
STU-F6A39AE9,3,63.47,59.15,69.93,46.69,1.77,7.0,6.0,92.51,High Risk
STU-736F68A2,3,71.87,20.89,34.5,93.49,2.14,3.0,1.0,41.06,Medium Risk
STU-D2716159,1,46.65,74.06,96.3,56.69,3.23,5.0,5.0,67.93,Medium Risk
STU-A250E1B4,4,67.04,88.45,17.8,89.88,1.75,4.0,0.0,28.93,Medium Risk
STU-6B8E710B,2,91.79,76.54,33.98,62.12,2.63,0.0,4.0,49.24,Low Risk
STU-483D61EF,2,85.28,85.45,18.13,43.91,2.98,4.0,2.0,54.27,Medium Risk
STU-0B243440,1,40.28,71.47,97.15,58.51,3.64,4.0,2.0,46.84,Low Risk
STU-1147FBC2,3,91.03,60.59,89.07,23.67,2.04,6.0,0.0,84.88,Low Risk
STU-B45BF731,4,52.8,37.52,95.93,70.73,2.48,8.0,2.0,64.6,Medium Risk
STU-025B0609,3,78.27,42.37,75.78,98.39,1.55,8.0,1.0,57.17,Medium Risk
STU-D9633601,3,44.51,45.42,17.33,32.27,1.92,0.0,1.0,81.64,Medium Risk
STU-AD1B1F6E,3,78.85,23.04,94.18,39.09,1.28,4.0,6.0,75.3,High Risk
STU-719D3658,1,37.32,93.05,50.78,46.55,1.59,3.0,5.0,23.91,High Risk
STU-BDA54B23,2,74.04,92.02,46.3,53.51,2.04,6.0,0.0,59.02,Low Risk
STU-9BDF79E7,1,76.99,28.62,39.15,74.72,2.27,4.0,1.0,82.82,Medium Risk
STU-723802EF,1,50.89,64.54,39.38,22.3,3.12,1.0,6.0,69.23,Medium Risk
STU-0D327ACB,1,95.9,57.41,83.05,37.22,2.38,3.0,5.0,75.59,Medium Risk
STU-C60BDB19,4,37.99,74.67,36.79,58.48,1.15,9.0,6.0,63.73,High Risk
STU-8C6A1B89,4,92.96,68.24,33.88,63.06,3.27,3.0,2.0,93.88,Low Risk
STU-D174499F,1,59.82,29.95,74.33,58.3,2.6,9.0,5.0,58.73,Medium Risk
STU-716B8229,2,81.4,72.81,39.43,49.19,3.82,2.0,2.0,62.92,Low Risk
STU-32632DD9,1,77.35,68.71,16.12,74.03,2.91,4.0,3.0,89.73,Medium Risk
STU-812FFB0B,4,45.94,62.5,94.2,28.4,2.6,7.0,5.0,67.25,High Risk
STU-00438766,2,55.73,52.19,41.65,35.45,1.88,1.0,3.0,52.19,Medium Risk
STU-A78487DC,3,69.43,96.39,79.97,50.0,1.71,1.0,0.0,36.55,Low Risk
STU-D7C47D0C,2,90.02,87.96,54.86,72.6,1.69,8.0,2.0,97.07,Medium Risk
STU-CA950ACD,3,97.07,66.81,26.4,17.41,2.22,4.0,7.0,80.54,High Risk
STU-15B1BAF7,2,36.34,20.51,71.26,20.41,1.51,1.0,2.0,22.04,High Risk
STU-A231FDA6,1,57.92,54.57,34.68,80.42,3.53,1.0,6.0,25.65,Low Risk
STU-763003C2,1,78.43,76.03,39.47,33.49,3.42,2.0,4.0,32.46,Medium Risk
STU-189417BD,2,69.3,29.38,17.75,96.71,3.19,8.0,5.0,35.14,Medium Risk
STU-AC1FC27E,4,96.3,52.52,16.39,96.53,1.15,5.0,1.0,69.83,Medium Risk
STU-B6CE6CEB,2,36.1,35.34,58.66,71.74,1.22,0.0,0.0,60.3,Low Risk
STU-68457DA8,1,63.45,47.05,19.91,74.52,2.91,9.0,6.0,35.04,High Risk
STU-86A40246,4,78.47,22.13,32.8,68.59,3.25,2.0,0.0,27.72,Low Risk
STU-29E2F8F3,1,49.14,30.14,93.52,25.96,1.08,4.0,5.0,73.8,High Risk
STU-C52D7811,1,82.18,56.38,22.04,55.04,1.87,3.0,6.0,19.47,Medium Risk
STU-36CCADB6,4,40.28,91.86,39.72,81.37,1.41,4.0,1.0,33.64,Medium Risk
STU-B0764E20,3,64.32,59.25,76.75,79.72,1.69,0.0,4.0,40.14,Medium Risk
STU-CC0CFE98,2,78.96,56.25,90.17,90.89,2.56,0.0,7.0,30.41,Medium Risk
STU-324DBEFF,3,52.34,83.01,18.93,91.07,1.33,1.0,3.0,63.8,Medium Risk
STU-342C214A,3,39.8,41.43,30.76,33.53,1.69,8.0,4.0,75.96,High Risk
STU-46F570FF,1,97.21,27.61,47.97,74.95,2.69,2.0,6.0,49.63,Medium Risk
STU-152CD8AE,3,94.4,36.77,45.68,68.62,2.52,7.0,3.0,29.16,Medium Risk
STU-EA1A4065,3,95.21,83.3,39.52,89.72,3.57,9.0,3.0,49.12,Medium Risk
STU-F4CF524C,4,98.6,74.16,35.6,26.51,1.45,2.0,4.0,54.6,Medium Risk
STU-BB10AB9F,4,47.01,27.32,37.84,76.58,2.11,2.0,0.0,89.78,Low Risk
STU-2B7D057D,2,45.26,73.37,26.34,48.1,3.77,8.0,7.0,60.18,High Risk
STU-5704F40A,3,37.22,94.52,28.88,45.5,3.39,8.0,7.0,19.86,High Risk
STU-D0ABC9A3,1,92.97,23.6,66.58,13.22,2.79,1.0,2.0,98.15,Medium Risk
STU-73D52059,1,83.93,69.31,39.84,96.53,3.31,7.0,0.0,31.04,Low Risk
STU-9EFA2E9B,2,76.16,50.33,48.97,70.82,2.35,8.0,2.0,59.91,Medium Risk
STU-3426EE10,3,95.3,60.08,50.02,63.16,3.73,6.0,0.0,44.02,Low Risk
STU-B6C1D336,3,72.38,62.25,24.33,32.6,2.8,7.0,4.0,74.34,Medium Risk
STU-F1F41FC0,2,43.43,81.68,84.66,69.26,3.09,0.0,4.0,31.22,Low Risk
STU-1D8634CA,4,46.5,64.56,96.29,95.1,2.96,1.0,4.0,58.56,Low Risk
STU-7C3003E2,4,43.59,67.45,37.4,24.7,3.02,7.0,5.0,58.71,High Risk
STU-1956BDD9,3,55.0,46.63,40.02,98.54,2.92,2.0,2.0,70.34,Medium Risk
STU-F7F8892D,1,59.67,30.08,73.92,48.47,1.22,6.0,0.0,64.47,Medium Risk
STU-7DEB3F80,4,86.79,74.62,21.85,98.04,2.81,6.0,6.0,25.7,Medium Risk
STU-C2B1BB2E,4,47.43,20.04,92.12,67.05,3.35,7.0,3.0,74.01,Medium Risk
STU-01671084,1,82.15,46.3,25.25,39.17,1.0,7.0,6.0,54.36,High Risk
STU-D1DE4BF5,2,66.93,37.44,77.23,43.7,3.68,7.0,5.0,30.94,Medium Risk
STU-EB6BD9EA,4,99.98,51.08,39.78,36.15,3.86,4.0,0.0,49.01,Low Risk
STU-68F7EDA8,3,85.48,44.9,42.48,40.13,1.38,0.0,0.0,46.39,Low Risk
STU-6BD78810,2,97.98,76.34,26.97,68.19,2.61,8.0,1.0,52.69,Medium Risk
STU-F84132EA,1,57.25,40.82,69.94,11.49,1.33,8.0,0.0,91.05,High Risk
STU-C1401283,3,43.0,64.86,82.57,97.09,1.85,5.0,5.0,89.08,Medium Risk
STU-DAE63242,2,67.88,56.46,95.77,79.17,2.86,8.0,7.0,17.04,Medium Risk
STU-13D5FEF7,1,43.08,84.08,43.18,94.69,1.91,6.0,3.0,58.61,Medium Risk
STU-8D6EC5E6,2,67.01,54.25,67.8,74.58,2.1,3.0,0.0,21.24,Low Risk
STU-D68D0B8D,1,52.55,89.11,50.27,53.29,3.24,9.0,1.0,18.09,Medium Risk
STU-F190ED04,3,66.92,20.01,62.42,27.08,2.72,9.0,1.0,32.95,Medium Risk
STU-F5785357,4,96.73,68.39,28.85,56.47,2.55,3.0,3.0,97.08,Medium Risk
STU-EF6CD413,2,53.79,20.78,64.45,74.05,1.97,0.0,6.0,94.12,Medium Risk
STU-1637BF45,3,99.57,77.11,87.17,86.88,3.11,8.0,5.0,75.63,Medium Risk
STU-DBF7798B,2,49.91,38.79,88.41,39.17,2.27,5.0,0.0,41.24,Medium Risk
STU-4C349B77,1,48.53,50.4,56.09,55.94,3.7,6.0,4.0,32.97,Medium Risk
STU-2861B356,4,70.41,50.44,35.04,65.8,2.8,1.0,4.0,29.57,Medium Risk
STU-277479D5,1,89.73,87.71,86.12,62.97,2.61,2.0,1.0,16.82,Low Risk
STU-D7E67D4F,1,83.72,28.17,99.95,14.71,3.41,3.0,3.0,52.43,Medium Risk
STU-BA681241,2,82.03,73.35,47.06,53.51,2.46,2.0,4.0,66.53,Medium Risk
STU-1D91530A,3,53.37,98.5,93.57,82.81,1.84,9.0,1.0,65.51,Medium Risk
STU-3F49DDBD,2,36.46,21.79,98.59,82.21,1.47,8.0,1.0,74.63,Medium Risk
STU-38805B49,1,45.51,97.27,48.63,55.64,2.69,7.0,5.0,58.41,High Risk
STU-74C49B4A,4,57.72,21.47,75.88,95.71,2.27,1.0,0.0,60.36,Low Risk
STU-70754216,2,98.16,87.29,64.39,84.36,2.19,8.0,5.0,96.55,Medium Risk
STU-D77A5E9B,1,94.79,96.9,76.39,76.36,2.05,7.0,3.0,62.99,Low Risk
STU-53C844F1,2,48.04,99.44,28.1,56.4,3.01,3.0,4.0,89.28,Medium Risk
STU-58AF6377,1,82.17,56.73,46.17,63.16,2.56,2.0,0.0,25.58,Low Risk
STU-80C0787A,2,72.64,89.36,20.34,30.09,2.61,3.0,7.0,85.24,Medium Risk
STU-1F6695A3,3,38.24,29.79,67.12,57.92,1.92,1.0,2.0,73.52,Medium Risk
STU-5D8777E5,4,59.16,54.03,93.77,57.34,2.84,7.0,7.0,15.49,High Risk
STU-9A7A71DF,1,66.59,44.64,62.62,28.25,2.21,5.0,3.0,32.89,Medium Risk
STU-31F86E32,1,78.39,51.61,20.98,95.6,3.31,9.0,1.0,33.3,Medium Risk
STU-9F833D35,1,54.17,76.16,94.08,32.03,2.59,0.0,0.0,48.77,Low Risk
STU-A69C5220,1,95.7,27.0,26.3,19.38,1.87,6.0,4.0,48.29,High Risk
STU-CBA5F731,1,64.37,99.85,90.05,52.03,1.44,3.0,1.0,44.69,Medium Risk
STU-125E5BBE,2,51.15,70.81,75.71,71.75,3.1,3.0,1.0,51.94,Low Risk
STU-DD3AEB23,1,55.57,89.88,69.09,27.56,2.11,4.0,6.0,85.3,Medium Risk
STU-70E5B8EA,3,83.87,86.38,64.88,26.46,1.2,7.0,4.0,19.29,High Risk
STU-1E403E5C,2,76.62,81.28,26.15,33.53,3.74,9.0,7.0,87.03,High Risk
STU-06FF85BD,1,83.24,23.14,57.57,37.24,2.16,1.0,7.0,93.08,Medium Risk
STU-EE98AA81,2,54.0,61.32,31.72,32.16,3.24,6.0,2.0,29.15,Medium Risk
STU-27C51E72,1,56.25,46.25,63.6,52.36,2.38,8.0,5.0,46.12,High Risk
STU-17B8D826,3,60.79,29.04,53.02,11.64,3.67,7.0,7.0,70.35,High Risk
STU-E2625C78,2,47.26,47.44,72.77,17.88,1.09,9.0,3.0,98.18,High Risk
STU-DF5A8EE8,1,79.92,71.58,98.51,75.64,1.78,9.0,7.0,88.62,Medium Risk
STU-975643B9,2,56.41,38.45,45.69,47.11,2.64,1.0,3.0,77.98,Medium Risk
STU-F4CDDC7B,1,56.21,55.57,67.42,42.43,1.97,3.0,1.0,94.85,Low Risk
STU-F0F9D580,4,52.51,52.36,88.47,10.94,3.23,0.0,0.0,98.5,Low Risk
STU-90C50FE3,4,64.43,24.2,22.9,36.84,3.07,3.0,6.0,91.34,High Risk
STU-323B20C3,1,85.18,70.25,83.02,83.91,1.08,4.0,2.0,30.84,Medium Risk
STU-0EF2B1E8,3,89.31,69.51,35.35,40.63,2.8,5.0,2.0,75.68,Medium Risk
STU-95E4F583,1,87.29,97.31,60.92,96.73,3.51,1.0,6.0,48.94,Low Risk
STU-7C14D302,1,75.38,43.84,99.28,45.1,1.95,4.0,1.0,84.48,Low Risk
STU-7475B34F,1,53.23,53.52,98.64,51.77,1.42,4.0,5.0,19.72,High Risk
STU-6BABF5ED,4,82.77,52.29,41.84,82.17,3.21,3.0,0.0,85.47,Low Risk
STU-6CCCA5F4,2,37.56,93.58,26.2,98.47,3.7,7.0,5.0,40.03,Medium Risk
STU-714EE805,4,86.88,52.69,94.75,43.44,2.97,9.0,5.0,80.51,Medium Risk
STU-2D071F4E,2,85.71,55.42,90.95,20.79,3.54,6.0,4.0,29.3,Medium Risk
STU-F94BD86A,1,78.55,40.19,67.36,57.08,4.0,1.0,5.0,19.15,Medium Risk
STU-FA08BEE8,3,41.37,20.09,17.75,63.26,2.5,7.0,4.0,70.25,High Risk
STU-5ECBE0AD,4,99.83,28.84,78.86,96.35,3.81,7.0,1.0,52.75,Low Risk
STU-97E680AF,4,84.17,76.31,28.67,47.25,2.03,4.0,5.0,86.98,Medium Risk
STU-234CD0B9,3,82.76,74.6,95.16,18.17,3.24,6.0,6.0,92.59,Medium Risk
STU-822A101C,2,39.16,45.8,51.99,68.58,3.7,3.0,0.0,49.52,Low Risk
STU-C16C850D,1,60.92,57.84,67.28,11.9,2.56,4.0,7.0,67.43,High Risk
STU-8DB996D6,1,40.6,43.79,38.89,48.29,2.88,2.0,7.0,38.77,High Risk
STU-FAF92BBD,2,58.47,78.47,55.38,46.87,3.91,3.0,2.0,37.03,Medium Risk
STU-A5AA6D4E,4,72.08,87.4,79.14,32.93,1.75,3.0,2.0,88.02,Low Risk
STU-82253C12,3,92.13,91.93,56.82,96.79,2.07,6.0,2.0,27.36,Medium Risk
STU-B9D63D7B,4,53.39,33.91,87.01,46.31,3.32,9.0,3.0,52.83,Medium Risk
STU-9F0BD0BF,1,75.52,75.6,75.61,90.52,2.02,9.0,2.0,53.6,Medium Risk
STU-9C09C478,3,45.7,97.04,21.58,56.36,2.5,9.0,6.0,64.68,High Risk
STU-25CE8BCE,4,58.01,72.05,66.58,83.85,1.15,0.0,4.0,68.65,Medium Risk
STU-3EA52A69,2,96.57,48.08,67.07,50.63,2.7,6.0,6.0,51.77,Medium Risk
STU-24481201,2,83.6,70.88,47.38,99.24,2.88,4.0,0.0,52.55,Low Risk
STU-81356A4D,3,70.48,75.07,42.43,67.6,1.25,7.0,2.0,67.84,Medium Risk
STU-11C3CF97,3,51.36,51.76,20.35,24.04,1.73,7.0,5.0,74.7,High Risk
STU-8E9F3DF0,4,59.68,28.32,52.92,10.58,2.3,5.0,1.0,82.45,Medium Risk
STU-5ED43CC9,2,45.19,68.53,43.61,93.6,3.34,2.0,5.0,73.13,Low Risk
STU-038E7269,1,57.98,84.17,95.84,71.81,1.06,1.0,1.0,15.64,Medium Risk
STU-3F9D40C4,2,44.79,99.81,72.3,19.57,1.99,8.0,4.0,34.65,High Risk
STU-42C9075D,1,86.69,37.84,54.11,76.91,1.01,7.0,2.0,26.47,High Risk
STU-BF8FA1F0,3,40.25,76.03,79.14,30.44,2.56,9.0,4.0,83.99,Medium Risk
STU-1927D424,1,47.31,22.24,81.2,82.83,2.5,4.0,4.0,55.88,Medium Risk
STU-FFF32630,4,79.93,97.59,55.84,64.89,3.27,9.0,4.0,47.58,Medium Risk
STU-AE9AC848,4,93.66,21.01,21.44,21.13,1.01,2.0,3.0,78.75,High Risk
STU-1EAA6DD7,1,97.7,48.7,81.35,16.39,3.28,6.0,2.0,21.5,Medium Risk
STU-910702B5,1,89.34,26.11,22.67,51.95,3.67,1.0,7.0,74.82,Medium Risk
STU-EB718FCC,2,48.75,69.68,87.04,94.32,1.95,4.0,1.0,59.4,Low Risk
STU-31ABF832,3,53.57,47.16,43.4,60.82,2.0,3.0,5.0,50.93,Medium Risk
STU-A6FE3DCC,1,91.6,78.64,69.25,78.32,1.0,4.0,3.0,71.11,Medium Risk
STU-85F43E10,1,92.81,58.91,77.93,52.25,2.29,9.0,4.0,16.79,High Risk
STU-2C456A30,2,76.64,53.55,17.99,44.57,2.84,4.0,1.0,23.73,Medium Risk
STU-C9AE2070,3,55.39,47.88,47.69,84.0,1.37,0.0,5.0,48.82,Medium Risk
STU-D85EE104,1,49.56,26.89,66.35,51.7,2.97,9.0,6.0,22.91,High Risk
STU-180A0957,3,90.4,36.39,87.09,22.74,2.1,7.0,4.0,56.04,High Risk
STU-860358D0,4,48.34,71.13,76.01,34.71,3.02,1.0,3.0,65.59,Low Risk
STU-18BC3E5E,1,78.02,59.74,91.17,60.52,1.75,8.0,0.0,69.79,Medium Risk
STU-C88B4C24,2,97.92,25.61,22.03,46.23,3.32,3.0,4.0,35.12,Medium Risk
STU-CEC198BF,1,80.84,63.52,21.1,42.98,2.65,7.0,4.0,79.96,High Risk
STU-3DC91463,1,51.75,24.33,75.65,70.19,2.6,9.0,5.0,22.75,High Risk
STU-27819C1E,1,53.36,60.94,48.87,67.27,2.46,2.0,1.0,93.94,Low Risk
STU-5D0F652B,2,41.04,97.2,55.94,38.26,3.53,4.0,1.0,26.59,Low Risk
STU-73A37C77,4,79.61,44.59,66.37,42.35,2.66,0.0,7.0,51.91,Medium Risk
STU-A3D23BDB,3,68.7,77.88,98.81,77.69,1.48,5.0,7.0,18.27,Medium Risk
STU-4B82B784,1,48.42,79.64,20.71,92.92,2.88,7.0,7.0,56.14,High Risk
STU-EF9E55F9,1,49.8,52.39,24.26,39.18,2.54,3.0,4.0,93.76,Medium Risk
STU-C6D66AB3,3,35.59,67.46,85.49,36.27,1.21,0.0,7.0,33.23,High Risk
STU-C0ECE6D5,1,98.6,57.76,16.74,33.88,2.74,9.0,2.0,92.04,Medium Risk
STU-CAAE1452,2,88.82,42.67,53.29,22.74,1.24,9.0,1.0,57.86,High Risk
STU-73C3C38C,2,60.62,80.38,80.8,43.95,3.17,7.0,0.0,24.18,Low Risk
STU-0FE8DDCD,4,96.5,76.23,31.6,56.44,2.96,5.0,0.0,80.6,Low Risk
STU-768CEBD5,1,79.01,92.04,30.9,58.37,2.48,9.0,7.0,52.16,High Risk
STU-39E26BE5,3,83.85,69.45,41.37,72.19,3.25,7.0,4.0,55.75,Medium Risk
STU-96DC2DB9,1,79.2,51.1,27.75,14.73,1.84,1.0,1.0,67.11,Low Risk
STU-8B8E49CB,3,84.2,77.12,72.68,60.53,2.34,5.0,0.0,85.52,Low Risk
STU-0A127E13,3,46.11,69.52,32.01,32.95,1.05,1.0,3.0,49.85,Medium Risk
STU-826CE20C,4,71.56,69.33,34.28,31.52,3.96,5.0,7.0,78.92,Medium Risk
STU-CA9A4A06,2,90.21,87.99,63.87,81.08,1.17,5.0,6.0,28.67,High Risk
STU-E6563B7F,2,36.27,92.84,97.22,23.81,1.31,9.0,5.0,19.08,High Risk
STU-5178F209,1,43.02,34.42,92.68,39.62,2.48,6.0,5.0,19.01,High Risk
STU-7341A19C,1,50.97,45.12,88.48,67.39,2.13,0.0,0.0,18.56,Low Risk
STU-9F58AC81,2,54.16,72.02,60.13,67.86,2.6,0.0,1.0,59.73,Low Risk
STU-25AE4311,4,46.88,64.58,40.31,14.33,3.51,0.0,4.0,48.17,Medium Risk
STU-2DFC9C26,2,75.58,72.19,74.99,16.53,1.48,4.0,0.0,81.8,Medium Risk
STU-43A84AB4,3,54.11,54.64,48.11,68.98,2.92,0.0,4.0,15.26,Medium Risk
STU-F16FCC4E,2,45.28,53.0,81.12,95.78,1.05,2.0,3.0,72.06,Medium Risk
STU-71205B1A,2,93.88,29.41,16.38,99.87,3.37,0.0,5.0,46.8,Low Risk
STU-029DCAFC,2,80.18,69.89,60.01,98.84,3.45,6.0,0.0,55.01,Low Risk
STU-AAC0C6F9,1,50.99,34.06,43.67,41.64,2.14,7.0,6.0,26.47,High Risk
STU-5593E3D3,2,58.46,73.68,36.17,31.76,1.52,3.0,4.0,80.11,High Risk
STU-E3C13A70,3,83.15,97.37,71.26,18.88,3.43,8.0,0.0,88.94,Low Risk
STU-D14736CC,2,86.41,40.51,70.96,39.32,3.73,7.0,5.0,18.0,Medium Risk
STU-3FFE6F30,3,46.47,31.37,18.15,34.92,1.23,6.0,0.0,43.73,Medium Risk
STU-57B45867,3,95.88,21.93,95.55,61.91,2.74,8.0,1.0,50.36,Low Risk
STU-E393A1D8,2,86.04,50.31,45.76,43.19,3.81,9.0,7.0,87.77,High Risk
STU-994A3473,4,90.69,37.17,92.98,30.84,2.93,2.0,5.0,82.59,Medium Risk
STU-C8506BAD,2,44.35,59.35,64.62,65.13,3.46,1.0,1.0,61.63,Low Risk
STU-DBA2FBD3,1,44.32,61.94,70.47,39.08,1.69,9.0,6.0,30.3,High Risk
STU-F7A5B0C6,1,54.85,47.95,96.64,41.83,1.31,4.0,6.0,62.09,High Risk
STU-CC7D91AD,1,39.2,79.99,84.89,63.86,2.13,9.0,6.0,52.47,High Risk
STU-DC760474,3,40.92,92.38,26.9,20.64,2.19,8.0,2.0,91.77,High Risk
STU-1232C3A3,4,44.31,36.92,15.44,79.68,3.36,1.0,1.0,37.77,Low Risk
STU-ED825718,1,81.31,86.9,41.23,96.89,2.22,1.0,6.0,82.61,Low Risk
STU-2E56513B,1,36.96,30.5,56.53,54.17,1.71,4.0,1.0,63.05,Medium Risk
STU-D430BF4F,2,40.41,38.3,77.23,60.39,3.66,8.0,2.0,17.83,Medium Risk
STU-B13357EA,3,96.37,64.91,71.19,44.62,3.35,8.0,7.0,36.26,Medium Risk
STU-63DD2534,2,40.44,44.53,41.59,96.1,3.0,9.0,6.0,26.1,High Risk
STU-2766BC37,2,69.94,23.34,61.07,21.97,1.62,3.0,2.0,54.81,Medium Risk
STU-BF49E72C,3,76.77,43.59,70.33,83.22,1.61,8.0,0.0,82.35,Medium Risk
STU-29B38E69,2,97.31,92.39,58.67,68.54,2.47,0.0,0.0,64.89,Low Risk
STU-889562C9,4,93.49,33.94,73.56,81.23,2.59,8.0,0.0,42.77,Low Risk
STU-0DE14407,2,63.64,81.1,56.24,95.54,1.77,6.0,1.0,76.78,Medium Risk
STU-E9B34E56,4,96.24,77.78,60.02,54.65,1.37,8.0,6.0,67.71,High Risk
STU-17249360,1,63.1,28.5,94.97,35.95,2.09,9.0,7.0,20.91,High Risk
STU-8E481818,1,78.54,46.36,48.08,80.16,2.29,4.0,4.0,24.18,Medium Risk
STU-FF276BCE,3,51.87,35.15,79.24,86.01,1.16,5.0,5.0,23.61,High Risk
STU-89D18DA7,3,76.38,21.85,43.45,71.76,2.69,0.0,7.0,42.11,Medium Risk
STU-1D22479E,4,69.98,33.84,43.21,86.41,1.01,1.0,4.0,64.21,High Risk
STU-D228B3A9,2,74.44,36.13,93.77,75.73,1.45,0.0,7.0,94.15,Medium Risk
STU-AC8C4AB0,4,79.37,33.28,74.39,96.17,1.44,0.0,5.0,71.82,Medium Risk
STU-70DC975F,1,46.27,27.29,93.96,61.36,3.06,6.0,1.0,75.23,Low Risk
STU-79ED6D44,1,54.58,62.1,99.54,44.24,2.46,2.0,3.0,23.24,Medium Risk
STU-AB607627,2,82.86,45.81,15.02,71.25,3.51,0.0,0.0,23.96,Low Risk
STU-59D5960C,4,45.65,92.66,98.57,16.22,1.79,0.0,1.0,26.75,Low Risk
STU-D157800A,3,57.38,34.98,23.57,54.86,1.63,6.0,3.0,64.53,Medium Risk
STU-C147FBE6,2,78.32,68.23,20.98,79.61,3.41,4.0,0.0,78.18,Low Risk
STU-CBB0B7EB,1,95.95,92.05,80.26,25.21,2.33,0.0,6.0,82.26,Medium Risk
STU-5082D192,1,39.89,23.78,44.77,46.04,1.82,7.0,2.0,32.89,High Risk
STU-8B78C51D,2,68.58,61.3,93.01,41.53,2.25,5.0,7.0,76.41,Medium Risk
STU-2D5DC951,2,40.32,56.05,61.28,40.15,2.28,4.0,1.0,42.45,Medium Risk
STU-34F839DE,3,59.64,94.3,47.82,68.56,2.72,5.0,3.0,62.41,Medium Risk
STU-6A44299C,3,46.4,73.1,21.24,54.77,1.11,7.0,4.0,58.37,High Risk
STU-10108CA1,4,77.21,47.93,54.49,81.76,1.74,8.0,6.0,21.21,High Risk
STU-7E0D84AE,1,84.26,76.92,38.62,15.21,2.4,8.0,1.0,86.48,Medium Risk
STU-AC9823E9,2,51.08,66.61,21.51,50.85,2.63,2.0,6.0,77.43,High Risk
STU-60A56D3A,2,81.34,47.77,71.98,11.26,1.48,0.0,4.0,72.54,High Risk
STU-9928FA91,3,64.04,82.82,98.07,29.88,1.58,9.0,3.0,43.91,High Risk
STU-F23E8818,2,53.43,73.45,47.21,79.78,3.18,5.0,1.0,99.31,Low Risk
STU-97CB0E60,4,69.02,20.43,40.27,19.54,3.36,6.0,7.0,20.34,High Risk
STU-C483BCD2,3,59.68,89.21,22.65,19.5,1.23,5.0,1.0,40.7,Medium Risk
STU-3FF02DB7,1,49.95,51.77,33.97,46.13,3.97,4.0,7.0,26.19,Medium Risk
STU-9D686772,1,84.19,71.64,39.22,79.92,2.3,9.0,7.0,35.02,High Risk
STU-739BA51F,3,86.84,51.74,44.25,67.42,2.76,4.0,1.0,52.93,Medium Risk
STU-11A9D6AB,3,87.02,90.51,68.89,80.36,2.78,9.0,7.0,67.09,Medium Risk
STU-448947F6,1,59.84,72.07,24.76,14.46,2.04,2.0,5.0,23.33,Medium Risk
STU-8B662E2F,1,46.02,66.35,19.97,60.74,2.63,3.0,1.0,64.38,Medium Risk
STU-3A143A1F,3,89.63,98.42,94.1,50.8,2.75,9.0,2.0,81.17,Medium Risk
STU-08FD82EE,3,56.4,42.45,82.93,90.64,3.28,2.0,1.0,93.18,Low Risk
STU-B319536E,1,83.62,25.22,38.65,76.36,2.99,8.0,3.0,32.73,Medium Risk
STU-4F45B406,2,88.13,61.28,69.3,48.19,2.34,2.0,3.0,90.84,Medium Risk
STU-62A8A972,2,84.93,53.92,65.36,59.85,1.57,4.0,2.0,89.04,Medium Risk
STU-16E1FA32,4,60.34,56.34,78.16,48.23,1.08,5.0,6.0,38.95,High Risk
STU-7A603B80,1,95.97,69.61,88.04,49.7,2.96,7.0,1.0,73.44,Low Risk
STU-E2692C5D,3,77.91,69.21,45.41,67.07,2.43,9.0,7.0,73.95,High Risk
STU-D7A4982E,2,72.42,51.38,71.17,29.49,3.9,5.0,1.0,95.53,Low Risk
STU-33FFE11A,1,80.36,89.03,83.17,39.99,1.29,5.0,0.0,34.65,Medium Risk
STU-382D4246,2,37.91,72.12,74.44,35.12,1.22,5.0,7.0,22.87,High Risk
STU-144F4320,1,60.38,91.19,93.38,82.07,1.54,0.0,0.0,62.56,Low Risk
STU-75EAC400,3,92.28,93.05,57.05,94.77,2.13,9.0,7.0,36.86,High Risk
STU-EE8E4B6B,3,45.47,33.38,83.22,47.29,1.53,5.0,4.0,35.05,Medium Risk
STU-AB67CA01,1,61.94,74.44,92.33,16.94,2.39,0.0,2.0,93.47,Low Risk
STU-F9A031B7,1,61.34,45.4,62.35,18.42,2.02,1.0,0.0,76.47,Medium Risk
STU-8D3C0D49,3,58.14,86.91,16.47,45.96,4.0,7.0,3.0,71.93,Medium Risk
STU-449633AB,1,71.55,78.63,84.53,45.55,3.9,7.0,6.0,95.94,Medium Risk
STU-5152ABFD,2,99.75,35.9,86.91,23.15,2.09,1.0,3.0,20.87,Medium Risk
STU-D66AD08B,2,51.63,95.1,48.99,82.64,3.38,2.0,6.0,64.91,Low Risk
STU-9132E0B1,4,80.82,74.68,34.47,55.01,1.72,5.0,3.0,56.43,Medium Risk
STU-5FDB59C9,2,84.27,95.89,98.14,19.82,1.17,3.0,2.0,40.68,Medium Risk
STU-2B5D670A,3,72.99,36.15,61.89,18.88,1.12,8.0,7.0,64.86,High Risk
STU-A0DBEB84,1,41.34,89.58,58.88,50.14,1.09,6.0,5.0,83.02,High Risk
STU-B2AB9B76,1,72.2,73.45,95.42,20.52,3.21,9.0,6.0,62.72,High Risk
STU-3543E202,1,96.98,64.18,49.69,60.51,2.03,8.0,3.0,29.78,Medium Risk
STU-FB257F05,2,57.23,85.64,87.09,44.65,3.47,6.0,0.0,62.92,Low Risk
STU-3B8184CA,3,76.58,70.63,74.56,92.77,3.62,5.0,0.0,31.7,Low Risk
STU-D0E257E6,3,97.36,73.57,97.26,47.7,1.92,3.0,4.0,27.84,Low Risk
STU-9883ACA8,2,86.87,40.29,51.44,65.3,1.87,7.0,4.0,61.48,Medium Risk
STU-7109D2BB,3,79.74,85.36,92.15,83.02,1.92,5.0,2.0,24.02,Low Risk
STU-4F1D7634,1,98.12,72.02,63.35,37.26,2.43,9.0,7.0,46.98,High Risk
STU-42B75CC5,1,46.09,87.55,55.45,56.07,1.05,4.0,4.0,70.24,Medium Risk
STU-4D50357E,4,85.23,48.12,40.98,20.88,1.03,5.0,2.0,64.57,Medium Risk
STU-01124A2E,3,61.44,46.54,61.98,48.95,3.21,5.0,1.0,56.12,Medium Risk
STU-02CA18A6,3,58.43,21.91,63.67,43.82,3.42,1.0,4.0,35.65,Medium Risk
STU-509E1133,2,68.84,81.49,91.36,48.54,1.61,2.0,2.0,40.53,Low Risk
STU-015A4525,2,37.19,46.43,74.85,19.67,2.78,9.0,6.0,33.69,High Risk
STU-14464645,1,55.31,46.18,85.25,45.86,1.65,8.0,7.0,59.66,High Risk
STU-E01E37CD,4,45.8,75.09,80.38,88.32,3.2,7.0,6.0,90.46,Medium Risk
STU-D977B038,3,44.01,40.23,38.51,94.33,2.26,7.0,0.0,86.64,Medium Risk
STU-F9591AF1,1,56.93,92.72,32.49,31.76,3.47,0.0,4.0,82.99,Low Risk
STU-9D912F9C,4,87.15,63.05,36.97,37.05,3.85,8.0,4.0,39.13,Medium Risk
STU-577D2D38,2,48.07,97.56,27.46,10.86,2.67,3.0,6.0,55.06,High Risk
STU-20A4C603,3,69.54,26.13,47.81,20.4,3.7,1.0,6.0,48.29,Medium Risk
STU-9620B613,1,83.66,46.95,70.58,41.06,1.1,6.0,5.0,59.78,High Risk
STU-52A166C1,1,50.66,50.52,60.64,71.66,2.39,5.0,2.0,52.83,Medium Risk
STU-8CCEC686,1,95.07,78.43,72.73,36.3,2.51,8.0,6.0,53.83,High Risk
STU-EE946AC9,1,91.32,37.04,45.27,16.79,2.25,1.0,1.0,20.8,Medium Risk
STU-BEF54F40,3,51.33,50.03,32.45,75.78,1.94,5.0,4.0,32.11,Medium Risk
STU-BE359686,3,99.33,92.85,32.23,52.01,3.17,7.0,2.0,46.94,Medium Risk
STU-4B697996,3,78.5,29.16,66.07,56.73,2.66,5.0,1.0,34.86,Medium Risk
STU-12B670D5,4,53.6,79.63,28.97,39.34,1.25,7.0,7.0,89.41,High Risk
STU-A6FBE2FE,1,79.27,76.2,48.76,65.17,3.85,1.0,2.0,91.66,Low Risk
STU-1CFC5963,4,78.31,30.44,33.09,90.17,3.66,8.0,1.0,73.74,Medium Risk
STU-F3AF82B8,4,74.4,75.08,71.33,59.84,2.06,5.0,3.0,96.05,Medium Risk
STU-95730072,2,81.26,65.58,67.31,62.88,1.74,6.0,7.0,24.31,High Risk
STU-AE1105A8,1,52.44,43.0,47.4,43.62,2.89,1.0,4.0,44.46,Medium Risk
STU-C026B724,3,98.63,44.89,25.94,17.44,1.13,9.0,3.0,98.68,High Risk
STU-6F8E4D53,2,90.76,86.64,33.0,48.57,2.49,7.0,2.0,70.4,Low Risk
STU-B8ED9B42,4,83.47,38.48,55.14,93.22,3.02,8.0,3.0,96.19,Low Risk
STU-FDC2F943,1,36.71,61.02,97.63,71.22,2.22,2.0,1.0,32.97,Low Risk
STU-25963AA4,2,73.38,74.49,38.02,54.12,3.92,3.0,0.0,53.45,Low Risk
STU-1237C21D,2,80.92,30.39,31.25,65.88,3.16,5.0,5.0,36.92,Medium Risk
STU-791FA949,1,90.52,94.59,33.76,60.27,3.8,2.0,3.0,91.99,Low Risk
STU-79431505,2,96.5,40.85,75.19,92.12,3.72,9.0,5.0,69.41,Medium Risk
STU-C831246A,1,94.53,45.51,92.75,30.15,1.4,6.0,2.0,72.76,Medium Risk
STU-FFA5A382,2,61.39,73.29,21.39,89.98,3.01,7.0,4.0,66.35,Medium Risk
STU-7C2DEC59,4,93.27,26.26,78.69,71.96,2.79,4.0,3.0,82.39,Low Risk
STU-3F99067A,1,35.05,70.21,57.04,21.5,1.16,4.0,6.0,58.3,High Risk
STU-6E2A3059,3,57.85,93.28,85.14,43.47,1.95,2.0,3.0,88.76,Medium Risk
STU-752D0AA0,1,42.4,39.93,50.83,49.27,2.6,3.0,0.0,18.53,Medium Risk
STU-4CEB9849,3,92.4,48.95,15.44,17.46,2.64,2.0,2.0,82.9,Medium Risk
STU-8E99B8EC,4,95.32,38.59,73.04,59.88,3.44,7.0,3.0,16.5,Medium Risk
STU-16A998C6,2,51.64,85.5,83.68,33.34,2.76,2.0,4.0,43.05,Medium Risk
STU-26DC0811,4,58.88,33.41,91.67,51.23,2.4,1.0,1.0,53.46,Low Risk
STU-31BE70F2,2,98.95,47.73,63.37,49.49,3.26,5.0,4.0,62.04,Low Risk
STU-F0A53C69,2,71.79,68.08,25.37,56.95,2.71,7.0,3.0,91.81,Medium Risk
STU-313D7F14,4,67.31,52.36,46.44,86.16,3.65,9.0,7.0,91.48,High Risk
STU-7F85296D,1,67.53,25.24,81.66,80.27,3.72,7.0,5.0,84.81,Medium Risk
STU-6DA52094,1,80.25,95.82,57.03,88.57,2.81,5.0,5.0,98.61,Medium Risk
STU-367384AD,3,97.05,47.03,74.44,61.51,2.69,5.0,6.0,40.35,Medium Risk
STU-56E8C56A,4,58.83,55.65,15.4,65.42,3.1,5.0,3.0,77.83,Medium Risk
STU-F9E9642E,3,46.22,33.4,21.21,48.74,3.18,4.0,0.0,20.4,Medium Risk
STU-55DD0B7D,1,47.03,89.23,72.9,74.55,3.18,3.0,2.0,42.16,Low Risk
STU-7307C6D2,4,36.32,43.31,39.67,28.44,2.86,1.0,0.0,42.53,Low Risk
STU-D2D4ACBC,3,71.1,21.59,48.0,52.77,3.29,4.0,4.0,37.21,Medium Risk
STU-FD24D63C,4,95.39,45.31,69.58,74.28,1.43,1.0,7.0,97.99,Medium Risk
STU-5FEDE83F,2,81.35,98.72,24.52,80.01,3.46,8.0,2.0,95.29,Medium Risk
STU-F4ADE59D,3,99.54,31.75,85.78,32.32,1.93,3.0,7.0,48.42,Medium Risk
STU-F3EBFFEE,4,94.12,22.5,27.28,26.34,3.66,0.0,0.0,46.57,Low Risk
STU-6ACB344B,2,66.97,66.25,77.33,35.97,1.4,9.0,3.0,56.43,High Risk
STU-DF4F7A43,4,66.63,49.73,39.88,92.81,1.01,0.0,2.0,51.34,Low Risk
STU-210B296B,1,75.84,83.6,37.1,21.62,1.05,9.0,1.0,40.67,Medium Risk
STU-D1EF0240,2,42.21,78.55,84.81,95.78,1.63,4.0,1.0,37.39,Medium Risk
STU-BD37E59B,4,74.5,34.83,61.94,99.53,1.34,7.0,4.0,94.1,Medium Risk
STU-A4317C9C,4,65.16,65.17,32.47,80.51,2.66,6.0,6.0,32.05,High Risk
STU-27B5660A,2,76.78,22.59,15.22,78.44,2.35,6.0,0.0,48.8,Medium Risk
STU-30A02D4A,1,71.74,55.16,97.71,95.8,2.82,4.0,5.0,73.78,Low Risk
STU-3EB50DE6,3,55.18,77.12,51.67,36.15,1.58,8.0,4.0,97.72,High Risk
STU-7B8DD311,4,74.5,53.2,48.78,21.61,3.26,4.0,1.0,75.32,Low Risk
STU-FF650235,3,58.79,29.44,19.28,84.08,2.83,0.0,3.0,61.21,Medium Risk
STU-58F7AD65,3,47.65,24.92,91.02,25.38,1.66,4.0,3.0,54.4,Medium Risk
STU-F5EAB5B3,3,78.88,88.29,26.95,14.09,2.2,2.0,3.0,69.81,Medium Risk
STU-DA1B5825,1,54.91,91.31,43.51,27.68,3.15,2.0,5.0,73.35,Medium Risk
STU-49CA5435,4,92.79,47.45,50.79,49.41,3.04,4.0,3.0,99.39,Medium Risk
STU-2BA49378,2,47.96,33.13,83.86,54.56,2.69,0.0,3.0,44.69,Low Risk
STU-0CF2B770,3,74.01,98.29,45.55,15.63,3.94,7.0,1.0,33.06,Medium Risk
STU-1D1407C7,2,72.15,63.67,60.17,49.91,1.4,8.0,2.0,51.14,Medium Risk
STU-65D6EE76,2,47.85,58.13,51.44,64.39,2.46,9.0,6.0,35.93,High Risk
STU-DD87C334,3,63.59,79.33,41.51,93.86,2.87,3.0,5.0,18.92,Medium Risk
STU-B13FD698,4,78.91,33.51,95.44,30.46,3.98,0.0,3.0,97.22,Low Risk
STU-812F5EEE,3,55.7,66.4,82.73,28.99,2.63,1.0,5.0,20.19,Medium Risk
STU-EF92B243,4,42.4,91.21,29.82,45.05,2.33,6.0,5.0,55.92,Medium Risk
STU-480401A7,1,74.99,21.85,62.15,98.53,3.77,0.0,5.0,55.63,Low Risk
STU-0C64EC21,4,49.57,73.84,82.71,40.26,2.52,2.0,2.0,30.76,Medium Risk
STU-5AF002E0,2,79.3,64.11,64.28,13.95,3.82,6.0,6.0,64.09,Medium Risk
STU-4F6E6039,1,89.57,96.06,56.97,33.91,3.25,3.0,6.0,85.08,Medium Risk
STU-0436E6F9,1,43.02,40.7,21.13,60.25,1.5,9.0,3.0,89.49,High Risk
STU-87CC1A6D,3,63.44,88.71,24.02,47.13,1.5,3.0,6.0,46.1,High Risk
STU-A824B5BC,4,63.92,44.72,35.85,79.68,1.95,0.0,4.0,31.51,Medium Risk
STU-C9F0C4F3,3,76.11,54.39,58.64,64.65,1.2,7.0,0.0,58.09,Medium Risk
STU-6A47A399,1,56.74,37.06,98.92,60.35,2.63,3.0,2.0,25.35,Low Risk
STU-F3A09BEA,1,62.21,89.09,83.19,39.07,3.58,8.0,7.0,87.27,Medium Risk
STU-5ACE8B8E,2,35.78,35.63,24.35,59.67,2.2,4.0,0.0,54.12,Medium Risk
STU-8B8CAE39,1,42.96,88.72,75.97,65.4,2.94,5.0,1.0,90.63,Low Risk
STU-5F2F3FFD,2,72.04,56.45,83.89,26.13,3.94,5.0,4.0,18.2,Medium Risk
STU-B52D9036,3,49.03,86.81,50.21,76.23,1.58,8.0,6.0,86.9,High Risk
STU-58ACF5B2,4,44.4,41.16,43.06,45.36,2.07,2.0,3.0,37.07,Medium Risk
STU-A85E6A2D,2,56.09,30.62,64.69,76.8,1.07,5.0,3.0,96.22,Medium Risk
STU-1A5940AC,1,45.63,64.4,59.13,25.99,1.7,8.0,6.0,21.56,High Risk
STU-7447DF3B,4,38.88,60.75,37.54,69.09,3.34,7.0,1.0,86.28,Low Risk
STU-D7E78CD4,3,53.45,48.53,48.78,12.42,2.97,6.0,2.0,60.38,Medium Risk
STU-1999801B,4,45.68,73.03,61.28,24.31,3.35,3.0,6.0,31.5,Medium Risk
STU-B9B05341,1,86.96,27.61,64.29,90.2,2.28,4.0,6.0,51.65,Medium Risk
STU-AE48C1AB,2,39.07,69.76,60.2,51.53,3.21,6.0,3.0,40.8,Medium Risk
STU-9225A519,4,83.58,36.94,86.92,55.71,2.8,5.0,2.0,35.25,Medium Risk
STU-7907A189,1,59.88,30.32,17.7,91.68,1.99,4.0,3.0,67.84,Medium Risk
STU-4BE08F2B,3,78.9,92.77,43.3,53.64,2.24,8.0,6.0,72.41,High Risk
STU-31F56C00,1,38.42,56.78,78.74,68.91,2.62,4.0,2.0,24.05,Low Risk
STU-6DC3EB1A,2,94.85,81.07,70.4,29.98,3.87,5.0,0.0,76.65,Low Risk
STU-64FC396B,4,84.88,27.13,93.05,17.34,3.79,9.0,2.0,56.06,Medium Risk
STU-CFE473D0,2,44.11,24.6,64.98,41.8,3.96,6.0,1.0,60.06,Medium Risk
STU-B017611A,4,49.22,59.59,69.24,81.88,1.05,1.0,7.0,78.22,High Risk
STU-D52A3E05,2,76.86,45.24,74.92,50.22,3.15,4.0,3.0,51.7,Medium Risk
STU-3D8520ED,4,94.9,20.39,30.83,25.13,3.68,5.0,4.0,65.45,Medium Risk
STU-1BD8245D,2,63.98,34.66,79.03,59.06,3.22,2.0,2.0,58.61,Low Risk
STU-825AF0B2,1,66.57,37.5,40.49,33.75,2.25,3.0,4.0,25.09,Medium Risk
STU-17C5D47E,2,50.46,43.08,51.08,95.2,3.17,1.0,7.0,51.35,Medium Risk
STU-9B007997,3,59.9,90.2,16.19,61.97,2.33,6.0,6.0,86.07,High Risk
STU-D25469C7,4,53.59,53.65,86.7,98.47,3.14,1.0,2.0,17.55,Low Risk
STU-E3B89269,2,57.79,74.35,96.05,13.88,3.34,1.0,0.0,17.86,Low Risk
STU-3945BE50,3,36.34,21.47,20.12,11.04,3.53,4.0,4.0,93.98,Medium Risk
STU-659E5DD8,4,37.67,85.11,68.99,52.94,3.18,4.0,1.0,84.71,Low Risk
STU-BF59A220,4,79.24,39.23,96.67,87.58,1.48,5.0,4.0,15.3,Medium Risk
STU-E12B70E2,3,79.32,44.72,66.59,57.2,3.81,1.0,2.0,94.44,Low Risk
STU-E75E0E64,4,56.46,23.62,82.83,88.86,1.64,8.0,6.0,40.31,High Risk
STU-82313B6F,3,92.56,52.78,25.04,21.75,2.07,1.0,7.0,53.29,Medium Risk
STU-8AAC7582,1,52.3,88.21,35.81,72.94,2.29,0.0,1.0,35.01,Medium Risk
STU-B81D25F9,1,60.73,50.3,44.39,69.39,3.14,3.0,7.0,30.03,Medium Risk
STU-0C9D793A,4,82.54,92.69,98.4,59.05,3.1,1.0,0.0,25.44,Low Risk
STU-9A977D5D,1,83.33,89.4,81.45,46.46,3.89,6.0,7.0,74.23,Medium Risk
STU-9594B18A,2,90.98,24.96,90.28,68.24,1.57,3.0,4.0,16.19,Medium Risk
STU-B5EA5D3B,4,36.89,44.42,56.4,59.51,2.35,1.0,1.0,48.06,Low Risk
STU-9EB92149,1,46.94,92.83,75.93,34.54,1.61,9.0,4.0,53.63,High Risk
STU-FE6B4F80,4,76.64,22.38,77.18,19.42,3.02,4.0,0.0,39.9,Medium Risk
STU-9239E632,4,56.98,81.26,63.36,44.8,1.64,8.0,0.0,36.27,Medium Risk
STU-0902C1A7,4,37.83,92.51,89.63,56.12,3.6,3.0,0.0,67.24,Low Risk
STU-BC32EF95,2,73.12,81.64,28.45,55.77,3.95,0.0,6.0,85.4,Medium Risk
STU-F81BFA1B,2,60.55,79.51,19.89,48.3,1.95,7.0,0.0,57.98,Medium Risk
STU-4099BFB9,4,58.67,87.47,40.84,39.46,3.22,7.0,1.0,75.5,Medium Risk
STU-99ACE22C,1,52.18,73.26,22.5,41.54,2.6,9.0,1.0,77.15,High Risk
STU-C2F46DF6,2,35.39,53.85,20.13,33.93,2.08,9.0,7.0,92.12,High Risk
STU-A54832F3,3,46.85,25.02,50.62,62.19,1.57,4.0,7.0,77.35,High Risk
STU-6DBF1E88,1,65.83,83.04,32.04,86.49,3.16,7.0,5.0,38.03,Medium Risk
STU-9B76056B,4,52.92,92.42,82.16,89.17,1.48,0.0,0.0,31.14,Low Risk
STU-3A89686B,3,91.84,60.93,64.28,99.44,1.84,1.0,6.0,92.19,Medium Risk
STU-3FF559D7,1,44.29,62.6,45.65,17.99,3.76,3.0,5.0,80.16,Medium Risk
STU-04CD8B6D,1,91.9,52.26,39.36,29.28,2.53,2.0,5.0,68.15,Medium Risk
STU-838A3DFE,1,61.31,88.55,62.87,75.72,3.56,2.0,2.0,95.6,Low Risk
STU-6B34A7F9,1,52.93,21.18,51.89,68.07,3.3,8.0,1.0,72.21,Medium Risk
STU-A3C36F42,3,54.78,69.96,19.74,22.05,2.13,8.0,0.0,69.0,Medium Risk
STU-7C4E0CCD,1,56.45,92.59,71.54,66.79,1.65,7.0,7.0,88.86,High Risk
STU-1286248B,2,67.93,28.26,57.48,46.58,1.3,6.0,1.0,82.0,Medium Risk
STU-0C70E66C,4,58.0,96.73,38.54,96.12,3.88,7.0,4.0,40.18,Low Risk
STU-B1EC3B76,3,77.07,97.41,39.69,86.97,1.97,3.0,6.0,57.45,Medium Risk
STU-03EAA3F9,1,62.64,94.38,53.49,16.59,3.02,6.0,2.0,70.91,Medium Risk
STU-787E15A1,4,78.66,57.0,85.35,18.1,3.19,7.0,5.0,35.05,Medium Risk
STU-8967BB91,1,74.29,50.64,50.96,47.54,1.59,3.0,0.0,69.34,Medium Risk
STU-4F49E481,4,50.89,76.48,86.36,10.75,3.08,4.0,7.0,77.68,Medium Risk
STU-F30E9877,3,87.83,45.5,51.11,18.49,1.03,7.0,2.0,37.5,High Risk
STU-1B4C4818,3,86.93,25.47,85.54,93.93,2.25,1.0,5.0,37.93,Low Risk
STU-09AA88F7,3,99.28,92.11,94.18,81.32,2.05,3.0,1.0,99.44,Low Risk
STU-77FC3A58,2,46.38,70.79,16.75,70.54,3.8,3.0,1.0,46.09,Low Risk
STU-105F0F66,4,90.11,36.57,20.29,84.72,3.96,9.0,6.0,17.42,Medium Risk
STU-5237E062,4,91.68,21.47,26.39,32.5,1.86,3.0,4.0,29.45,High Risk
STU-24F1F4AB,2,76.74,77.88,25.38,75.3,2.83,0.0,7.0,79.09,Medium Risk
STU-3FA0F435,2,67.92,88.22,53.63,65.4,3.24,5.0,7.0,72.27,Medium Risk
STU-3154A29A,4,97.22,52.45,79.94,86.38,1.57,2.0,0.0,85.96,Low Risk
STU-AAFB69DF,2,98.22,26.47,96.71,35.44,3.06,1.0,0.0,70.95,Low Risk
STU-7A4E4A6D,4,76.71,71.89,50.51,78.73,1.77,9.0,3.0,66.65,High Risk
STU-E292264C,3,58.37,43.75,73.52,86.74,1.51,7.0,5.0,75.87,High Risk
STU-CFC17A69,3,88.12,31.52,69.02,59.41,3.55,6.0,7.0,91.59,Medium Risk
STU-25E384EC,1,40.8,60.83,48.42,47.24,2.51,6.0,4.0,76.27,Medium Risk
STU-812E39C1,1,53.89,58.55,76.3,95.38,1.89,6.0,6.0,24.11,High Risk
STU-0E001F34,2,99.06,61.34,65.32,25.21,2.21,1.0,5.0,82.64,Low Risk
STU-5B1C8B47,3,87.93,85.91,79.59,13.26,2.24,4.0,6.0,98.56,Medium Risk
STU-5A521C8A,3,96.07,58.76,31.46,26.12,3.31,0.0,7.0,15.24,Medium Risk
STU-4B262656,3,73.66,92.04,45.62,71.51,3.66,1.0,2.0,56.8,Low Risk
STU-7566458D,3,61.5,87.34,72.05,81.01,2.43,9.0,7.0,18.09,High Risk
STU-2074691C,4,98.68,72.09,25.61,74.51,1.97,0.0,6.0,96.19,Medium Risk
STU-FEF48978,2,55.11,24.55,80.48,47.79,3.18,5.0,0.0,96.47,Low Risk
STU-41A0A9A9,3,84.23,89.2,26.34,97.08,3.72,8.0,3.0,68.55,Low Risk
STU-E8004693,1,71.28,92.45,42.58,49.99,1.34,7.0,5.0,58.04,High Risk
STU-899E33B1,2,49.85,50.0,35.19,98.32,3.39,5.0,5.0,17.86,Medium Risk
STU-C8BF3AAC,1,36.14,62.09,20.18,92.63,2.67,6.0,2.0,97.15,Medium Risk
STU-2E5F82FB,2,59.94,42.48,38.01,46.64,3.6,2.0,1.0,97.55,Low Risk
STU-2C4F6475,2,70.6,21.18,92.48,24.49,2.54,9.0,1.0,78.17,Medium Risk
STU-48BEDEC5,1,46.91,58.36,17.29,18.09,3.59,1.0,4.0,17.46,Medium Risk
STU-4620A5F6,2,61.95,30.35,16.43,57.83,2.66,7.0,1.0,82.67,Medium Risk
STU-FD6E7E82,4,74.99,34.67,74.86,78.69,1.43,4.0,6.0,62.77,High Risk
STU-1C4D94D8,2,81.47,58.46,46.18,25.84,1.01,6.0,1.0,97.58,Medium Risk
STU-C50F0FB8,3,38.43,89.36,34.53,38.64,2.86,3.0,3.0,72.98,Medium Risk
STU-A0EF79BF,2,78.17,87.57,58.25,66.75,2.78,3.0,7.0,96.25,Medium Risk
STU-D400075A,2,38.68,97.21,37.67,51.48,1.63,4.0,7.0,23.86,High Risk
STU-7B0D2344,1,36.83,58.61,48.32,64.35,3.55,3.0,2.0,79.25,Low Risk
STU-602DAE2E,1,44.91,64.16,75.8,70.87,3.6,4.0,5.0,90.03,Low Risk
STU-3641CDA5,3,77.49,85.77,24.94,44.26,3.41,6.0,2.0,69.06,Medium Risk
STU-979E4502,1,38.43,75.97,96.57,80.74,3.81,5.0,3.0,61.01,Low Risk
STU-43DD5C30,1,36.36,34.63,18.61,73.26,2.52,6.0,7.0,80.88,High Risk
STU-C137A3E0,2,42.67,51.85,83.56,71.88,3.11,6.0,2.0,87.67,Low Risk
STU-843C59C6,3,96.73,94.33,76.59,23.45,3.71,8.0,5.0,67.98,Medium Risk
STU-56DC67D2,3,93.97,31.69,38.98,52.68,2.37,1.0,2.0,77.48,Medium Risk
STU-3B6220F0,2,40.62,36.75,25.06,61.95,2.86,2.0,4.0,48.99,Medium Risk
STU-3AA3FFFE,2,54.76,52.05,87.45,30.37,2.54,2.0,0.0,44.58,Low Risk
STU-A6397521,2,96.57,95.19,72.77,78.27,3.95,5.0,2.0,32.34,Low Risk
STU-FE0F796A,1,41.35,29.11,39.72,20.9,2.31,0.0,2.0,68.14,Medium Risk
STU-356F2365,2,41.15,73.84,16.44,23.49,1.95,8.0,2.0,84.52,Medium Risk
STU-7E50107B,3,40.59,30.57,94.77,47.2,2.89,4.0,1.0,71.4,Medium Risk
STU-ED106FA0,3,98.47,61.96,49.36,22.18,1.84,5.0,3.0,48.36,Medium Risk
STU-6B51F66F,3,83.3,62.93,29.98,11.05,3.57,6.0,4.0,98.91,Medium Risk
STU-6CA7D919,3,48.94,23.41,92.51,47.03,3.68,0.0,5.0,15.52,Low Risk
STU-DD241EBC,1,37.99,96.33,45.52,68.37,2.04,2.0,1.0,41.34,Low Risk
STU-D475B36A,1,97.74,84.53,54.38,54.56,2.08,8.0,3.0,97.3,Medium Risk
STU-C4BCD80A,2,62.66,44.23,74.38,14.7,1.26,4.0,4.0,47.76,Medium Risk
STU-1ACB1487,3,73.89,30.45,84.65,30.92,1.77,1.0,5.0,67.71,Medium Risk
STU-6BC55E70,1,53.15,47.65,23.52,57.19,1.2,2.0,7.0,35.37,High Risk
STU-3AD7FA65,4,84.29,91.54,91.39,76.43,3.27,5.0,1.0,73.65,Low Risk
STU-D2133A73,2,47.79,30.61,94.27,81.45,1.54,2.0,4.0,70.14,Medium Risk
STU-3100E6EA,2,86.15,47.95,37.04,56.74,1.24,0.0,2.0,67.46,Medium Risk
STU-4B510E13,3,49.99,59.54,57.28,68.15,1.49,4.0,5.0,46.96,High Risk
STU-2030CC59,1,41.36,22.63,87.92,91.31,2.13,9.0,1.0,96.29,Medium Risk
STU-8B22BF86,2,66.12,41.44,56.42,15.87,2.27,6.0,1.0,69.71,Medium Risk
STU-9F57E540,2,87.86,67.65,55.97,18.93,3.7,4.0,0.0,22.89,Medium Risk
STU-8D6677B0,1,60.02,45.92,67.57,51.21,1.84,0.0,2.0,77.59,Low Risk
STU-841BEB4A,4,36.88,89.64,80.23,64.88,3.15,1.0,2.0,42.16,Low Risk
STU-55414BA2,4,70.97,94.94,71.58,10.42,3.68,1.0,1.0,43.06,Low Risk
STU-C34DAADF,1,79.23,55.32,68.26,50.73,3.57,9.0,1.0,34.19,Low Risk
STU-099B5F58,2,83.15,62.56,46.59,25.55,1.6,3.0,7.0,70.08,High Risk
STU-A45A53ED,1,61.13,70.46,68.56,68.06,1.84,3.0,5.0,96.24,Medium Risk
STU-C4858C3D,4,41.31,73.16,23.78,34.1,1.16,0.0,3.0,84.58,Medium Risk
STU-80825105,2,72.98,25.06,49.81,91.17,2.45,1.0,7.0,93.55,Medium Risk
STU-BA7B38AD,2,56.42,24.29,31.01,15.75,2.22,1.0,0.0,94.11,Medium Risk
STU-8C04ECEB,2,96.55,89.25,60.69,82.83,2.64,0.0,1.0,15.13,Low Risk
STU-D3DDBFBB,2,67.68,37.59,37.27,45.31,2.37,4.0,5.0,68.07,Medium Risk
STU-F8BB4B7C,3,65.7,66.73,58.0,87.14,3.21,4.0,4.0,94.06,Medium Risk
STU-7DD3912F,3,55.1,69.97,81.07,83.36,3.01,4.0,6.0,61.87,Medium Risk
STU-75510A06,2,57.02,33.16,51.89,31.54,2.29,5.0,7.0,72.82,High Risk
STU-0578406C,3,68.33,80.93,33.59,14.55,1.11,4.0,6.0,52.12,High Risk
STU-E592483D,2,54.93,89.28,33.95,72.6,2.03,9.0,3.0,87.41,High Risk
STU-7FB7507F,1,93.0,42.83,92.03,28.4,1.97,6.0,1.0,28.88,Medium Risk
STU-F47DD076,1,63.54,90.23,81.38,93.75,1.27,8.0,2.0,22.83,Medium Risk
STU-7E09E8D7,2,53.98,26.48,18.11,16.05,1.91,8.0,0.0,46.67,High Risk
STU-5695BD30,3,45.1,84.04,95.13,39.16,3.96,9.0,3.0,21.71,Medium Risk
STU-7AD2AB83,4,78.7,71.21,24.57,11.14,3.46,0.0,4.0,27.04,Low Risk
STU-A41072EE,1,36.68,66.65,70.5,38.53,3.4,5.0,3.0,28.39,Medium Risk
STU-8900CB52,2,64.25,38.41,61.88,58.71,3.53,6.0,0.0,15.42,Medium Risk
STU-594A3FCF,1,70.76,48.95,18.97,68.94,3.6,8.0,0.0,84.2,Low Risk
STU-355CF120,4,57.09,92.82,40.09,75.38,1.98,9.0,3.0,90.86,Medium Risk
STU-5CF6AD46,4,83.74,57.26,80.95,85.01,1.97,4.0,4.0,18.41,Medium Risk
STU-A576F547,1,78.92,67.55,41.08,19.97,2.01,1.0,3.0,34.81,Medium Risk
STU-77C414F3,3,98.14,94.87,55.83,78.57,3.46,9.0,6.0,43.99,Medium Risk
STU-1C6B6130,3,68.07,57.32,74.33,35.05,3.39,7.0,6.0,82.85,Medium Risk
STU-25C9B43D,1,69.96,51.06,21.08,22.44,1.05,0.0,2.0,34.83,Medium Risk
STU-4F7D0F30,2,50.98,91.46,85.77,33.91,3.85,6.0,6.0,48.93,Medium Risk
STU-5318B722,3,60.06,92.87,18.53,87.22,1.86,3.0,3.0,97.77,Medium Risk
STU-58315F12,1,36.75,48.37,37.3,66.47,2.88,9.0,7.0,85.36,High Risk
STU-C02BCCA2,2,79.8,67.36,79.86,63.76,2.92,5.0,1.0,23.47,Low Risk
STU-DD18109D,1,55.26,97.1,92.51,62.62,1.34,7.0,1.0,42.16,Low Risk
STU-BE4C3736,2,70.12,24.44,79.63,46.78,3.09,2.0,4.0,64.04,Medium Risk
STU-324AD111,4,51.57,23.18,34.29,47.53,2.6,1.0,1.0,73.05,Low Risk
STU-EA27DBFA,2,75.37,61.33,98.79,23.35,2.83,7.0,7.0,69.79,High Risk
STU-880C060B,1,64.09,43.3,50.13,39.94,2.34,5.0,1.0,22.17,Medium Risk
STU-42241824,1,66.32,66.55,47.0,56.08,3.41,5.0,6.0,99.42,Medium Risk
STU-67ACE0D2,3,96.27,77.94,88.55,64.54,2.91,7.0,5.0,30.55,Medium Risk
STU-6773F500,2,80.9,25.53,20.63,16.45,1.58,4.0,3.0,29.94,High Risk
STU-A28F099C,3,52.02,90.59,62.27,40.04,3.26,4.0,3.0,35.56,Medium Risk
STU-85AE8660,1,67.75,42.15,97.08,40.55,2.51,6.0,0.0,49.91,Low Risk
STU-FCEB05D2,3,65.33,50.51,23.51,56.36,1.11,5.0,7.0,42.27,High Risk
STU-C1395D0B,4,86.68,46.96,60.97,73.9,2.18,2.0,5.0,58.52,Medium Risk
STU-38C4582B,4,89.17,87.19,26.26,67.17,2.21,3.0,7.0,92.41,Medium Risk
STU-30CDC841,2,53.42,33.65,90.65,61.38,3.4,1.0,6.0,18.44,Medium Risk
STU-042CD398,3,88.37,22.29,64.96,36.23,1.7,7.0,1.0,47.89,Medium Risk
STU-C2657F28,1,46.67,97.74,34.94,85.52,2.36,5.0,1.0,98.8,Medium Risk
STU-43B43311,3,84.58,98.45,41.1,80.68,1.16,6.0,5.0,36.08,High Risk
STU-41949929,1,51.17,40.62,58.91,26.53,3.64,4.0,5.0,84.57,Medium Risk
STU-954CA86E,3,54.37,20.75,76.65,68.96,2.33,6.0,7.0,48.32,High Risk
STU-C8D7E235,2,90.41,71.67,56.44,91.6,3.57,3.0,6.0,92.37,Low Risk
STU-7C9F7D37,4,62.3,71.88,31.09,49.2,3.03,9.0,6.0,69.14,High Risk
STU-19338EA5,3,99.39,95.23,75.19,93.23,1.96,3.0,7.0,90.93,Medium Risk
STU-BD60B0A0,2,44.88,43.88,25.06,11.98,3.14,1.0,0.0,68.95,Low Risk
STU-7DB316DA,4,65.12,35.16,83.8,56.46,2.41,7.0,0.0,90.67,Medium Risk
STU-3E7F0D2D,2,82.61,69.31,48.63,33.06,2.02,6.0,6.0,91.85,High Risk
STU-775814AA,4,35.35,65.09,70.48,33.59,3.0,3.0,4.0,40.46,Medium Risk
STU-A7663D84,3,44.87,77.42,44.3,88.98,3.32,2.0,6.0,86.3,Medium Risk
STU-43CE923E,4,36.32,90.81,71.87,38.03,3.07,0.0,0.0,86.4,Low Risk
STU-8DF10F27,1,99.54,64.78,90.58,12.1,2.39,4.0,0.0,74.93,Low Risk
STU-638857A7,1,84.44,32.01,74.62,58.57,1.78,5.0,1.0,35.5,Medium Risk
STU-E22875FE,3,59.28,67.85,72.07,97.38,3.43,2.0,2.0,24.17,Low Risk
STU-E0793D2A,4,45.16,49.93,79.38,17.12,2.04,9.0,4.0,67.53,High Risk
STU-CBB8FF3E,1,40.87,56.22,57.52,35.77,2.84,8.0,4.0,70.58,Medium Risk
STU-729F2011,1,69.57,96.76,33.72,52.26,1.35,9.0,5.0,97.47,High Risk
STU-532219D3,1,98.43,64.4,84.32,84.74,3.22,9.0,3.0,48.84,Medium Risk
STU-CC1DE40A,4,78.85,31.97,70.12,34.2,3.86,8.0,4.0,76.43,Medium Risk
STU-85025DE3,3,58.73,55.45,41.67,40.93,2.35,5.0,0.0,89.73,Low Risk
STU-FAF56CEA,2,67.56,38.27,38.45,44.6,2.65,4.0,4.0,82.9,Medium Risk
STU-CF0D53F3,1,99.93,30.84,57.49,44.17,3.7,1.0,4.0,49.36,Medium Risk
STU-700255EA,3,68.72,76.98,32.62,28.03,3.39,5.0,3.0,35.35,Medium Risk
STU-ADDC0F15,1,97.67,70.29,89.65,92.41,3.89,4.0,3.0,17.72,Low Risk
STU-FE92F6A0,3,36.06,59.82,82.03,81.36,1.8,2.0,4.0,79.44,Medium Risk
STU-279492E6,2,81.86,53.86,41.21,97.81,2.41,9.0,1.0,47.71,Medium Risk
STU-ED5FA193,3,75.77,45.78,19.2,43.39,2.37,2.0,0.0,57.66,Low Risk
STU-1B34BF3A,4,79.55,27.04,19.41,14.08,2.42,0.0,0.0,98.49,Medium Risk
STU-9FE04667,2,72.09,43.94,40.26,20.4,3.74,8.0,7.0,15.41,High Risk
STU-51CAAEA6,2,37.87,87.07,27.54,42.17,1.62,3.0,0.0,38.42,Medium Risk
STU-2CF75EC4,3,44.72,82.69,89.23,92.0,3.68,8.0,6.0,98.39,Medium Risk
STU-D3B2D2B1,1,94.95,97.79,50.77,98.3,2.71,3.0,3.0,56.48,Low Risk
STU-F30B4D28,4,50.14,72.49,44.58,83.98,2.61,4.0,6.0,94.7,Medium Risk
STU-07ED3812,1,99.54,64.29,33.52,31.46,2.25,4.0,0.0,87.37,Low Risk
STU-DA95B1BE,4,79.17,43.68,86.5,69.37,2.62,3.0,1.0,75.49,Low Risk
STU-178BCDD3,1,63.88,26.15,82.36,63.69,3.41,3.0,0.0,75.67,Low Risk
STU-AB8D7C1D,1,94.8,69.44,47.67,84.09,2.48,6.0,3.0,15.39,Medium Risk
STU-D738A844,2,86.67,59.05,29.4,55.88,3.33,6.0,6.0,40.26,Medium Risk
STU-B3B31A1A,4,62.88,80.73,95.92,38.63,2.25,5.0,6.0,52.47,Medium Risk
STU-CAB3DC98,4,39.46,52.95,41.85,11.73,1.55,2.0,1.0,59.18,Medium Risk
STU-F8FC5A26,1,91.44,98.84,80.54,81.55,2.24,5.0,4.0,52.73,Low Risk
STU-EFED14EE,1,84.73,51.81,54.36,57.72,3.17,8.0,2.0,52.1,Medium Risk
STU-DCD3D0A6,2,86.4,46.65,81.44,58.08,3.56,2.0,6.0,88.32,Low Risk
STU-8C6E4C3B,2,83.42,89.68,55.94,96.14,3.31,6.0,1.0,97.42,Low Risk
STU-A7C60E80,3,52.92,51.64,93.67,53.76,2.12,4.0,3.0,87.0,Medium Risk
STU-2AA31554,2,90.82,89.67,83.04,38.42,2.74,6.0,6.0,73.75,Medium Risk
STU-7232FFD0,3,35.15,22.19,37.12,40.59,2.08,1.0,6.0,77.58,High Risk
STU-C67C6143,3,50.42,75.41,51.58,11.06,3.11,2.0,5.0,77.67,Medium Risk
STU-4FBA5E34,3,38.03,25.75,23.55,21.01,2.31,1.0,1.0,82.97,Medium Risk
STU-B3CFFD4F,4,42.19,31.86,91.8,13.94,3.29,9.0,1.0,19.75,Medium Risk
STU-7BE04C75,1,69.6,76.01,20.89,31.89,1.04,6.0,3.0,21.36,High Risk
STU-7DE74225,1,37.42,43.18,16.55,15.82,2.02,8.0,6.0,23.28,High Risk
STU-2DE134E9,3,46.79,36.83,57.2,39.8,3.63,2.0,2.0,92.45,Medium Risk
STU-6F1E8A86,1,50.13,84.12,66.27,21.35,1.97,6.0,7.0,67.85,High Risk
STU-0FD48D33,1,77.6,95.7,33.97,92.61,2.18,9.0,4.0,53.7,Medium Risk
STU-605A1A22,4,65.47,38.59,63.5,94.45,3.37,6.0,3.0,80.47,Medium Risk
STU-F69EDEDA,3,64.8,45.38,91.12,64.31,1.28,2.0,4.0,33.71,Medium Risk
STU-8C63B579,2,84.95,77.13,68.22,82.49,1.94,4.0,4.0,83.43,Medium Risk
STU-1E5871E0,3,64.69,85.22,53.74,70.95,3.32,5.0,5.0,44.4,Medium Risk
STU-6B9BF4C6,2,57.65,99.93,27.28,83.0,3.87,4.0,7.0,68.93,Medium Risk
STU-27234CA5,4,97.56,41.87,29.36,67.58,3.35,7.0,6.0,98.93,Medium Risk
STU-A86C26D7,1,35.54,64.53,56.17,48.72,1.52,8.0,6.0,21.11,High Risk
STU-F1793D39,3,54.85,30.72,54.37,88.64,3.51,5.0,7.0,96.39,Medium Risk
STU-423569AF,3,74.61,46.47,59.4,49.43,2.43,1.0,7.0,80.26,Medium Risk
STU-AF7B6836,2,85.88,23.6,58.17,45.66,3.35,1.0,0.0,52.86,Low Risk
STU-8224EAA7,3,88.07,36.87,44.01,66.19,1.72,3.0,1.0,23.72,Medium Risk
STU-769F84FB,4,37.99,60.52,74.15,94.41,2.02,9.0,2.0,24.49,Medium Risk
STU-0CB58AE0,3,81.09,33.1,33.04,49.8,3.7,2.0,4.0,64.51,Medium Risk
STU-D59B3908,2,81.82,91.15,87.45,61.75,3.73,6.0,5.0,59.66,Medium Risk
STU-B1AACA38,3,48.92,76.82,31.52,54.31,1.86,3.0,6.0,60.51,High Risk
STU-FA39B7E7,4,42.33,22.22,50.35,91.88,1.25,2.0,7.0,38.63,High Risk
STU-8EC6E226,2,83.73,90.14,32.91,70.91,3.79,1.0,4.0,22.8,Low Risk
STU-BB86CB6A,3,51.22,98.19,67.57,47.76,1.9,3.0,1.0,82.95,Low Risk
STU-7AF524B7,2,35.11,60.15,55.6,64.62,1.36,4.0,0.0,33.85,Medium Risk
STU-76F3C39F,1,49.53,45.17,46.82,24.05,2.04,3.0,0.0,69.86,Medium Risk
STU-891D161F,1,37.02,41.08,55.39,40.77,1.85,9.0,2.0,46.01,High Risk
STU-94630637,4,51.2,26.99,50.81,76.26,1.24,8.0,7.0,68.89,High Risk
STU-2ABE86A5,3,56.78,59.33,87.69,60.62,3.95,0.0,0.0,80.4,Low Risk
STU-A6BE2938,1,52.64,24.01,25.56,38.28,1.88,8.0,2.0,31.49,High Risk
STU-64E1873B,4,94.8,60.31,82.42,42.61,1.82,7.0,2.0,16.17,Medium Risk
STU-6A2B7A7D,2,50.11,40.2,70.7,82.88,2.26,8.0,5.0,38.72,High Risk
STU-E6DB4369,3,65.39,58.11,44.61,58.68,2.24,2.0,5.0,96.71,Medium Risk
STU-00D6D3A8,1,97.23,53.47,93.12,31.49,2.3,8.0,5.0,30.56,High Risk
STU-83F62530,4,92.15,44.41,30.04,36.71,3.72,8.0,4.0,55.23,Medium Risk
STU-29133D90,3,55.1,55.89,41.37,52.11,1.18,1.0,2.0,46.74,Medium Risk
STU-97C52629,3,56.22,57.92,46.86,78.66,3.82,2.0,6.0,41.31,Medium Risk
STU-8988BB0B,1,73.57,86.7,70.06,99.77,3.0,7.0,3.0,77.13,Low Risk
STU-4148A156,2,94.66,73.26,95.44,26.72,3.09,6.0,5.0,76.34,Medium Risk
STU-983B9A36,1,35.65,54.65,65.44,77.94,1.47,1.0,2.0,81.31,Medium Risk
STU-F6A5282B,4,60.55,92.42,87.79,65.55,1.99,9.0,6.0,43.83,High Risk
STU-D457E058,1,90.24,80.46,91.92,57.81,1.16,8.0,2.0,45.53,Medium Risk
STU-849CCCA0,3,61.68,26.06,54.65,96.98,2.96,1.0,3.0,61.52,Low Risk
STU-20162BB9,1,81.8,32.3,55.16,39.05,2.02,0.0,1.0,15.32,Low Risk
STU-8BEF353F,1,79.98,26.53,36.25,25.93,2.65,8.0,5.0,96.08,High Risk
STU-BF054139,2,48.35,45.51,66.13,88.98,3.26,3.0,0.0,34.93,Low Risk
STU-20DA0D54,4,64.22,54.85,25.2,16.18,2.66,5.0,0.0,29.65,Medium Risk
STU-CBED85A4,3,71.8,60.34,68.92,83.54,1.21,4.0,0.0,69.18,Low Risk
STU-327D0676,4,81.51,88.11,90.9,63.03,1.18,3.0,7.0,87.09,High Risk
STU-37A01A0C,4,88.46,21.44,79.67,24.76,3.6,3.0,1.0,69.57,Low Risk
STU-E963AB98,1,84.4,54.26,70.18,30.46,1.79,2.0,5.0,68.48,Medium Risk
STU-EDC8B0E0,4,36.84,52.88,86.26,24.03,2.09,3.0,6.0,56.51,High Risk
STU-EA860246,2,78.59,95.8,77.03,74.65,1.66,3.0,3.0,90.71,Low Risk
STU-19D12E97,4,67.33,39.28,60.02,23.26,3.1,6.0,0.0,97.21,Low Risk
STU-1B4099B7,1,72.3,29.79,59.29,71.32,2.16,8.0,5.0,65.6,High Risk
STU-35BC793C,4,59.24,31.38,24.1,21.53,2.37,9.0,7.0,21.7,High Risk
STU-00FD2146,1,81.41,61.61,51.93,82.2,3.02,3.0,7.0,23.58,Medium Risk
STU-75083C72,2,78.8,51.27,59.41,92.75,2.87,5.0,6.0,50.63,Medium Risk
STU-5A12FC62,1,72.67,80.33,54.94,60.34,3.32,5.0,0.0,56.84,Low Risk
STU-42335813,1,91.0,45.85,80.96,96.96,3.25,4.0,7.0,69.45,Medium Risk
STU-9DB63819,2,41.62,30.24,28.68,45.13,2.32,4.0,7.0,99.44,High Risk
STU-B9277D7A,4,54.57,50.95,82.57,32.01,1.58,8.0,2.0,75.16,Medium Risk
STU-929D821A,3,67.18,90.64,78.04,25.96,1.67,1.0,1.0,89.23,Low Risk
STU-8929C380,1,97.31,52.44,91.57,53.11,3.12,5.0,0.0,95.14,Low Risk
STU-1D9AECE8,1,39.68,86.69,46.74,21.77,1.78,8.0,1.0,31.63,Medium Risk
STU-359AB3C8,2,56.91,49.72,30.01,88.82,2.32,2.0,6.0,43.36,Medium Risk
STU-6D5212C8,4,95.18,42.51,79.48,80.63,1.32,3.0,0.0,73.48,Low Risk
STU-9E21850C,1,93.37,81.99,65.02,60.59,1.37,5.0,0.0,70.5,Low Risk
STU-E7629788,2,91.24,36.74,75.56,74.93,1.75,6.0,0.0,50.97,Low Risk
STU-35EF6209,1,55.05,38.55,99.72,14.5,1.25,2.0,3.0,87.6,Medium Risk
STU-C0FE417C,2,90.04,23.99,31.54,28.32,1.82,7.0,2.0,98.38,High Risk
STU-DED28EC8,1,67.85,35.03,49.94,65.91,2.7,8.0,3.0,48.86,Medium Risk
STU-69D371BE,1,75.29,50.31,31.38,52.97,3.23,1.0,6.0,44.53,Medium Risk
STU-65C6F2B7,1,50.52,51.97,88.15,64.42,1.1,6.0,7.0,39.5,High Risk
STU-28DA56B5,1,80.93,53.65,16.44,18.01,2.8,6.0,1.0,62.71,Medium Risk
STU-97AF11CE,1,56.3,58.38,26.49,68.72,2.09,2.0,2.0,67.04,Medium Risk
STU-5E364F0C,3,57.35,65.75,36.07,82.33,1.68,1.0,7.0,30.47,High Risk
STU-65735B9A,1,76.39,35.15,80.56,59.16,1.1,8.0,6.0,38.97,High Risk
STU-6CEA4496,1,50.59,69.12,68.42,42.17,1.98,6.0,4.0,25.26,High Risk
STU-070EB6CF,1,49.59,46.92,48.03,25.72,3.37,3.0,3.0,91.87,Medium Risk
STU-41851E5B,4,59.0,78.72,28.49,33.88,2.59,9.0,2.0,70.12,Medium Risk
STU-F4688BB6,3,85.57,64.58,42.34,57.03,3.33,4.0,0.0,62.26,Low Risk
STU-E89BC3C1,3,49.6,64.34,78.19,33.0,2.24,6.0,6.0,93.52,High Risk
STU-8B6B8E8B,2,86.18,74.84,47.47,80.02,3.53,8.0,5.0,98.53,Medium Risk
STU-24E79903,1,80.21,46.64,54.32,21.86,1.45,4.0,0.0,17.11,Medium Risk
STU-8FD781D7,1,79.14,54.34,66.73,56.48,3.46,6.0,6.0,82.17,Medium Risk
STU-1A75A9EB,2,65.86,66.63,92.6,54.64,2.43,0.0,3.0,60.8,Low Risk
STU-8C043BD7,3,83.48,53.72,36.26,22.5,3.24,4.0,2.0,15.21,Medium Risk
STU-58473914,4,35.88,55.54,53.08,99.55,1.72,7.0,5.0,51.52,High Risk
STU-89500C47,4,54.86,41.8,41.38,84.08,2.46,1.0,3.0,80.78,Low Risk
STU-D7EAC846,2,79.14,42.99,54.63,44.79,3.2,7.0,4.0,78.14,Medium Risk
STU-B6DBD7E8,2,99.17,75.92,74.2,71.64,2.45,4.0,1.0,93.83,Low Risk
STU-C12CE4A3,1,35.16,20.34,55.98,74.49,2.37,7.0,7.0,67.82,High Risk
STU-C2CCD361,1,68.15,27.62,85.94,68.6,3.43,1.0,7.0,34.23,Medium Risk
STU-3A35CC80,4,95.05,95.9,62.03,48.92,1.49,7.0,3.0,76.73,Medium Risk
STU-016A318B,1,91.13,34.96,47.79,89.66,2.43,4.0,7.0,98.41,High Risk
STU-7F3476D0,4,36.5,53.45,81.5,79.44,3.47,3.0,7.0,90.25,Low Risk
STU-E182BC85,2,69.42,87.97,51.66,58.78,3.54,8.0,5.0,15.18,Medium Risk
STU-79D09B97,2,35.28,20.01,58.82,10.23,1.35,2.0,1.0,51.7,High Risk
STU-45C8813D,1,86.32,94.01,99.55,30.1,3.55,2.0,5.0,32.68,Medium Risk
STU-5C3D8FF7,3,55.08,24.28,81.85,55.79,1.04,7.0,2.0,56.95,High Risk
STU-9F083CC1,2,84.76,33.67,87.69,90.9,3.57,1.0,6.0,48.3,Medium Risk
STU-4938DE84,2,96.41,22.33,65.39,66.58,1.79,2.0,5.0,62.78,Medium Risk
STU-1BF83462,1,98.45,61.56,44.6,47.61,2.73,7.0,5.0,85.2,Medium Risk
STU-415D1237,1,93.12,95.45,99.26,14.31,1.03,8.0,6.0,69.63,High Risk
STU-2A746810,2,48.27,87.12,35.74,63.76,3.19,0.0,4.0,45.42,Low Risk
STU-33812081,2,47.65,71.18,89.19,41.57,2.29,7.0,6.0,43.74,High Risk
STU-64DAF44D,3,75.68,34.84,92.46,58.36,3.54,9.0,3.0,32.85,Medium Risk
STU-8A594BC0,3,70.36,89.57,84.49,78.98,2.67,6.0,2.0,58.82,Medium Risk
STU-1DEFCC2D,2,35.62,80.38,24.7,82.34,3.5,1.0,6.0,83.93,Low Risk
STU-81429084,3,60.46,41.35,87.6,87.79,2.83,0.0,5.0,15.09,Low Risk
STU-BBF64F33,1,93.93,84.41,71.42,67.24,3.24,6.0,5.0,75.23,Medium Risk
STU-79F2563C,3,93.39,90.17,72.87,91.51,3.24,7.0,5.0,58.1,Low Risk
STU-A3FDE2BE,1,48.25,75.86,81.86,72.16,1.74,0.0,3.0,88.1,Low Risk
STU-39410E2D,1,59.83,28.03,56.7,80.55,2.73,3.0,7.0,58.43,Medium Risk
STU-6973479A,1,71.42,98.74,37.71,71.69,3.62,2.0,5.0,89.7,Low Risk
STU-D54B3856,3,90.43,26.08,63.87,88.47,3.64,4.0,0.0,77.84,Low Risk
STU-D51D5056,1,69.58,72.36,24.24,30.06,2.15,8.0,2.0,56.27,High Risk
STU-311EE519,1,97.93,28.84,72.36,78.39,1.97,0.0,4.0,40.37,Medium Risk
STU-471005DC,2,86.94,92.43,56.05,20.54,2.96,2.0,5.0,97.82,Medium Risk
STU-2E1F0800,1,96.95,48.0,57.7,18.28,3.34,1.0,2.0,32.77,Low Risk
STU-B0DAAD03,3,82.55,60.92,30.79,54.25,1.11,0.0,5.0,81.18,Medium Risk
STU-4796A97C,3,92.05,34.3,18.51,37.02,1.28,5.0,4.0,73.16,High Risk
STU-FE12E04A,4,89.02,63.72,66.96,60.7,3.34,5.0,0.0,49.9,Low Risk
STU-B1F52FCC,1,51.5,95.11,71.0,71.0,2.31,8.0,5.0,76.06,Medium Risk
STU-236CB7E2,1,49.92,92.13,57.35,30.39,3.0,7.0,0.0,26.02,Medium Risk
STU-416CDE20,3,91.18,25.11,80.09,72.99,3.46,1.0,1.0,35.49,Low Risk
STU-A201C22B,3,40.5,50.26,62.92,99.59,3.27,8.0,1.0,76.13,Low Risk
STU-EDF2EEA6,1,61.56,41.39,87.1,78.4,3.43,5.0,0.0,25.87,Low Risk
STU-DC9FBF5F,3,88.34,58.51,39.49,25.64,2.54,8.0,0.0,92.02,Medium Risk
STU-4CA652C9,4,87.86,86.7,35.66,67.03,1.47,6.0,1.0,65.79,Medium Risk
STU-30D8C7EF,1,44.02,79.11,37.2,10.85,2.42,7.0,1.0,21.04,High Risk
STU-B88DD767,3,66.7,47.52,17.59,52.27,3.89,9.0,1.0,80.34,Medium Risk
STU-8A241A7A,1,66.19,50.61,91.55,58.0,1.92,6.0,2.0,52.19,Medium Risk
STU-89307865,4,56.04,72.34,99.93,97.51,2.26,7.0,0.0,40.19,Low Risk
STU-FA791221,2,94.62,35.54,84.4,76.35,3.3,8.0,3.0,60.16,Medium Risk
STU-047554A9,1,77.45,28.22,50.07,73.54,1.23,5.0,4.0,78.85,Medium Risk
STU-8F77329D,2,98.71,39.41,45.08,57.92,3.27,9.0,4.0,92.43,Medium Risk
STU-79AB060A,4,39.34,29.92,80.85,56.19,1.82,6.0,7.0,42.24,High Risk
STU-CFBAB127,3,60.63,48.16,58.35,99.29,1.8,1.0,4.0,74.02,Medium Risk
STU-4624F460,2,89.28,95.01,94.85,11.91,2.75,6.0,4.0,44.0,Medium Risk
STU-51ABA0B4,3,62.47,29.62,38.76,37.29,1.77,0.0,1.0,16.14,Medium Risk
STU-2265D4D8,3,52.02,85.47,42.52,22.04,2.92,9.0,1.0,96.83,Medium Risk
STU-C07E9742,1,99.86,62.77,99.9,38.35,3.73,3.0,6.0,40.33,Low Risk
STU-6DE6FC73,1,91.75,70.63,98.14,51.73,2.21,9.0,7.0,54.48,High Risk
STU-C55DCD99,3,70.52,33.61,90.24,40.77,3.83,2.0,0.0,70.18,Low Risk
STU-3DC650BE,2,71.51,32.11,49.39,96.64,3.83,3.0,7.0,72.78,Medium Risk
STU-213F8FAD,1,35.45,33.02,86.2,71.25,1.62,4.0,1.0,84.92,Medium Risk
STU-CDD00395,3,98.76,73.37,39.09,75.52,2.3,9.0,7.0,47.46,High Risk
STU-EA4E5AFB,2,87.41,79.82,36.65,76.81,3.97,3.0,7.0,75.14,Medium Risk
STU-E4C562D9,2,37.39,93.62,61.45,90.93,1.39,3.0,4.0,67.3,Medium Risk
STU-0D7BEEBD,1,46.46,51.86,88.12,79.12,2.43,7.0,6.0,98.75,Medium Risk
STU-A772046D,3,88.37,56.96,23.29,11.46,2.3,1.0,2.0,77.87,Low Risk
STU-9269B42C,3,40.65,57.57,63.05,33.53,3.43,0.0,6.0,95.3,Medium Risk
STU-2A28B2EF,3,96.22,41.59,66.83,99.02,1.49,7.0,7.0,39.1,High Risk
STU-5990B353,1,99.99,46.26,64.28,68.69,1.66,6.0,5.0,53.76,High Risk
STU-1EADEE7C,3,92.62,87.75,33.57,16.13,1.53,1.0,2.0,59.99,Medium Risk
STU-A0D19281,4,83.03,47.5,20.45,52.0,1.5,2.0,3.0,87.1,Medium Risk
STU-DC6D7593,2,66.67,89.53,91.07,98.28,1.77,0.0,7.0,51.1,Medium Risk
STU-B113E11A,1,40.36,44.42,63.83,99.36,2.58,5.0,0.0,62.35,Low Risk
STU-2A0F201E,3,82.48,47.19,80.27,48.92,3.12,3.0,2.0,26.67,Low Risk
STU-95722F33,1,60.8,64.82,45.98,90.37,2.14,7.0,2.0,31.36,Medium Risk
STU-3658949C,1,72.06,28.25,18.61,63.28,2.34,2.0,7.0,48.22,High Risk
STU-CBFB399D,1,54.07,93.76,37.06,55.85,3.38,0.0,2.0,19.29,Low Risk
STU-9159E775,1,50.74,85.63,21.24,47.07,2.58,9.0,4.0,21.49,High Risk
STU-BF20BDA6,2,56.08,73.64,21.65,90.29,2.77,0.0,4.0,74.86,Medium Risk
STU-E0523AAC,1,87.9,99.05,33.23,65.9,2.55,5.0,6.0,21.03,Medium Risk
STU-A7C71141,4,62.72,21.28,68.85,40.04,3.37,6.0,3.0,15.16,Medium Risk
STU-6BA154EA,2,55.26,52.88,84.51,54.27,1.55,7.0,1.0,20.32,Medium Risk
STU-DD09F039,3,63.14,88.67,84.82,49.97,3.94,0.0,1.0,69.3,Low Risk
STU-09D0CC54,2,37.1,54.64,94.71,50.6,3.64,4.0,1.0,62.78,Low Risk
STU-61825425,3,92.89,20.42,70.79,38.04,2.2,4.0,6.0,84.26,Medium Risk
STU-CBD5FB86,2,70.86,32.62,16.69,66.97,2.25,5.0,2.0,32.48,Medium Risk
STU-AD5E47AA,3,41.81,54.73,47.08,14.7,3.55,8.0,1.0,65.09,Medium Risk
STU-0F616233,4,53.75,73.44,24.47,89.75,2.34,2.0,5.0,83.59,Medium Risk
STU-37A3F00E,3,98.93,33.01,81.08,47.39,2.52,0.0,1.0,76.09,Low Risk
STU-0C2AA370,2,73.55,55.84,25.17,82.08,3.24,2.0,7.0,42.04,Medium Risk
STU-364DCB1A,3,53.94,21.02,24.0,75.65,2.16,7.0,4.0,67.52,High Risk
STU-009DEAE2,2,62.71,58.2,17.4,52.47,2.36,9.0,4.0,77.2,High Risk
STU-01B5E083,1,51.8,91.67,96.22,27.88,1.11,2.0,1.0,84.62,Low Risk
STU-3D211B69,1,37.07,67.74,81.79,60.6,1.4,6.0,4.0,99.03,Medium Risk
STU-6991552A,4,89.73,55.25,43.33,95.33,2.38,8.0,7.0,48.96,High Risk
STU-F10AA755,1,54.01,32.98,47.0,26.72,1.14,7.0,4.0,17.58,High Risk
STU-28534E6D,4,89.5,36.19,20.05,33.04,1.92,4.0,2.0,59.49,Medium Risk
STU-E1754552,1,66.11,26.12,28.42,99.37,2.31,7.0,3.0,42.34,Medium Risk
STU-66A19441,2,46.89,79.39,41.47,90.33,1.3,0.0,4.0,40.67,Medium Risk
STU-6C8CA3FB,3,87.12,26.17,47.97,59.46,1.2,1.0,7.0,73.09,High Risk
STU-DF5B1E63,1,59.51,50.72,67.7,72.53,1.05,2.0,7.0,18.69,High Risk
STU-F4103BB4,3,81.0,79.99,44.78,49.88,2.46,3.0,3.0,61.03,Medium Risk
STU-68D16D4B,3,89.42,77.03,96.14,46.37,1.44,0.0,6.0,68.96,Medium Risk
STU-D43C7D25,2,97.59,66.2,44.14,49.89,3.07,7.0,6.0,76.73,High Risk
STU-920196FE,3,40.58,65.7,95.04,47.3,2.48,3.0,5.0,96.82,Medium Risk
STU-D92ADAF2,1,35.55,27.23,77.04,70.8,1.06,6.0,0.0,15.75,Medium Risk
STU-7BBEB299,2,70.65,33.99,91.49,39.74,1.18,9.0,1.0,59.5,High Risk
STU-33AA69A8,1,52.18,62.78,74.77,25.37,3.75,1.0,6.0,89.29,Medium Risk
STU-1C7F99FF,2,65.49,47.85,63.33,73.59,1.37,5.0,7.0,32.33,High Risk
STU-DC913E3F,4,39.72,21.51,58.27,12.82,3.27,8.0,3.0,97.97,High Risk
STU-901E8629,3,67.6,83.85,39.76,74.69,1.74,6.0,7.0,31.17,High Risk
STU-C6371004,3,43.12,72.31,40.34,33.69,1.96,6.0,3.0,69.15,High Risk
STU-FE86A58D,3,89.51,46.06,33.97,27.12,1.07,2.0,0.0,21.35,Medium Risk
STU-7AE3F460,1,84.37,27.86,47.77,44.11,2.67,6.0,1.0,59.13,Medium Risk
STU-D9029268,3,39.81,67.3,25.79,20.57,2.4,8.0,5.0,36.29,High Risk
STU-C6D9B03F,3,89.36,47.88,47.95,44.6,3.23,6.0,1.0,41.45,Medium Risk
STU-862C4094,1,56.12,40.43,85.87,19.21,3.72,1.0,6.0,46.46,Medium Risk
STU-FF4AE20C,4,57.94,77.72,88.97,53.51,2.64,6.0,1.0,34.84,Medium Risk
STU-349139E2,3,46.69,46.25,69.64,25.86,3.86,9.0,5.0,88.69,Medium Risk
STU-3D25F5D8,1,89.29,30.88,36.83,21.7,1.44,8.0,7.0,27.93,High Risk
STU-EB9392E6,2,61.31,58.53,35.43,62.12,2.03,6.0,4.0,51.56,High Risk
STU-3F9E8D41,2,38.17,86.28,38.62,66.27,3.49,0.0,2.0,98.41,Low Risk
STU-268804AC,2,97.81,87.97,57.5,10.5,2.66,6.0,2.0,64.97,Medium Risk
STU-85D5EFB9,3,51.63,87.95,98.0,44.89,2.64,0.0,4.0,68.66,Low Risk
STU-0E496145,4,95.85,53.67,24.28,17.02,2.38,1.0,1.0,76.98,Low Risk
STU-4A2B1E89,3,54.58,83.27,57.54,76.48,1.06,8.0,5.0,88.71,Medium Risk
STU-AE8EAE4B,4,89.04,88.02,72.99,71.34,1.24,2.0,0.0,84.73,Low Risk
STU-F90902D8,4,78.17,56.76,35.88,14.48,1.27,7.0,4.0,45.95,High Risk
STU-54E594C9,4,90.98,45.5,97.37,94.71,1.57,0.0,6.0,86.19,Medium Risk
STU-086F3161,1,98.45,76.16,44.67,96.4,1.28,8.0,4.0,32.4,High Risk
STU-05F6CB3F,2,91.65,92.36,94.25,40.12,1.32,9.0,5.0,49.4,High Risk
STU-20E0580B,1,61.24,97.77,65.78,21.76,2.91,5.0,5.0,71.79,Medium Risk
STU-55165FE9,2,87.94,43.22,15.35,20.29,1.36,0.0,7.0,35.79,High Risk
STU-8AC293EE,4,81.26,96.49,41.44,85.66,2.4,6.0,5.0,45.15,Medium Risk
STU-E6CC2B16,1,39.0,59.94,16.83,51.32,1.19,4.0,3.0,58.55,High Risk
STU-0983FD8F,3,95.43,44.48,47.43,10.86,1.81,4.0,6.0,35.51,High Risk
STU-060BE176,3,65.29,99.07,94.27,93.28,3.77,8.0,5.0,79.66,Medium Risk
STU-CD645C1A,1,43.74,90.22,81.22,63.35,1.09,5.0,4.0,76.92,Medium Risk
STU-99B4313F,1,62.65,75.39,67.71,72.14,3.63,8.0,6.0,93.38,Medium Risk
STU-BFF7DE7D,2,74.2,91.6,60.78,84.12,3.28,1.0,6.0,20.58,Medium Risk
STU-4AF94A35,1,72.24,74.52,46.67,83.67,3.76,3.0,6.0,91.5,Low Risk
STU-892477D4,3,72.36,55.23,32.98,16.82,3.36,5.0,1.0,16.35,Medium Risk
STU-F03AAEAC,2,51.63,95.84,20.31,61.66,3.48,2.0,4.0,85.04,Medium Risk
STU-34734DC5,2,76.13,97.06,31.16,72.66,1.32,9.0,2.0,36.84,High Risk
STU-921FA412,1,93.98,45.13,44.88,17.71,3.51,9.0,2.0,70.48,Medium Risk
STU-C7774CBB,2,60.26,48.35,59.2,30.02,2.43,2.0,6.0,71.89,Medium Risk
STU-AB2AA44C,1,75.99,50.62,32.37,45.62,2.05,9.0,4.0,47.81,High Risk
STU-89B7649A,4,50.86,85.77,97.82,89.79,1.46,9.0,7.0,32.58,High Risk
STU-F1D07629,2,38.14,83.29,21.53,86.56,1.0,0.0,0.0,18.1,Medium Risk
STU-0125D06A,4,73.07,98.65,23.06,80.39,2.93,4.0,3.0,64.25,Low Risk
STU-E612FEF4,3,38.09,57.22,73.02,99.12,3.18,5.0,5.0,74.82,Medium Risk
STU-2040DC80,3,82.03,78.94,79.18,31.84,2.16,3.0,4.0,46.85,Medium Risk
STU-82B7E9E9,2,78.57,88.54,97.66,52.1,1.49,8.0,7.0,31.21,High Risk
STU-C591A278,1,59.01,37.7,60.09,50.21,1.43,5.0,7.0,28.79,High Risk
STU-38F732A6,2,61.73,69.64,29.1,71.1,1.5,2.0,1.0,37.57,Medium Risk
STU-740E1241,1,94.65,63.82,94.72,86.51,1.17,6.0,7.0,82.99,High Risk
STU-A2BA8399,4,35.85,79.43,98.32,54.25,2.08,4.0,0.0,27.86,Low Risk
STU-52B1938E,2,71.61,75.63,93.5,54.24,2.85,8.0,1.0,51.93,Low Risk
STU-8217E58F,4,95.02,85.02,89.09,64.75,2.34,4.0,1.0,70.4,Low Risk
STU-8A3F68DE,3,94.41,44.89,21.59,76.82,1.38,6.0,5.0,87.02,High Risk
STU-B7E68701,1,73.0,37.31,87.66,28.12,3.45,5.0,3.0,58.52,Medium Risk
STU-60F9B566,3,59.78,84.42,96.02,96.57,1.86,9.0,3.0,72.82,Medium Risk
STU-40446F4D,1,41.43,48.85,61.95,18.28,2.81,2.0,2.0,58.4,Medium Risk
STU-E8A4DAE1,1,46.3,43.01,80.67,12.08,1.74,9.0,1.0,79.38,Medium Risk
STU-121685A1,1,79.18,46.95,71.18,42.29,2.78,6.0,6.0,81.77,Medium Risk
STU-96F6C965,4,36.08,25.31,39.48,73.13,1.39,3.0,4.0,81.42,Medium Risk
STU-6EDB2783,2,92.43,81.85,64.94,98.03,2.97,5.0,6.0,77.55,Low Risk
STU-839A1595,3,73.22,77.21,90.6,93.95,2.72,5.0,1.0,83.76,Low Risk
STU-3256472E,2,37.93,64.22,57.19,71.96,2.56,2.0,2.0,83.07,Medium Risk
STU-A5F2955C,2,50.58,77.29,65.16,49.29,1.65,1.0,1.0,88.41,Low Risk
STU-545696B8,2,73.62,49.85,60.17,63.62,2.59,2.0,3.0,54.7,Low Risk
STU-F5F8BA6A,2,37.31,43.63,39.0,97.18,3.69,7.0,7.0,90.46,Medium Risk
STU-65D21D04,1,85.7,88.98,69.71,33.9,1.38,0.0,2.0,21.35,Low Risk
STU-AEB3B858,2,94.79,53.8,58.3,53.05,3.11,2.0,7.0,45.37,Medium Risk
STU-A5FE54FA,3,97.48,35.67,34.77,72.36,1.34,5.0,0.0,93.53,Medium Risk
STU-59E5D0C0,1,82.69,79.92,91.11,10.93,2.01,6.0,6.0,50.23,High Risk
STU-752A98DB,4,90.69,46.87,95.75,44.31,3.05,9.0,1.0,88.43,Low Risk
STU-92A45E1B,1,74.7,36.95,19.71,61.11,2.68,3.0,6.0,62.07,High Risk
STU-1ECD9DB2,2,64.81,22.18,67.9,91.08,3.03,7.0,1.0,36.9,Medium Risk
STU-37627DD2,1,81.35,97.65,50.28,99.28,3.89,7.0,5.0,23.3,Medium Risk
STU-411F9310,1,49.57,57.38,59.71,60.07,3.91,3.0,3.0,74.25,Low Risk
STU-74CDA1D0,4,42.14,32.94,46.78,95.01,3.74,3.0,0.0,34.03,Low Risk
STU-DE40C4F6,4,84.52,80.62,55.32,18.93,2.48,4.0,7.0,64.03,High Risk
STU-AFB92E13,3,97.28,91.01,42.49,73.11,2.02,2.0,1.0,48.39,Low Risk
STU-6DAD346C,4,72.54,62.24,25.0,46.05,1.84,5.0,1.0,71.96,Medium Risk
STU-8A1C68DC,4,66.37,22.27,40.67,77.59,2.73,8.0,0.0,67.86,Medium Risk
STU-E5BB89CD,3,69.74,49.21,71.98,88.1,2.36,1.0,5.0,66.67,Medium Risk
STU-EA805C11,4,66.1,39.45,19.28,14.84,3.98,2.0,3.0,58.84,Medium Risk
STU-07E6BA6B,2,63.74,70.91,47.53,94.19,2.61,9.0,6.0,73.56,Medium Risk
STU-1310EC2F,3,96.56,61.51,18.6,16.13,1.99,0.0,4.0,75.68,Medium Risk
STU-2877315D,3,66.18,48.46,45.28,77.81,2.91,5.0,0.0,32.91,Low Risk
STU-5E84A099,1,40.27,71.88,22.45,16.22,1.13,2.0,3.0,65.66,High Risk
STU-6347E1D6,4,84.76,66.75,43.87,87.55,1.33,0.0,5.0,16.12,Medium Risk
STU-3B51C8ED,1,60.45,92.52,86.24,28.45,2.99,6.0,1.0,58.91,Medium Risk
STU-944B5EE0,4,81.2,67.74,67.14,49.07,1.37,5.0,0.0,82.5,Low Risk
STU-C38C2A4B,2,72.67,60.62,73.0,93.94,3.27,9.0,7.0,20.14,Medium Risk
STU-6B4845E4,2,81.36,85.89,57.82,81.29,1.19,9.0,6.0,42.43,High Risk
STU-BA8E0B9C,1,39.03,36.19,93.4,80.72,2.78,6.0,3.0,18.09,Medium Risk
STU-82E9B8A5,4,37.2,39.49,61.0,78.7,3.04,6.0,1.0,63.08,Medium Risk
STU-82DB9D4F,1,59.61,82.69,23.86,61.25,3.34,1.0,2.0,93.73,Low Risk
STU-E6111ACA,3,80.06,55.39,94.31,95.63,3.66,3.0,3.0,42.56,Low Risk
STU-2D6F270E,3,49.54,52.74,26.31,84.85,1.94,4.0,7.0,46.07,High Risk
STU-EB704660,2,63.17,90.97,99.93,49.63,3.16,8.0,3.0,33.12,Medium Risk
STU-5EE783C6,4,98.75,68.81,52.01,76.83,1.24,7.0,3.0,77.59,Medium Risk
STU-AECFA1AF,1,48.97,84.23,21.25,99.83,3.49,7.0,1.0,58.02,Low Risk
STU-CC36BE1B,3,90.12,84.79,88.45,88.39,3.67,8.0,5.0,38.5,Medium Risk
STU-DD895CC2,2,88.65,29.6,22.9,10.11,3.25,6.0,4.0,18.63,Medium Risk
STU-07A6143A,1,92.94,72.3,29.83,76.41,1.84,5.0,4.0,87.48,Medium Risk
STU-B91053EC,1,94.48,96.2,50.47,90.81,1.19,8.0,2.0,73.78,Medium Risk
STU-1D674901,3,67.98,58.4,72.48,39.5,2.26,4.0,0.0,98.03,Low Risk
STU-BECFABD3,4,79.33,78.57,25.3,97.97,1.81,4.0,6.0,62.74,Medium Risk
STU-EFBD6684,1,75.23,65.34,67.92,46.12,2.59,2.0,2.0,96.51,Low Risk
STU-2F7FEE9A,1,55.08,36.39,81.33,47.91,2.18,8.0,7.0,74.2,High Risk
STU-E4B7601F,4,53.19,35.62,25.5,24.48,1.41,1.0,7.0,51.59,High Risk
STU-B0F851B1,1,57.2,54.71,70.04,18.69,3.51,9.0,7.0,34.88,High Risk
STU-18F8D351,2,49.2,58.64,96.5,58.29,3.59,2.0,0.0,20.06,Low Risk
STU-1D4E8B68,2,84.23,60.25,97.23,64.25,3.44,3.0,6.0,15.44,Low Risk
STU-C96159EF,1,97.7,96.4,28.74,43.02,1.63,0.0,7.0,85.63,Medium Risk
STU-5732D96D,3,91.41,28.02,79.57,64.59,2.29,1.0,0.0,67.98,Low Risk
STU-75F121DC,4,49.17,50.44,86.96,45.52,1.51,4.0,2.0,30.87,Medium Risk
STU-1A334090,2,38.37,61.16,90.56,88.14,3.0,5.0,2.0,73.3,Low Risk
STU-45446620,3,84.21,97.05,42.51,95.84,3.41,5.0,3.0,92.95,Low Risk
STU-47FC7E7A,3,60.36,60.35,37.96,63.42,2.74,2.0,1.0,19.8,Medium Risk
STU-27A59F7D,2,88.6,82.02,19.07,85.8,2.64,3.0,7.0,83.36,Medium Risk
STU-9F173AEC,1,85.65,79.94,48.96,86.84,3.14,8.0,4.0,86.01,Medium Risk
STU-85AA9CB1,3,75.65,65.32,25.54,74.24,1.34,0.0,0.0,70.42,Low Risk
STU-CDA28B6A,2,51.6,30.46,81.83,27.28,1.74,8.0,0.0,94.58,High Risk
STU-E6A2A376,1,41.76,37.5,27.15,23.94,1.94,7.0,3.0,97.14,High Risk
STU-17618938,4,51.42,39.21,84.61,92.75,2.6,3.0,4.0,80.7,Medium Risk
STU-1A1D6DEB,3,68.13,23.09,24.15,33.86,3.93,3.0,7.0,29.3,High Risk
STU-5991C477,4,98.67,50.34,55.85,32.17,3.59,4.0,1.0,22.05,Low Risk
STU-52637FED,1,39.14,68.84,47.69,24.95,1.74,9.0,7.0,50.97,High Risk
STU-07BF4BBC,4,48.0,31.54,66.13,57.47,1.7,1.0,3.0,49.11,Medium Risk
STU-731F171B,3,75.77,34.0,59.1,70.93,2.31,6.0,5.0,27.18,High Risk
STU-BB8B0EE9,4,54.78,76.56,65.88,70.85,3.92,1.0,7.0,18.4,Medium Risk
STU-46EAE862,4,90.8,33.54,15.08,33.49,1.46,6.0,1.0,36.13,High Risk
STU-F435B92F,4,44.06,30.83,25.84,18.53,3.87,4.0,5.0,39.54,High Risk
STU-536FD7E2,4,97.61,98.23,58.96,37.92,1.57,6.0,0.0,93.49,Low Risk
STU-EC79C81E,1,94.3,21.18,34.52,55.31,3.66,0.0,7.0,98.3,Low Risk
STU-DFA01DE9,3,92.69,46.03,21.49,65.12,3.49,8.0,6.0,98.75,Medium Risk
STU-0F172590,1,46.25,22.79,33.5,34.35,3.65,3.0,4.0,84.03,Medium Risk
STU-6B428380,3,56.42,87.04,81.29,26.48,3.68,9.0,0.0,80.56,Low Risk
STU-57FEBE91,4,87.27,66.68,61.04,85.74,1.65,7.0,3.0,94.75,Medium Risk
STU-CB8C757D,1,87.51,23.84,31.16,87.21,3.34,5.0,1.0,43.93,Low Risk
STU-8BD1C7D3,3,80.84,69.23,16.36,35.2,3.05,3.0,1.0,60.76,Low Risk
STU-707D35BB,3,64.12,29.85,45.4,60.41,3.64,9.0,0.0,64.94,Medium Risk
STU-E3A213F4,1,55.25,59.66,45.38,49.58,2.47,7.0,3.0,63.87,Medium Risk
STU-8FD4363B,1,97.59,73.55,77.49,22.78,2.24,8.0,7.0,51.71,High Risk
STU-0EBCDB92,1,44.05,31.88,93.15,94.65,3.18,4.0,4.0,97.92,Low Risk
STU-4BF96A80,1,37.84,59.76,46.62,10.88,1.81,9.0,2.0,42.16,High Risk
STU-92202678,3,35.59,56.59,73.49,26.88,3.46,7.0,5.0,33.83,High Risk
STU-BE94F377,2,85.38,93.26,68.97,41.1,1.86,3.0,6.0,77.75,Medium Risk
STU-14D52514,1,38.69,99.66,50.88,87.08,1.13,9.0,3.0,93.05,High Risk
STU-32DC4C75,4,70.01,72.36,20.6,80.98,2.65,3.0,4.0,97.3,Low Risk
STU-91B5DF59,3,58.87,88.39,55.24,62.19,3.51,8.0,5.0,83.31,Medium Risk
STU-72B6CBC8,2,44.55,71.75,45.1,72.55,3.07,6.0,7.0,47.57,Medium Risk
STU-E291F088,1,83.14,90.1,61.77,40.68,3.97,4.0,4.0,84.22,Low Risk
STU-9341E13D,3,38.58,54.66,25.66,94.65,1.42,6.0,1.0,79.83,Medium Risk
STU-A8F626EB,2,55.7,68.64,76.56,12.41,2.03,0.0,2.0,49.23,Low Risk
STU-56B6105E,3,71.54,87.61,81.96,19.08,2.14,1.0,7.0,23.89,High Risk
STU-7A87B374,3,61.16,93.45,48.02,93.3,1.17,3.0,6.0,87.6,Medium Risk
STU-F884969C,1,51.84,21.97,29.9,95.05,1.13,9.0,5.0,40.97,High Risk
STU-D6F90D4A,4,95.19,28.32,68.0,54.15,1.09,1.0,2.0,24.61,Medium Risk
STU-584BD2F6,2,95.51,94.49,96.24,61.88,2.23,5.0,2.0,98.87,Low Risk
STU-62476669,2,62.05,65.48,74.54,91.23,3.53,1.0,0.0,93.71,Low Risk
STU-B9F3877F,4,60.59,99.22,25.5,86.81,3.13,7.0,1.0,79.33,Medium Risk
STU-17090986,2,54.98,83.41,48.76,87.58,2.34,6.0,3.0,20.74,Medium Risk
STU-63E54B06,3,90.62,85.45,92.81,43.46,1.79,4.0,0.0,76.45,Low Risk
STU-61130894,3,71.91,50.89,68.93,84.75,1.05,9.0,7.0,71.16,High Risk
STU-47A11041,1,40.82,40.6,27.51,16.24,1.53,0.0,6.0,35.95,High Risk
STU-7734AF31,4,90.47,67.86,76.59,53.83,2.16,7.0,0.0,54.0,Medium Risk
STU-AC89A654,2,69.77,90.32,45.05,31.37,2.11,3.0,2.0,96.98,Medium Risk
STU-76C068E8,2,62.01,78.06,56.61,13.22,1.78,3.0,2.0,16.5,Medium Risk
STU-CCFE2BA0,4,56.96,57.77,50.28,65.55,3.99,3.0,4.0,54.9,Low Risk
STU-0E7E2947,2,41.46,80.26,76.68,16.86,2.34,0.0,4.0,64.63,Medium Risk
STU-1CEF5E59,3,97.19,75.23,33.52,20.81,1.8,9.0,1.0,88.8,Medium Risk
STU-887E0431,4,83.18,93.04,48.01,17.36,2.22,9.0,1.0,74.94,Medium Risk
STU-679F663E,1,43.57,41.08,78.29,97.75,1.84,1.0,3.0,23.51,Medium Risk
STU-9AB2D2B7,1,68.23,29.54,74.91,13.53,2.06,6.0,0.0,47.08,Medium Risk
STU-6B4A15D4,1,71.11,57.6,32.15,34.28,1.38,0.0,2.0,25.59,Medium Risk
STU-4D089F06,4,45.91,48.89,44.81,68.68,1.0,4.0,2.0,94.13,Medium Risk
STU-5D8B41E1,1,62.77,97.99,16.22,84.1,2.47,8.0,7.0,73.76,High Risk
STU-B3190CFB,2,76.97,20.6,60.06,64.74,2.47,7.0,1.0,36.25,Medium Risk
STU-8373DE02,2,53.46,94.67,38.88,97.89,1.47,7.0,4.0,27.02,Medium Risk
STU-7EA40192,2,56.55,96.41,16.01,40.39,3.5,4.0,5.0,25.52,Medium Risk
STU-CA8CA640,3,42.93,24.08,51.1,52.48,1.58,3.0,3.0,58.49,High Risk
STU-1785BE1C,4,61.86,91.17,93.78,83.92,3.31,9.0,5.0,37.26,Medium Risk
STU-993C24C2,2,72.95,57.66,93.49,71.35,1.57,1.0,0.0,97.24,Low Risk
STU-4A5055D8,2,42.57,81.29,46.63,29.27,1.84,0.0,6.0,48.37,High Risk
STU-7076D7A2,3,74.96,26.34,53.18,54.88,1.81,1.0,1.0,99.39,Medium Risk
STU-5C1ACAE9,2,60.86,96.42,35.63,97.84,1.69,6.0,4.0,88.2,Medium Risk
STU-B9BFFB59,4,79.08,68.6,20.81,87.67,3.86,5.0,4.0,91.99,Low Risk
STU-56BE5941,2,55.46,91.9,73.98,27.26,1.79,6.0,0.0,48.05,Medium Risk
STU-029B7CF1,2,71.95,73.84,83.0,26.18,2.45,9.0,6.0,25.32,High Risk
STU-A0FBBFA9,4,74.83,62.94,89.81,84.56,3.21,2.0,0.0,86.36,Low Risk
STU-A493AE6A,2,79.88,33.8,94.5,27.9,1.96,4.0,5.0,15.43,High Risk
STU-77412AB8,1,84.2,34.24,92.86,50.75,1.04,2.0,1.0,53.1,Medium Risk
STU-82B3059C,1,43.86,57.81,17.33,26.27,3.29,8.0,7.0,27.47,High Risk
STU-73ABF548,4,97.74,89.64,98.14,11.32,1.85,7.0,0.0,91.7,Medium Risk
STU-8ED25E2C,3,89.84,29.22,47.26,88.79,3.62,6.0,2.0,88.82,Low Risk
STU-409517B2,2,71.55,99.87,90.32,80.11,2.47,5.0,6.0,26.7,Medium Risk
STU-E4A82C9E,4,92.87,90.07,52.46,52.35,2.87,3.0,4.0,61.88,Low Risk
STU-E00F0C59,2,59.86,51.4,50.89,24.36,3.85,3.0,6.0,34.9,Medium Risk
STU-ED1A6F4A,2,37.23,40.25,15.95,82.58,3.61,1.0,4.0,58.73,Medium Risk
STU-F3915348,3,82.26,93.76,19.46,42.34,3.38,5.0,2.0,98.0,Low Risk
STU-2492A389,3,96.32,29.86,72.06,69.58,2.59,5.0,3.0,34.59,Medium Risk
STU-B6914461,2,45.52,47.78,94.7,38.5,1.51,9.0,3.0,20.55,High Risk
STU-81DFB366,1,76.85,26.71,34.07,48.91,3.52,1.0,7.0,36.63,Medium Risk
STU-BFDFDE18,1,87.87,96.28,22.98,58.19,1.28,6.0,6.0,98.66,High Risk
STU-3920E422,3,93.83,69.41,33.18,78.58,3.66,9.0,0.0,21.94,Medium Risk
STU-417B96B8,4,52.97,46.89,33.05,84.89,3.3,3.0,5.0,18.2,Medium Risk
STU-AAC2AFA0,3,43.37,42.04,39.92,49.92,3.41,5.0,1.0,27.87,Medium Risk
STU-9B4DE060,4,51.11,55.53,23.05,30.97,2.13,5.0,3.0,83.55,Medium Risk
STU-93682807,3,72.55,27.31,35.02,23.83,1.25,6.0,5.0,55.07,High Risk
STU-D3B13640,4,94.72,91.15,93.31,40.67,3.18,2.0,1.0,43.77,Low Risk
STU-85AEB260,1,72.86,60.88,90.67,82.16,3.93,4.0,7.0,70.89,Low Risk
STU-71926D22,2,94.78,78.01,41.89,34.66,3.58,4.0,1.0,23.19,Low Risk
STU-19FBB41D,2,85.05,38.7,99.74,14.28,3.52,3.0,3.0,74.21,Low Risk
STU-6A83730A,2,73.9,60.3,40.36,60.78,2.9,9.0,7.0,40.83,High Risk
STU-482D4A3A,3,36.42,36.89,76.36,13.03,1.35,9.0,7.0,87.82,High Risk
STU-11CB1184,4,56.65,85.29,69.74,89.64,3.59,9.0,1.0,76.56,Low Risk
STU-A511672F,2,38.73,82.02,20.49,71.03,1.67,6.0,7.0,89.6,High Risk
STU-F31E56EF,4,55.95,31.86,44.1,33.12,1.79,4.0,0.0,30.71,Medium Risk
STU-EAFAB098,2,39.05,25.96,95.88,52.22,3.27,2.0,2.0,27.61,Low Risk
STU-D2955D88,2,45.91,85.94,19.32,76.53,3.15,3.0,7.0,75.47,Medium Risk
STU-778621EA,3,61.69,28.77,29.87,92.41,1.22,1.0,5.0,93.29,Medium Risk
STU-6C8C07BB,1,68.47,63.88,97.53,88.7,1.76,2.0,5.0,83.41,Low Risk
STU-79FC0123,2,49.11,62.76,18.38,16.26,3.45,4.0,2.0,94.95,Low Risk
STU-3A97B052,3,82.62,36.24,52.96,17.3,3.85,0.0,0.0,15.94,Low Risk
STU-84242263,4,73.37,67.31,93.06,63.8,1.8,3.0,0.0,30.19,Low Risk
STU-AF733070,3,79.96,60.22,95.21,54.68,3.28,4.0,4.0,67.57,Low Risk
STU-4C8A0567,2,82.63,60.74,98.24,36.36,2.52,4.0,2.0,50.94,Low Risk
STU-427E5F5A,1,82.25,48.78,55.91,97.86,2.14,7.0,0.0,80.05,Low Risk
STU-36990455,4,95.86,87.07,22.35,77.16,3.69,2.0,3.0,20.73,Low Risk
STU-760DD50D,2,50.42,26.75,80.68,71.86,2.64,8.0,1.0,68.62,Medium Risk
STU-E26A645D,4,52.56,55.09,75.26,26.32,3.08,3.0,5.0,93.99,Medium Risk
STU-19A4B2B7,2,41.12,40.79,64.27,35.55,2.78,9.0,7.0,34.52,High Risk
STU-11B213D2,3,73.52,87.87,90.5,64.45,2.93,4.0,0.0,72.88,Low Risk
STU-B5C7DB97,3,60.69,38.01,92.48,81.6,2.55,1.0,6.0,44.22,Medium Risk
STU-0DCCE9C8,2,67.25,81.36,73.08,93.8,2.6,1.0,3.0,46.54,Low Risk
STU-7C25885F,3,46.04,68.92,24.53,72.8,3.56,8.0,4.0,58.77,Medium Risk
STU-BB8B7D51,2,77.19,89.98,23.12,47.68,1.91,8.0,7.0,40.78,High Risk
STU-3A582D40,3,75.24,67.5,49.73,72.2,3.21,1.0,7.0,97.16,Medium Risk
STU-9F0684B4,4,52.21,64.52,39.88,16.23,1.81,0.0,7.0,18.71,High Risk
STU-1B2EBECB,1,65.25,84.09,26.3,64.01,1.21,0.0,2.0,77.34,Low Risk
STU-88CF64CE,3,93.13,65.0,66.95,90.52,3.71,8.0,3.0,21.9,Medium Risk
STU-2D3B31E6,1,85.28,87.56,73.1,67.33,2.23,4.0,1.0,87.58,Medium Risk
STU-7DD9A8E4,1,49.75,23.95,74.33,10.68,3.05,2.0,3.0,55.54,Medium Risk
STU-6DEE8F46,3,92.13,59.61,29.9,72.51,3.27,0.0,5.0,34.01,Low Risk
STU-CA4B9873,1,39.38,85.02,41.0,75.38,3.39,3.0,4.0,56.73,Medium Risk
STU-55C7EEC6,3,61.91,87.87,31.92,58.71,1.68,2.0,6.0,96.21,Medium Risk
STU-26F4F5B1,1,40.21,86.72,66.11,83.45,2.97,4.0,7.0,28.9,Medium Risk
STU-53715677,2,95.07,68.35,63.2,28.21,3.28,9.0,1.0,66.44,Medium Risk
STU-B9DDBAC7,1,37.65,99.52,57.78,46.81,1.36,7.0,2.0,55.33,Medium Risk
STU-35E33B0D,1,44.83,34.51,40.16,82.68,1.42,6.0,1.0,74.3,Medium Risk
STU-F8DBAB4A,4,94.48,33.96,35.15,64.33,2.09,4.0,3.0,29.74,Medium Risk
STU-FD91F7F4,3,72.84,22.63,90.68,99.49,1.91,9.0,0.0,65.63,Low Risk
STU-F0E82C66,4,86.69,99.15,19.15,16.23,3.39,2.0,0.0,87.33,Low Risk
STU-6ACBD951,1,36.07,47.84,70.79,31.99,2.93,4.0,1.0,17.17,Medium Risk
STU-D014D4EA,4,62.24,80.96,16.66,27.92,2.49,0.0,7.0,83.22,Medium Risk
STU-41DA8CCE,3,98.99,24.78,31.48,97.88,1.32,2.0,7.0,55.34,Medium Risk
STU-0546FA98,1,72.69,43.9,39.61,88.23,1.34,1.0,5.0,31.29,Medium Risk
STU-CB559D05,3,90.23,69.91,90.35,21.98,2.55,0.0,6.0,66.7,Low Risk
STU-351C62AB,3,97.63,61.98,26.71,41.84,3.65,4.0,7.0,40.5,Medium Risk
STU-176C9C4F,2,79.53,36.62,94.71,14.73,3.33,0.0,1.0,98.74,Low Risk
STU-9F7C6C0B,3,56.3,56.93,84.31,66.93,3.64,1.0,7.0,38.02,Low Risk
STU-0AA4F0A5,2,55.06,28.7,72.72,39.81,2.7,0.0,4.0,75.74,Medium Risk
STU-B5A446AB,2,39.63,63.42,50.0,33.18,1.66,9.0,3.0,57.66,High Risk
STU-92E45426,2,62.81,27.76,91.95,57.08,1.1,7.0,1.0,48.56,Medium Risk
STU-0853A555,4,94.5,70.87,59.88,81.6,3.82,7.0,0.0,59.69,Low Risk
STU-2E54D36E,2,66.07,32.43,46.55,46.35,2.43,0.0,2.0,40.95,Medium Risk
STU-24BE2680,2,94.21,63.77,64.78,78.17,3.58,6.0,5.0,54.24,Medium Risk
STU-0BD1C209,3,88.11,30.33,34.74,50.15,3.2,2.0,3.0,46.89,Medium Risk
STU-B221FA61,3,98.97,52.06,38.19,29.31,3.5,2.0,4.0,70.01,Medium Risk
STU-089DD951,3,96.6,48.15,93.14,50.16,1.63,1.0,3.0,76.38,Low Risk
STU-3041031B,1,80.92,80.51,82.48,58.42,3.04,1.0,0.0,80.33,Low Risk
STU-A9E96CE7,3,91.63,71.29,58.65,51.54,3.17,9.0,3.0,81.82,Medium Risk
STU-4983EF0C,2,83.63,94.97,50.41,34.69,2.66,5.0,4.0,45.05,Medium Risk
STU-957E25F4,2,80.72,93.75,83.64,26.66,3.51,4.0,6.0,67.31,Medium Risk
STU-C69CB206,3,81.51,78.0,63.5,95.23,3.96,5.0,4.0,58.03,Low Risk
STU-DF2AAEA7,3,81.87,81.65,50.28,36.77,1.03,9.0,2.0,69.41,Medium Risk
STU-F0E1C64D,4,59.66,69.99,58.81,73.48,2.36,2.0,7.0,45.09,Medium Risk
STU-55DCFF3B,3,62.53,75.33,34.78,40.66,3.26,6.0,3.0,31.27,Medium Risk
STU-D4925F20,3,54.11,69.38,32.17,97.27,3.18,9.0,2.0,76.71,Medium Risk
STU-E420CF82,2,44.64,44.94,99.07,98.95,2.4,3.0,1.0,47.15,Low Risk
STU-3FCA9259,1,64.8,48.06,97.42,84.26,3.53,1.0,2.0,77.2,Low Risk
STU-1A5A1EAB,4,93.5,65.98,50.77,62.33,3.03,6.0,1.0,75.13,Low Risk
STU-EE20A3F1,2,77.33,77.61,58.8,58.79,2.65,3.0,7.0,99.43,Medium Risk
STU-7A7767D1,3,38.65,52.49,85.31,39.61,1.82,0.0,1.0,46.08,Low Risk
STU-630E6E33,3,87.73,31.41,76.7,20.98,2.1,8.0,1.0,73.04,Medium Risk
STU-1E6EF01F,1,95.8,56.75,23.46,17.12,3.97,0.0,0.0,73.92,Low Risk
STU-3E62F835,4,88.91,97.06,46.84,51.89,3.72,0.0,5.0,94.78,Low Risk
STU-84C62804,4,82.29,37.13,36.26,98.09,3.09,6.0,4.0,57.4,Medium Risk
STU-5602C609,3,44.76,71.93,99.37,32.22,3.58,6.0,1.0,71.51,Low Risk
STU-23FEA050,1,57.68,98.6,78.64,46.99,1.41,8.0,5.0,79.15,Medium Risk
STU-630F63CF,2,71.74,50.1,19.06,67.73,1.8,4.0,3.0,99.1,Medium Risk
STU-A0A7D863,1,40.0,91.03,91.5,41.6,3.66,1.0,0.0,54.03,Low Risk
STU-510D9396,3,41.91,89.12,93.88,10.33,2.41,7.0,1.0,36.81,Medium Risk
STU-AA87FC7E,3,95.73,47.12,43.33,45.66,2.77,2.0,1.0,66.47,Low Risk
STU-E2214252,1,80.67,27.88,69.57,82.42,3.65,4.0,4.0,51.89,Low Risk
STU-73F663BE,3,52.88,34.28,72.97,94.96,2.21,5.0,0.0,23.34,Medium Risk
STU-94C73C79,2,56.28,49.26,77.01,34.76,2.45,2.0,7.0,52.93,Medium Risk
STU-78051ED4,4,59.99,96.73,73.95,92.95,1.34,5.0,0.0,74.03,Low Risk
STU-E78A61EC,2,39.88,41.96,62.58,88.04,3.97,4.0,5.0,54.02,Medium Risk
STU-4A803A0C,2,83.05,94.15,96.08,46.61,3.92,6.0,2.0,63.58,Low Risk
STU-B8A0C62E,2,46.49,34.51,58.55,10.42,1.89,9.0,3.0,75.32,High Risk
STU-D755729A,4,87.33,97.58,24.43,86.04,3.56,1.0,4.0,58.16,Low Risk
STU-3687964C,2,89.98,43.49,21.84,35.81,3.21,7.0,7.0,23.22,High Risk
STU-79425D9F,2,76.5,70.65,16.56,78.03,1.44,5.0,5.0,73.83,High Risk
STU-82D6DCAD,1,85.04,25.58,51.37,61.44,1.07,0.0,2.0,31.51,Medium Risk
STU-84527B53,2,46.17,43.97,38.23,29.95,1.04,1.0,2.0,75.85,Medium Risk
STU-78AEFB7F,4,72.44,36.86,91.09,68.34,1.2,2.0,3.0,41.08,Low Risk
STU-6CB5A1F3,3,78.99,20.27,88.71,78.84,2.88,2.0,5.0,60.64,Medium Risk
STU-9E9C7CC5,1,78.0,32.54,86.22,52.7,2.48,9.0,6.0,20.47,High Risk
STU-7A3ED4D8,2,42.62,67.45,88.72,77.31,3.99,2.0,4.0,39.3,Low Risk
STU-22ECC036,1,57.38,51.19,40.3,46.45,1.86,4.0,5.0,93.6,High Risk
STU-90C775BE,4,56.13,77.81,51.22,98.22,3.18,8.0,7.0,59.63,High Risk
STU-CBBABADD,3,72.21,73.69,41.5,31.58,2.16,5.0,5.0,92.16,Medium Risk
STU-DA90AAD9,3,84.74,83.94,22.32,80.01,1.29,8.0,7.0,94.88,High Risk
STU-4CE64A31,3,72.09,89.36,93.54,77.46,3.63,2.0,3.0,38.54,Low Risk
STU-C9A33666,4,84.06,85.59,67.35,57.65,2.2,8.0,4.0,92.0,Medium Risk
STU-A65B0696,4,41.43,55.84,26.27,41.53,3.75,3.0,6.0,70.89,Medium Risk
STU-1210EEC0,1,92.08,44.7,32.52,50.12,3.81,6.0,1.0,61.25,Low Risk
STU-310A1C91,4,69.88,60.18,53.31,66.65,3.46,0.0,5.0,49.45,Low Risk
STU-C86041E7,4,37.44,62.81,19.41,57.73,1.08,9.0,0.0,36.44,High Risk
STU-3DB3CE83,2,76.81,45.05,38.12,78.54,3.9,2.0,1.0,48.93,Low Risk
STU-E3DD0D39,4,68.63,63.2,74.79,42.46,1.37,3.0,7.0,70.57,High Risk
STU-FC6A192E,3,49.32,28.46,93.23,19.65,3.79,7.0,1.0,45.85,Medium Risk
STU-824CEF1F,4,84.69,38.48,93.94,55.5,2.82,0.0,1.0,44.96,Low Risk
STU-FB025E4F,1,95.68,79.68,59.2,33.31,2.13,6.0,3.0,61.26,Medium Risk
STU-A24EB37F,3,55.97,34.63,41.53,65.5,3.16,3.0,4.0,18.85,Medium Risk
STU-4D17691E,1,67.1,31.12,93.26,56.83,2.52,2.0,1.0,67.01,Low Risk
STU-4F2C326C,4,43.33,42.99,81.86,80.09,3.38,7.0,0.0,39.86,Low Risk
STU-D7155F6B,4,95.44,49.68,64.9,61.77,2.54,4.0,1.0,56.83,Low Risk
STU-7D56E934,3,55.72,46.28,85.94,48.77,2.11,5.0,2.0,85.48,Medium Risk
STU-68E76300,2,47.66,49.97,54.0,20.79,2.08,1.0,2.0,82.35,Medium Risk
STU-614B5434,3,66.1,31.19,24.54,20.81,2.06,0.0,3.0,39.79,Medium Risk
STU-D8593113,2,37.81,33.23,94.75,67.63,2.42,6.0,5.0,19.28,High Risk
STU-E54B9055,3,51.43,38.87,60.39,89.27,1.33,7.0,5.0,47.16,High Risk
STU-705D142C,3,39.4,52.16,74.1,47.33,2.99,2.0,0.0,24.97,Low Risk
STU-B92EF4AB,1,43.28,46.87,48.34,57.77,2.02,5.0,3.0,51.73,High Risk
STU-C8908109,1,42.29,83.31,26.54,63.21,2.68,0.0,6.0,85.37,Medium Risk
STU-FA35F71D,3,91.71,62.04,38.11,52.96,2.58,3.0,3.0,42.53,Low Risk
STU-4592C502,2,95.48,66.06,18.71,15.36,3.57,1.0,6.0,84.07,Medium Risk
STU-61D64DE9,4,65.84,64.85,22.44,63.02,3.59,0.0,3.0,97.37,Low Risk
STU-E709E6E3,2,75.98,51.9,32.42,22.34,3.97,2.0,5.0,72.63,Low Risk
STU-5765301F,1,80.23,98.44,62.69,60.02,1.72,1.0,1.0,87.23,Low Risk
STU-73213E0C,3,60.44,22.99,99.4,79.78,1.1,4.0,4.0,86.63,Medium Risk
STU-5961F893,3,59.06,37.27,86.72,10.49,2.27,8.0,4.0,16.69,High Risk
STU-0D3024E4,3,78.91,42.77,22.3,48.74,3.69,7.0,0.0,71.29,Medium Risk
STU-104D3E37,3,59.49,90.5,86.6,77.11,2.8,1.0,1.0,80.53,Low Risk
STU-62FE5D23,2,72.77,93.51,60.59,57.57,2.12,6.0,7.0,52.76,High Risk
STU-94F3F6ED,3,68.49,87.69,71.13,31.18,3.32,2.0,5.0,86.9,Medium Risk
STU-1E47CFBB,1,69.09,53.36,26.03,72.78,3.14,5.0,4.0,71.45,Medium Risk
STU-496A1786,2,88.91,93.17,48.61,80.51,3.14,8.0,2.0,73.21,Low Risk
STU-6ADA77D4,1,80.76,27.88,90.15,42.63,2.54,2.0,5.0,49.67,Medium Risk
STU-1FCEE5B9,1,97.44,72.19,51.16,36.77,2.59,9.0,5.0,90.12,Medium Risk
STU-97217D6F,1,86.41,94.98,25.8,59.06,2.67,9.0,3.0,47.21,Medium Risk
STU-09F5620F,1,44.48,80.39,41.44,42.89,2.66,1.0,5.0,27.46,Medium Risk
STU-E9E73BCE,4,83.0,42.23,33.83,85.23,1.62,1.0,4.0,41.71,Medium Risk
STU-4D7D012C,2,78.27,77.4,73.39,80.11,1.74,4.0,5.0,49.12,Medium Risk
STU-C4A1784A,1,76.99,43.58,92.44,38.07,2.12,5.0,3.0,78.97,Medium Risk
STU-CA0F404A,4,66.25,28.93,77.35,51.13,3.57,3.0,1.0,22.4,Low Risk
STU-CDC8063B,2,39.06,77.38,86.71,90.05,2.39,5.0,6.0,70.97,Medium Risk
STU-364B3D06,2,96.85,34.34,83.49,23.26,3.78,3.0,4.0,58.54,Medium Risk
STU-D0382CEA,2,90.38,28.89,16.24,77.88,3.38,4.0,3.0,41.9,Medium Risk
STU-CC98E5F8,2,66.64,64.14,25.57,38.51,3.58,6.0,4.0,48.57,Medium Risk
STU-75660BFA,2,45.31,69.65,50.99,20.75,1.4,5.0,4.0,74.36,High Risk
STU-2CFC4ADB,2,88.59,24.08,24.53,20.53,1.45,1.0,0.0,66.11,Medium Risk
STU-3186ECDC,4,62.99,20.36,77.47,34.87,1.71,8.0,5.0,21.07,High Risk
STU-E7151446,1,60.36,90.57,20.97,59.33,2.99,9.0,0.0,23.44,Medium Risk
STU-E46FAE78,1,78.25,29.22,50.38,91.71,2.43,4.0,7.0,74.76,Medium Risk
STU-C63C42F1,3,84.31,66.71,48.34,37.27,1.51,8.0,1.0,89.78,Medium Risk
STU-72D3FDFA,2,39.08,96.28,61.19,27.93,3.24,4.0,3.0,28.68,Medium Risk
STU-B5DFB650,2,84.89,60.95,68.5,53.08,2.55,2.0,5.0,65.6,Medium Risk
STU-3AE22DB9,4,82.71,31.18,95.49,24.1,3.19,6.0,0.0,32.51,Medium Risk
STU-90F1412B,4,73.3,51.48,38.05,34.45,3.73,7.0,0.0,98.68,Low Risk
STU-BA24620B,4,57.0,69.92,71.61,98.8,3.74,4.0,1.0,68.4,Low Risk
STU-675B90D2,1,45.71,81.03,17.98,60.22,1.9,8.0,2.0,84.42,High Risk
STU-B1C322AC,4,41.67,68.56,15.09,80.55,1.48,2.0,2.0,39.63,Medium Risk
STU-65B16BCE,2,35.08,22.75,17.16,29.06,2.3,7.0,4.0,43.76,High Risk
STU-B492858B,1,48.42,31.45,53.16,56.81,1.25,1.0,7.0,27.39,High Risk
STU-B74AC068,2,61.74,49.74,62.18,55.95,1.13,9.0,1.0,72.76,Medium Risk
STU-02F34D26,3,50.84,76.46,15.53,83.14,3.93,0.0,3.0,98.43,Low Risk
STU-F26B0CE7,1,55.08,66.75,48.69,11.94,3.92,6.0,5.0,56.69,Medium Risk
STU-AE6575C2,3,60.38,23.58,18.47,87.44,2.06,9.0,0.0,23.2,High Risk
STU-E7A3322A,4,55.04,83.75,70.53,17.16,3.46,4.0,6.0,16.13,Medium Risk
STU-E808DABE,1,82.1,68.41,68.65,92.49,1.67,6.0,6.0,75.22,Medium Risk
STU-42D806BD,3,66.96,90.97,81.66,22.86,2.25,2.0,2.0,30.23,Low Risk
STU-22A8937E,2,36.26,53.41,61.43,57.9,3.18,2.0,7.0,94.42,Medium Risk
STU-E1E55A29,2,49.73,59.22,67.95,18.95,2.65,0.0,0.0,77.4,Low Risk
STU-01F7AE0F,2,81.13,52.44,38.75,50.25,3.46,2.0,4.0,30.89,Medium Risk
STU-80CBF652,3,54.56,77.8,22.26,36.94,3.94,0.0,6.0,91.7,Low Risk
STU-1C3201A3,2,94.81,80.17,77.67,47.81,1.03,3.0,7.0,33.82,Medium Risk
STU-CD014833,4,81.32,77.86,67.01,59.05,3.77,9.0,7.0,96.21,Medium Risk
STU-DDE3EC94,4,53.85,43.33,94.76,51.35,2.24,4.0,0.0,39.41,Medium Risk
STU-3F4F4297,4,68.57,70.88,99.08,12.08,2.22,9.0,1.0,25.64,Medium Risk
STU-75F259A5,1,78.37,47.08,87.02,87.71,1.0,8.0,7.0,63.54,High Risk
STU-3637AC12,1,47.57,86.74,98.78,18.55,3.5,0.0,3.0,65.6,Low Risk
STU-526438C9,2,51.0,24.41,70.03,98.26,3.28,7.0,6.0,68.41,High Risk
STU-B73339DA,3,67.96,23.02,22.82,86.62,3.68,3.0,0.0,38.07,Low Risk
STU-76B69F4F,4,95.12,28.14,22.64,60.52,1.5,3.0,5.0,46.56,High Risk
STU-70753AAE,3,57.36,36.19,83.61,32.07,1.65,0.0,5.0,99.29,Medium Risk
STU-9C5EF025,3,61.14,23.01,35.13,17.76,1.91,7.0,3.0,48.95,High Risk
STU-0B2C3D15,1,47.39,25.73,20.18,70.47,2.59,4.0,6.0,23.67,High Risk
STU-A19AA2A1,4,73.56,44.48,55.14,28.14,2.04,2.0,5.0,51.23,High Risk
STU-532EA765,1,83.11,27.98,41.74,75.99,1.9,4.0,1.0,31.2,Medium Risk
STU-81E9917D,1,63.64,84.17,64.99,84.93,1.55,6.0,4.0,27.63,Medium Risk
STU-C52FC45C,4,83.77,24.31,66.01,99.01,1.48,8.0,1.0,47.51,Medium Risk
STU-2453CB41,3,54.67,92.63,72.93,55.38,2.42,8.0,2.0,44.23,Medium Risk
STU-59DF5067,1,80.95,89.67,64.0,97.72,2.34,6.0,7.0,24.92,Medium Risk
STU-B9D2CF6E,2,51.79,36.67,47.38,23.44,3.36,8.0,7.0,16.43,High Risk
STU-C9291704,1,85.74,25.72,17.01,85.26,3.47,8.0,6.0,68.81,High Risk
STU-C3446CDD,3,88.99,28.44,91.93,42.38,3.1,2.0,4.0,35.36,Low Risk
STU-52E0A92D,2,86.85,64.73,42.79,42.83,3.49,4.0,0.0,87.81,Low Risk
STU-475C0A0F,4,49.01,68.07,58.11,34.18,1.33,1.0,3.0,41.3,Medium Risk
STU-D9D1D217,2,80.13,45.25,62.34,25.61,2.37,9.0,4.0,61.33,Medium Risk
STU-43626CE6,2,70.01,43.75,41.76,49.8,1.86,4.0,6.0,33.82,High Risk
STU-825A00BF,1,99.09,62.52,41.22,98.86,1.76,6.0,4.0,30.71,Medium Risk
STU-99B56327,1,58.5,44.45,37.17,39.69,3.14,4.0,6.0,95.31,High Risk
STU-D102D72D,3,85.13,94.75,35.69,51.5,3.49,7.0,2.0,72.59,Low Risk
STU-31E7DAA3,3,59.06,50.61,17.58,30.57,1.34,9.0,0.0,95.72,Medium Risk
STU-D62176AF,1,60.8,37.59,96.42,40.34,1.37,1.0,5.0,32.01,High Risk
STU-12469F44,2,42.21,31.68,65.6,14.96,2.92,5.0,4.0,78.65,High Risk
STU-7281BBF5,4,50.58,70.54,24.19,96.04,1.43,9.0,2.0,34.0,High Risk
STU-20AC63EF,2,45.69,46.13,65.32,55.88,3.31,5.0,3.0,78.68,Medium Risk
STU-39925D19,1,45.35,35.1,34.74,75.97,3.49,3.0,3.0,85.6,Low Risk
STU-FA047361,2,35.59,42.07,41.41,56.2,2.57,0.0,7.0,33.15,High Risk
STU-EB4AAC6A,3,86.6,44.63,83.1,79.32,3.73,5.0,5.0,46.18,Low Risk
STU-783F2539,1,65.42,70.07,90.29,58.07,1.06,8.0,0.0,66.47,Medium Risk
STU-F63D8234,2,87.27,33.97,74.49,73.14,1.68,0.0,5.0,92.4,Medium Risk
STU-6B14EA4D,3,74.82,78.62,94.27,71.63,3.32,5.0,6.0,17.33,Medium Risk
STU-61363E45,4,89.04,44.39,91.93,58.02,3.87,3.0,0.0,62.45,Low Risk
STU-C584E4CA,2,67.74,59.06,61.85,30.75,3.88,8.0,0.0,26.67,Medium Risk
STU-DD306D73,1,41.11,72.39,92.17,29.07,1.0,8.0,3.0,51.09,High Risk
STU-0B9F79F8,2,75.09,63.49,61.32,88.69,2.9,6.0,1.0,60.39,Low Risk
STU-AF2ABD9A,2,79.05,72.98,23.86,20.86,1.08,0.0,0.0,82.1,Medium Risk
STU-CF45E9AE,1,75.72,45.81,85.5,60.33,3.1,2.0,7.0,99.84,Low Risk
STU-572F3AE6,3,87.09,97.08,26.15,55.23,3.3,0.0,1.0,62.59,Low Risk
STU-89CD2DF3,4,82.55,56.72,41.86,81.86,3.57,4.0,1.0,51.61,Low Risk
STU-2E920407,4,63.12,45.75,47.28,22.19,2.59,6.0,6.0,58.15,High Risk
STU-9B4A2031,1,88.24,43.71,83.62,71.86,3.55,4.0,0.0,66.15,Low Risk
STU-8416725D,3,79.97,23.42,22.1,64.53,3.77,2.0,1.0,22.16,Low Risk
STU-D861D943,1,42.82,74.78,52.82,73.11,2.6,4.0,1.0,21.11,Low Risk
STU-A812DC1B,2,70.09,41.0,52.12,65.91,2.57,8.0,1.0,44.23,Medium Risk
STU-2BB18490,4,82.36,96.71,64.48,60.63,2.52,2.0,5.0,20.04,Medium Risk
STU-DCB4800A,4,70.96,36.84,45.08,93.36,2.51,9.0,2.0,57.1,Medium Risk
STU-59BCCE55,1,96.69,62.36,64.06,41.38,3.32,5.0,4.0,36.92,Medium Risk
STU-67E5DCC9,1,41.6,78.84,98.8,26.62,1.2,1.0,0.0,19.47,Low Risk
STU-D736E5F4,2,81.95,89.61,21.08,81.59,2.36,3.0,2.0,19.35,Medium Risk
STU-A13D0F0D,3,88.59,32.52,89.34,21.67,2.57,6.0,0.0,49.83,Low Risk
STU-5A8A1DB4,4,80.67,98.83,41.23,71.18,1.64,8.0,6.0,43.14,High Risk
STU-21F3C2C8,1,60.06,92.54,54.59,59.46,2.62,3.0,7.0,84.23,Medium Risk
STU-6ED93866,2,60.06,97.03,77.99,10.12,2.37,9.0,4.0,26.11,High Risk
STU-EAA1B47B,1,73.13,88.21,92.35,31.59,3.21,2.0,7.0,17.33,Medium Risk
STU-6BE11D4E,1,60.81,90.21,15.77,54.63,2.06,6.0,1.0,20.12,Medium Risk
STU-2F53962F,3,92.41,67.91,71.29,39.67,3.85,1.0,2.0,43.23,Low Risk
STU-3703ABC9,4,42.15,87.62,20.91,48.42,2.24,3.0,0.0,66.54,Low Risk
STU-6AF0385F,1,76.55,62.72,59.68,64.11,2.89,4.0,1.0,57.51,Low Risk
STU-CCA22AD1,1,43.72,63.06,78.73,75.77,1.67,2.0,3.0,63.45,Medium Risk
STU-F66BA23E,1,70.11,65.01,29.41,23.61,3.07,4.0,2.0,68.28,Medium Risk
STU-08B02048,2,81.51,99.71,79.92,35.46,2.54,1.0,5.0,41.3,Low Risk
STU-39DB236E,1,45.76,28.35,41.31,67.28,2.03,7.0,7.0,92.25,High Risk
STU-3F15D705,2,80.76,84.45,66.9,62.96,2.04,4.0,2.0,15.76,Medium Risk
STU-E6F67CFA,2,44.1,41.87,70.93,76.32,2.13,7.0,6.0,30.23,High Risk
STU-DB9844DB,1,75.34,48.9,70.16,67.65,2.31,2.0,3.0,69.92,Low Risk
STU-F0AE5DDC,3,67.86,26.44,16.58,39.71,1.74,1.0,6.0,97.7,High Risk
STU-66ECFF95,1,54.37,48.13,27.94,54.93,1.83,8.0,1.0,27.95,High Risk
STU-230EA70E,4,42.25,99.26,87.78,89.63,3.88,4.0,4.0,75.11,Low Risk
STU-55B8C78A,3,82.83,51.77,94.89,26.75,1.9,7.0,3.0,35.92,High Risk
STU-1EC57B4B,4,59.82,73.58,62.91,43.91,2.88,9.0,3.0,32.07,Medium Risk
STU-097060A9,1,40.62,29.66,65.74,85.76,2.04,4.0,0.0,40.91,Low Risk
STU-5FF02F27,3,85.23,93.8,79.18,42.78,3.43,5.0,2.0,29.43,Low Risk
STU-476021BE,1,50.14,86.22,49.52,47.1,3.09,1.0,6.0,59.57,Medium Risk
STU-95578365,4,82.87,50.9,42.88,38.73,1.98,0.0,4.0,95.56,Medium Risk
STU-E2154016,3,71.72,47.88,80.3,90.96,3.15,1.0,4.0,93.44,Low Risk
STU-0FF6507F,2,47.64,54.58,17.4,69.7,3.27,1.0,7.0,60.46,Medium Risk
STU-C9685C9A,2,39.97,52.1,90.25,28.79,1.41,8.0,4.0,77.89,High Risk
STU-BA8F8806,4,73.56,40.64,52.48,77.47,2.73,6.0,2.0,31.83,Medium Risk
STU-284CE7A1,4,36.64,99.27,57.86,13.47,3.42,4.0,4.0,62.29,Medium Risk
STU-3B38B4E7,4,39.26,84.84,68.91,45.68,1.15,8.0,0.0,80.98,Medium Risk
STU-D47884E5,4,80.64,41.43,38.32,91.88,2.52,7.0,1.0,42.41,Medium Risk
STU-6FF2A346,4,70.03,98.54,65.78,72.08,3.52,9.0,6.0,32.78,Medium Risk
STU-2ED73E19,3,56.21,21.24,73.91,81.38,3.86,6.0,0.0,39.71,Medium Risk
STU-EF8C0656,1,70.05,55.03,25.02,93.82,2.97,4.0,1.0,38.5,Medium Risk
STU-4C9B2F65,1,73.46,65.56,59.24,79.71,1.98,7.0,5.0,38.03,Medium Risk
STU-9E0B05DF,3,71.74,23.01,43.0,17.97,2.81,9.0,2.0,20.47,Medium Risk
STU-64B548FA,2,76.77,32.88,62.38,30.76,1.08,4.0,3.0,57.39,High Risk
STU-A0D46721,3,96.12,40.65,16.81,55.0,2.37,4.0,3.0,28.61,Medium Risk
STU-03B63C03,1,60.27,77.62,78.13,11.25,3.18,4.0,4.0,91.41,Medium Risk
STU-71270AFD,3,54.57,95.18,29.31,66.21,1.11,1.0,4.0,83.1,Medium Risk
STU-A85A5083,1,37.5,69.96,73.6,69.15,2.81,8.0,2.0,92.39,Low Risk
STU-E07AAF1B,2,44.56,65.01,80.35,72.68,2.76,9.0,3.0,89.17,Medium Risk
STU-4EAC946A,2,41.91,62.94,78.97,60.02,1.57,5.0,1.0,45.32,Medium Risk
STU-A5AD2FAE,1,56.8,48.06,84.49,50.71,2.71,1.0,2.0,80.72,Low Risk
STU-3CA004A7,4,74.65,86.22,41.16,87.0,2.23,0.0,3.0,57.36,Low Risk
STU-67E9C9AB,2,38.01,63.26,97.2,79.06,2.44,3.0,1.0,36.73,Low Risk
STU-D9CB3822,4,82.3,38.41,17.02,65.11,1.98,3.0,4.0,45.7,Medium Risk
STU-D61604D1,1,60.83,30.95,55.9,14.14,3.43,4.0,6.0,63.61,Medium Risk
STU-1A48C98E,1,97.63,98.84,37.97,72.45,2.1,3.0,6.0,86.86,Medium Risk
STU-189FA542,1,71.95,21.4,77.89,60.23,3.37,0.0,4.0,16.04,Medium Risk
STU-6DF7D31F,1,85.14,94.68,83.44,72.41,1.23,1.0,3.0,52.48,Low Risk
STU-9250D312,1,90.98,37.46,84.9,38.03,1.84,5.0,1.0,15.48,Low Risk
STU-D5B29894,1,92.78,72.6,40.24,79.93,2.21,9.0,5.0,39.44,High Risk
STU-F347A050,4,68.7,44.12,38.3,47.61,2.21,8.0,7.0,49.85,High Risk
STU-5314F870,4,60.79,88.78,72.54,90.5,2.32,7.0,2.0,54.59,Medium Risk
STU-CA19932E,4,71.43,63.48,93.9,19.36,2.96,6.0,3.0,77.94,Medium Risk
STU-D0B9CAEC,4,61.13,31.28,36.61,53.61,2.72,6.0,7.0,77.24,High Risk
STU-EBF2086C,2,50.65,41.59,92.4,28.52,2.56,0.0,3.0,41.52,Low Risk
STU-25988E21,2,56.05,45.63,65.27,50.81,3.51,4.0,5.0,46.18,Medium Risk
STU-8E6C85BE,1,50.13,90.87,77.72,41.84,1.59,3.0,5.0,37.04,Medium Risk
STU-1A3DE18E,1,52.51,81.34,52.39,82.31,3.58,4.0,0.0,48.27,Low Risk
STU-D7B369F5,3,41.08,86.37,83.58,25.05,3.43,5.0,5.0,43.83,Medium Risk
STU-1EA251CB,4,62.72,24.18,97.49,63.88,1.59,5.0,0.0,71.5,Low Risk
STU-9F0E0760,3,50.29,66.3,29.5,46.58,2.87,9.0,5.0,26.07,High Risk
STU-16DD5D62,4,64.14,99.93,47.77,56.63,1.67,4.0,0.0,17.44,Medium Risk
STU-54995D89,1,86.49,82.82,88.31,74.3,3.83,2.0,7.0,16.68,Medium Risk
STU-E85D6732,2,64.14,29.66,30.02,42.14,2.48,2.0,6.0,97.05,Medium Risk
STU-7F9D037C,2,97.05,74.31,50.1,43.03,1.61,7.0,7.0,35.93,High Risk
STU-2C06F365,4,44.61,79.63,29.12,16.91,2.91,7.0,6.0,77.23,High Risk
STU-C3DE3B42,4,90.27,61.14,70.11,59.68,3.12,7.0,3.0,76.17,Medium Risk
STU-210851BE,3,51.14,26.3,35.26,47.52,2.81,6.0,6.0,86.08,High Risk
STU-9EB0600F,1,95.71,22.77,47.37,83.11,1.73,4.0,1.0,47.98,Low Risk
STU-84EB7CB9,1,49.76,95.02,56.75,49.53,3.21,5.0,2.0,70.08,Medium Risk
STU-C8AB2AF2,2,83.55,40.6,40.26,97.37,3.79,5.0,2.0,45.84,Low Risk
STU-C090BE7D,4,39.04,50.32,72.79,25.46,3.86,8.0,4.0,34.93,Medium Risk
STU-860D5A63,1,75.94,83.62,24.46,34.04,3.04,4.0,3.0,98.84,Medium Risk
STU-7E217125,1,49.21,75.14,89.78,45.27,3.52,6.0,0.0,91.77,Low Risk
STU-D915B036,2,78.56,97.49,55.91,25.34,3.94,8.0,2.0,54.46,Medium Risk
STU-A85B421C,4,76.33,27.43,63.69,97.51,1.13,8.0,6.0,66.67,High Risk
STU-BCFEAD8E,2,95.04,76.55,67.88,67.69,2.43,0.0,1.0,97.4,Low Risk
STU-FCC3FE4A,3,75.73,26.58,20.07,11.01,1.87,6.0,1.0,44.13,High Risk
STU-6F8693FE,2,61.54,20.01,79.34,62.07,2.42,8.0,7.0,86.45,High Risk
STU-3E7CF32B,1,47.58,29.62,95.41,80.31,3.75,3.0,3.0,48.69,Low Risk
STU-7726ECBE,1,77.73,69.34,59.19,14.62,3.95,2.0,7.0,89.2,Medium Risk
STU-673C6F53,4,42.56,74.1,48.22,62.01,3.71,0.0,5.0,56.37,Low Risk
STU-43574839,4,88.85,55.07,81.71,43.69,1.59,6.0,1.0,60.28,Medium Risk
STU-BBA4E21A,2,51.08,23.69,76.23,62.33,3.41,7.0,4.0,79.28,Medium Risk
STU-328189D3,2,69.07,70.72,70.33,32.73,3.45,8.0,3.0,89.91,Medium Risk
STU-6C7A4634,4,73.74,26.87,97.05,69.94,2.74,2.0,3.0,37.54,Low Risk
STU-70FF2221,3,58.56,31.34,64.45,70.42,3.14,2.0,5.0,78.93,Medium Risk
STU-C565937F,1,78.15,61.01,36.11,58.56,3.72,0.0,6.0,95.67,Low Risk
STU-D8B5F5B0,2,51.26,47.23,17.11,93.14,3.98,4.0,7.0,16.91,Medium Risk
STU-85BE2249,3,37.25,57.18,53.54,91.85,1.12,7.0,4.0,28.33,High Risk
STU-1CD526D2,3,97.35,70.81,70.45,14.28,1.77,6.0,4.0,45.13,High Risk
STU-DD0B0DF7,4,55.8,32.8,29.63,36.09,3.8,6.0,7.0,81.84,High Risk
STU-5588A185,4,81.38,91.45,17.19,42.78,1.99,3.0,5.0,64.74,Medium Risk
STU-646E1296,1,67.99,64.76,92.27,14.97,1.32,0.0,1.0,93.37,Low Risk
STU-B40C2196,3,78.48,21.77,40.67,57.13,1.94,6.0,7.0,54.35,High Risk
STU-226C9F6B,2,42.21,70.28,54.61,12.21,2.56,2.0,0.0,57.54,Low Risk
STU-719FB611,3,68.73,57.05,22.74,71.03,2.16,4.0,2.0,62.62,Medium Risk
STU-5F6058C9,3,60.49,76.13,47.44,10.24,3.36,8.0,6.0,92.09,Medium Risk
STU-6C2C3540,2,64.37,82.72,51.02,12.87,2.83,2.0,3.0,20.05,Medium Risk
STU-CB8C1694,4,97.8,95.11,91.73,85.04,2.3,1.0,3.0,58.42,Low Risk
STU-00E3F050,3,43.86,99.87,88.56,32.73,3.99,9.0,2.0,47.0,Medium Risk
STU-78541377,4,84.06,63.97,31.07,17.31,3.66,7.0,1.0,41.03,Medium Risk
STU-C1B9BCDD,2,56.47,64.92,62.27,45.95,3.59,1.0,7.0,75.88,Medium Risk
STU-1EF33020,2,53.87,21.8,77.16,14.59,2.7,5.0,6.0,43.72,High Risk
STU-FF9B5F9E,3,52.6,89.21,39.81,77.54,3.34,5.0,2.0,17.09,Low Risk
STU-B0A50AF6,4,57.67,22.3,48.53,54.47,2.01,1.0,7.0,33.19,High Risk
STU-5043B146,2,58.21,70.61,98.71,59.67,1.99,4.0,0.0,39.79,Low Risk
STU-38B04DF8,1,52.6,27.89,79.58,77.77,3.68,0.0,7.0,30.41,Medium Risk
STU-09939E4D,2,78.39,42.87,52.16,80.6,2.79,6.0,1.0,79.91,Medium Risk
STU-1DEB6651,2,38.1,31.23,60.4,22.26,2.03,1.0,3.0,66.49,Medium Risk
STU-0FDA5879,4,56.6,30.99,68.19,35.23,3.54,8.0,2.0,73.74,Medium Risk
STU-638DB6C2,3,53.21,25.97,57.4,25.81,2.33,0.0,2.0,61.02,Medium Risk
STU-8D895828,4,83.84,45.43,49.99,14.86,2.2,3.0,1.0,73.0,Low Risk
STU-08294357,3,44.52,53.89,45.54,58.38,1.08,5.0,3.0,75.8,High Risk
STU-6AD31A3D,2,96.14,57.16,29.36,32.48,3.04,2.0,2.0,79.56,Medium Risk
STU-D1B1DDAA,3,46.08,55.18,97.76,23.86,2.6,5.0,7.0,81.1,High Risk
STU-61E6EDA7,3,59.05,61.9,22.77,55.91,1.94,3.0,4.0,38.34,Medium Risk
STU-FB2FCFF2,4,47.98,88.78,66.09,67.06,1.42,1.0,2.0,35.49,Low Risk
STU-377FADE3,1,53.64,70.54,96.57,79.49,1.55,9.0,6.0,76.44,High Risk
STU-45202DEF,1,84.47,21.38,46.87,11.57,1.67,4.0,2.0,98.54,Medium Risk
STU-182EDBFA,1,65.97,33.84,36.46,57.37,3.6,9.0,0.0,76.61,Medium Risk
STU-26AFF671,3,45.57,47.92,96.22,34.04,2.44,7.0,7.0,58.01,High Risk
STU-CB317016,1,38.03,95.92,83.15,99.24,3.09,1.0,0.0,40.94,Low Risk
STU-288AF59E,3,49.94,26.25,70.68,24.12,2.38,5.0,6.0,26.23,High Risk
STU-863B2DA5,4,96.46,76.81,67.02,49.41,2.42,7.0,2.0,64.48,Medium Risk
STU-5448DDC1,2,89.95,22.65,45.61,97.3,3.47,5.0,2.0,22.05,Medium Risk
STU-2DC0BEBF,3,63.61,49.0,69.51,29.18,3.31,4.0,0.0,93.77,Low Risk
STU-88570178,4,66.33,81.61,76.63,82.62,1.7,2.0,4.0,20.46,Medium Risk
STU-0402358C,3,93.46,47.51,17.7,31.87,2.88,7.0,7.0,26.42,High Risk
STU-7A878CF5,1,73.44,54.42,25.0,16.77,3.04,9.0,3.0,79.54,High Risk
STU-F8C56D73,2,92.25,92.42,41.78,13.85,2.21,1.0,1.0,90.53,Low Risk
STU-52824102,2,66.97,25.29,42.47,95.39,1.2,9.0,2.0,30.49,High Risk
STU-03E7945D,1,48.01,62.21,91.54,29.16,2.11,8.0,3.0,19.45,Medium Risk
STU-A0BA23D8,3,82.19,49.3,73.18,36.28,2.07,7.0,2.0,26.52,Medium Risk
STU-8EA4A69A,4,69.22,97.1,46.75,97.02,3.07,5.0,0.0,75.71,Low Risk
STU-891187B9,3,78.45,83.5,83.78,69.17,3.43,8.0,5.0,90.61,Medium Risk
STU-73FFF628,2,45.22,29.77,42.47,53.93,2.19,5.0,2.0,75.88,Medium Risk
STU-1250E525,2,77.09,94.19,99.21,49.19,2.94,7.0,6.0,46.12,Medium Risk
STU-7D98F89A,4,59.85,36.9,81.44,14.37,2.93,4.0,3.0,66.37,Medium Risk
STU-4044E7F2,4,56.58,26.79,83.71,85.51,2.94,6.0,5.0,58.28,Medium Risk
STU-0248240E,2,78.65,63.33,37.18,78.58,2.66,1.0,1.0,59.27,Low Risk
STU-FFB7A709,2,73.5,78.93,27.33,18.16,2.89,0.0,0.0,85.18,Low Risk
STU-49A3E1A4,3,77.19,77.28,48.11,41.81,3.6,7.0,4.0,96.22,Medium Risk
STU-CC30A93D,2,97.75,62.72,43.41,89.69,3.77,4.0,2.0,90.42,Low Risk
STU-A75F8451,1,80.58,59.42,80.44,31.28,1.28,8.0,7.0,79.47,High Risk
STU-01399737,2,76.66,97.56,29.81,65.01,1.04,6.0,1.0,53.92,Medium Risk
STU-63244262,2,74.88,85.64,59.83,53.91,2.56,3.0,3.0,35.24,Medium Risk
STU-879F20A7,1,60.92,75.89,68.4,83.67,2.24,4.0,5.0,46.97,Medium Risk
STU-A4B27AE5,1,89.55,35.62,47.74,13.24,2.35,2.0,0.0,88.47,Low Risk
STU-7859291F,1,59.76,85.58,32.05,83.45,2.38,4.0,6.0,15.65,High Risk
STU-B4C5F79D,3,80.52,79.98,91.13,22.21,3.69,9.0,1.0,42.31,Medium Risk
STU-09DA0196,3,54.05,99.36,26.8,11.36,2.91,3.0,6.0,56.54,Medium Risk
STU-A7018EF9,1,44.6,30.64,40.82,63.6,2.33,2.0,4.0,18.41,Medium Risk
STU-827DECBF,4,43.43,77.22,79.31,33.28,2.36,7.0,2.0,23.89,Medium Risk
STU-ABADC3E5,2,76.25,98.33,66.45,73.83,3.53,3.0,0.0,75.18,Low Risk
STU-3093189F,1,56.32,57.01,77.1,52.28,1.65,9.0,7.0,95.19,High Risk
STU-93CC90F2,1,52.88,78.67,83.75,64.5,1.04,3.0,6.0,72.33,Medium Risk
STU-04F8FC0B,3,73.48,98.03,91.11,72.07,2.43,7.0,1.0,35.03,Low Risk
STU-8DC9517E,1,36.67,63.8,40.89,93.42,3.88,4.0,6.0,40.31,Medium Risk
STU-74058D2A,1,51.0,75.92,55.32,84.08,3.44,4.0,3.0,66.58,Low Risk
STU-99FCD6B7,3,57.14,21.61,73.51,54.56,2.23,4.0,3.0,98.8,Medium Risk
STU-097EDE64,2,81.04,61.57,82.55,49.42,1.53,5.0,5.0,70.52,Medium Risk
STU-D019E905,3,70.43,40.46,64.11,68.92,2.71,4.0,5.0,22.08,Medium Risk
STU-0C7A891C,3,90.64,30.5,58.67,76.02,3.64,0.0,5.0,29.68,Medium Risk
STU-5009A8BE,4,56.74,76.69,73.8,25.54,3.15,0.0,4.0,75.61,Low Risk
STU-5CC6F4D4,1,54.27,23.13,47.47,12.93,2.62,5.0,5.0,78.16,High Risk
STU-CEF7B95D,1,37.16,92.39,90.96,50.92,3.2,1.0,2.0,21.56,Low Risk
STU-DC654935,4,96.86,61.42,33.04,18.95,3.89,2.0,4.0,64.16,Medium Risk
STU-7777EF73,3,67.6,71.86,90.14,34.55,2.66,5.0,1.0,84.73,Medium Risk
STU-4848C704,3,67.66,40.27,69.71,62.63,2.67,1.0,5.0,31.24,Medium Risk
STU-F2917CE2,1,95.02,34.58,66.06,23.63,2.44,5.0,0.0,74.97,Medium Risk
STU-1BAC7616,1,53.84,39.5,54.95,12.56,2.7,5.0,0.0,50.01,Medium Risk
STU-9FF74DDF,1,56.59,38.58,28.15,59.91,2.91,1.0,1.0,70.75,Low Risk
STU-A03E2EA4,2,77.66,89.16,88.52,51.96,1.61,9.0,0.0,62.59,Medium Risk
STU-57CE8F76,1,86.04,82.99,19.47,37.57,2.7,1.0,5.0,94.71,Medium Risk
STU-FD50C866,2,80.46,88.22,37.95,52.19,1.04,6.0,1.0,28.39,Medium Risk
STU-20C25FC1,3,86.27,78.79,24.33,71.52,3.81,8.0,5.0,33.04,Medium Risk
STU-8CAE92E3,1,72.38,71.48,24.08,19.81,1.11,0.0,7.0,30.08,High Risk
STU-611BBB21,1,91.08,62.23,48.19,33.01,3.87,7.0,4.0,74.55,Medium Risk
STU-07570A8D,2,70.76,41.24,28.64,81.55,3.91,3.0,2.0,30.69,Low Risk
STU-6A71D5ED,1,49.91,76.43,64.42,70.31,2.58,5.0,3.0,50.29,Medium Risk
STU-F5B45C4B,1,70.21,30.93,68.31,33.96,2.0,2.0,3.0,90.3,Medium Risk
STU-07C0CC7E,1,81.34,60.88,89.98,45.83,1.55,9.0,6.0,38.64,High Risk
STU-9777DACE,2,77.48,35.62,40.47,20.78,1.49,0.0,3.0,27.72,Medium Risk
STU-C4C50595,3,50.8,60.38,41.28,32.78,1.71,0.0,0.0,60.32,Low Risk
STU-2BA23E3B,1,37.67,43.51,35.94,85.7,2.43,4.0,4.0,70.71,Medium Risk
STU-904940EA,3,51.41,24.28,81.45,49.64,3.23,3.0,6.0,57.18,Medium Risk
STU-1F78E2D3,4,98.96,60.3,51.39,67.63,2.2,7.0,4.0,61.45,Medium Risk
STU-AB503E91,3,46.99,34.55,61.96,24.38,3.34,2.0,7.0,31.39,Medium Risk
STU-6DA97A6B,1,65.18,32.89,46.84,26.5,2.69,2.0,3.0,40.05,Medium Risk
STU-A41EFC3D,2,76.49,50.75,28.33,94.68,1.06,1.0,6.0,71.03,Medium Risk
STU-DE9BE571,3,92.17,48.94,23.72,85.73,1.4,8.0,5.0,83.56,High Risk
STU-3630A674,4,84.42,89.36,88.8,81.13,2.72,4.0,4.0,45.67,Low Risk
STU-1550DC48,4,94.08,65.17,37.57,39.66,1.48,8.0,1.0,75.3,Medium Risk
STU-481CA091,2,74.28,88.37,95.04,60.65,2.82,6.0,3.0,31.8,Medium Risk
STU-ACD51855,3,91.25,31.75,95.52,54.31,2.34,7.0,3.0,40.28,Medium Risk
STU-1958AA7F,4,52.15,48.58,55.71,96.06,3.07,6.0,7.0,15.55,High Risk
STU-B7565E35,4,62.99,64.43,96.48,31.57,1.87,4.0,2.0,33.71,Medium Risk
STU-3A3C81DD,2,89.85,32.25,17.42,95.25,3.46,1.0,3.0,79.75,Low Risk
STU-0FA0495D,1,56.16,30.24,22.79,73.62,2.17,7.0,0.0,22.21,Medium Risk
STU-B49DFB10,1,91.63,72.91,35.68,47.23,3.39,4.0,5.0,21.63,Medium Risk
STU-6113AADA,2,58.6,72.31,32.78,33.97,1.06,7.0,1.0,69.34,Medium Risk
STU-AA6DFBD0,3,58.62,38.73,36.47,78.16,2.18,4.0,4.0,57.52,Medium Risk
STU-FC6B60C3,4,55.09,38.17,53.45,84.06,1.66,0.0,5.0,80.84,Medium Risk
STU-4CE40FD5,4,70.55,79.64,20.35,42.18,2.33,9.0,0.0,48.23,Medium Risk
STU-90DCCBA6,1,43.39,29.36,62.21,25.47,3.84,8.0,1.0,62.78,Medium Risk
STU-F02278BD,3,37.38,93.86,41.3,54.3,1.48,4.0,5.0,94.97,Medium Risk
STU-FF248DEA,2,93.33,95.5,21.08,52.17,1.26,1.0,5.0,88.91,Medium Risk
STU-1EEB6BF7,3,95.38,89.68,79.02,75.29,1.18,3.0,2.0,66.13,Medium Risk
STU-C17FAD29,3,39.95,36.85,70.54,97.59,1.37,0.0,7.0,55.76,Medium Risk
STU-9281B849,1,70.73,21.34,82.44,57.82,1.19,3.0,7.0,19.13,High Risk
STU-1C921DF7,1,70.08,94.94,94.83,75.85,3.05,4.0,3.0,59.83,Low Risk
STU-B1AD8903,1,59.21,47.52,64.79,41.55,1.35,1.0,4.0,54.84,Medium Risk
STU-517E11BD,1,71.98,44.83,81.87,63.96,1.59,5.0,5.0,94.06,High Risk
STU-BA0C0634,4,64.78,40.93,31.93,20.38,2.94,3.0,3.0,49.43,Medium Risk
STU-4306A5E3,1,66.83,39.56,49.88,83.34,2.34,4.0,0.0,67.84,Low Risk
STU-B0666C74,1,84.1,78.76,60.06,40.99,1.16,9.0,3.0,92.75,High Risk
STU-D89BF9EC,1,69.19,92.63,61.0,17.2,3.91,9.0,1.0,31.54,Medium Risk
STU-9D4A1BBB,4,56.04,82.88,76.06,99.15,2.8,4.0,7.0,46.94,Medium Risk
STU-106E49AE,2,72.79,73.93,82.65,91.16,2.84,3.0,3.0,45.99,Low Risk
STU-D1A2F199,1,76.65,43.02,71.68,27.77,3.56,0.0,3.0,39.1,Low Risk
STU-CD3AA24D,3,78.05,63.76,19.02,42.69,3.73,4.0,2.0,88.31,Low Risk
STU-3350F42B,2,75.19,38.96,44.85,94.3,1.17,3.0,6.0,72.87,Medium Risk
STU-F4898533,2,78.2,28.92,63.66,81.67,1.21,5.0,3.0,97.89,Medium Risk
STU-5076A15F,3,55.16,29.62,58.17,91.58,3.33,6.0,2.0,84.61,Medium Risk
STU-D398674E,1,64.0,68.3,18.81,60.63,3.09,3.0,6.0,90.05,Medium Risk
STU-E73A6A81,4,78.47,23.08,98.35,31.88,1.65,2.0,0.0,18.48,Low Risk
STU-631D8F45,3,84.03,97.86,96.27,30.43,1.96,0.0,7.0,16.52,Medium Risk
STU-40768E46,2,63.22,99.64,80.77,57.31,2.83,1.0,6.0,71.24,Medium Risk
STU-FBB35E31,1,58.75,31.95,19.71,93.16,3.37,0.0,2.0,66.95,Low Risk
STU-C1588B6B,4,81.53,54.18,51.57,66.84,2.81,8.0,7.0,17.1,High Risk
STU-3D007C39,3,49.44,81.45,49.83,13.1,3.38,3.0,2.0,21.03,Medium Risk
STU-9D9306AC,1,35.62,96.41,62.43,60.44,1.69,6.0,6.0,55.54,High Risk
STU-C29C06F0,1,65.63,91.31,19.75,64.76,1.99,5.0,6.0,83.0,Medium Risk
STU-1E548020,2,46.27,40.38,51.01,62.34,1.3,0.0,0.0,76.42,Low Risk
STU-4BBD3E67,3,59.59,26.82,79.42,72.2,3.95,1.0,2.0,59.58,Low Risk
STU-21032028,4,53.93,43.1,99.83,36.42,3.43,3.0,6.0,52.99,Medium Risk
STU-E79C1810,3,85.52,54.98,65.61,22.94,3.15,5.0,3.0,81.78,Medium Risk
STU-2E2E9AD4,2,56.54,48.8,94.95,77.5,1.58,4.0,6.0,41.51,Medium Risk
STU-4C038F01,1,76.64,81.91,99.88,27.67,3.1,2.0,0.0,77.23,Low Risk
STU-4369B217,3,78.8,40.62,51.96,20.27,3.59,8.0,7.0,92.86,High Risk
STU-5B75E669,4,64.67,88.69,71.84,42.34,3.43,6.0,0.0,31.58,Low Risk
STU-FE7F78B4,2,40.27,38.05,33.12,84.95,3.26,5.0,7.0,50.05,Medium Risk
STU-93EA0183,1,80.52,48.91,55.43,17.39,2.16,4.0,2.0,49.62,Medium Risk
STU-B79E74B8,1,39.89,55.82,21.66,27.6,3.3,7.0,2.0,51.93,Medium Risk
STU-6E524F5A,1,41.45,43.3,17.48,52.77,2.45,7.0,1.0,20.21,High Risk
STU-33E898C8,3,47.74,81.31,90.9,35.89,2.21,9.0,0.0,76.01,Medium Risk
STU-D2852615,4,53.22,52.76,87.96,74.95,3.89,9.0,4.0,68.15,Medium Risk
STU-76057CA1,2,90.02,90.96,41.53,70.74,1.44,9.0,3.0,88.66,Medium Risk
STU-21ED2FA8,2,78.87,97.09,53.84,85.83,3.59,9.0,5.0,20.3,High Risk
STU-EBA2FD69,2,60.17,88.78,56.96,28.35,1.97,4.0,5.0,60.08,Medium Risk
STU-9F517D9D,4,98.61,61.81,59.26,68.4,2.55,0.0,2.0,32.0,Low Risk
STU-F3ACCAFB,2,50.83,60.78,26.44,79.73,2.09,2.0,6.0,72.72,Medium Risk
STU-273E2E8D,1,74.64,37.27,80.88,15.64,2.51,3.0,5.0,81.6,Medium Risk
STU-501B9527,1,90.07,67.38,44.56,13.31,3.46,0.0,0.0,55.61,Low Risk
STU-4D5E2AE5,2,87.13,96.22,17.69,60.33,1.55,0.0,7.0,32.36,High Risk
STU-B37C68CD,4,40.87,26.45,72.51,62.91,3.26,3.0,0.0,66.9,Low Risk
STU-FBD9F67C,2,80.32,80.2,85.54,45.35,2.34,3.0,6.0,26.94,Medium Risk
STU-A3E7AEDE,2,51.76,89.56,93.04,13.25,3.8,6.0,7.0,46.81,Medium Risk
STU-965A8DAD,3,58.12,98.94,72.32,46.17,2.64,5.0,3.0,67.32,Medium Risk
STU-49054DA1,2,66.78,46.78,31.26,67.79,1.12,0.0,0.0,95.21,Low Risk
STU-8C91DA2E,1,86.4,48.45,65.13,73.17,3.73,0.0,4.0,71.44,Low Risk
STU-68DE750A,4,45.8,38.38,92.5,54.35,3.77,5.0,1.0,68.91,Low Risk
STU-D24BDAE5,3,42.06,83.13,44.8,57.25,1.54,6.0,6.0,76.59,High Risk
STU-57962167,3,44.97,31.2,96.03,70.54,3.92,1.0,3.0,29.43,Low Risk
STU-B87706E9,3,49.18,41.42,23.3,50.44,2.34,2.0,4.0,77.52,Medium Risk
STU-DD5BD69D,4,38.87,43.62,76.88,33.72,3.74,1.0,0.0,35.64,Low Risk
STU-CD32E5F5,2,95.21,49.99,25.19,30.07,2.09,5.0,6.0,78.15,High Risk
STU-93935F7E,2,55.74,53.73,82.9,77.75,1.07,0.0,0.0,90.86,Low Risk
STU-AC12461F,2,46.5,64.72,23.3,53.88,3.39,6.0,7.0,58.71,High Risk
STU-94F0FD65,2,76.46,95.87,42.69,66.17,3.66,9.0,2.0,15.88,Medium Risk
STU-F825ECCF,1,86.15,39.78,81.03,52.4,1.49,1.0,3.0,65.98,Medium Risk
STU-5734E96E,4,83.96,82.34,54.12,83.7,2.66,4.0,1.0,44.3,Low Risk
STU-8973C64E,4,81.72,74.11,90.03,54.72,3.49,0.0,2.0,61.79,Low Risk
STU-85536857,2,38.28,29.28,49.15,98.92,2.38,9.0,5.0,50.52,High Risk
STU-EF8EB862,2,85.84,84.83,99.57,31.83,3.37,9.0,0.0,71.24,Low Risk
STU-2C19A5D7,1,67.62,27.25,16.59,22.47,2.91,6.0,1.0,41.83,Medium Risk
STU-803C4E66,4,77.19,79.11,74.17,43.62,3.16,4.0,3.0,47.04,Low Risk
STU-06B63847,2,97.17,77.26,92.85,92.68,3.76,4.0,4.0,18.23,Low Risk
STU-0B4664AB,3,87.69,75.15,60.56,86.71,2.25,7.0,1.0,27.05,Medium Risk
STU-0E28F8C8,4,88.65,42.14,99.02,32.26,3.31,7.0,2.0,47.44,Low Risk
STU-533EFB0B,2,46.8,65.87,75.18,63.97,3.14,7.0,4.0,15.19,Medium Risk
STU-692CFDB6,4,65.97,80.93,51.51,63.0,2.32,2.0,4.0,16.16,Medium Risk
STU-1142E8F9,2,96.71,71.01,58.81,36.41,2.14,7.0,1.0,68.65,Low Risk
STU-E313BF67,3,72.87,84.34,89.58,31.18,3.64,4.0,6.0,52.96,Medium Risk
STU-268CB051,2,41.67,75.03,96.39,45.1,1.61,0.0,7.0,15.08,Medium Risk
STU-E3F72209,2,82.57,41.96,62.25,80.98,1.96,3.0,6.0,36.49,Medium Risk
STU-E4B50145,4,37.79,32.24,41.11,27.25,3.92,4.0,5.0,68.95,Medium Risk
STU-62C5F843,3,83.25,70.56,35.34,50.12,1.83,7.0,1.0,31.91,Medium Risk
STU-F13B904B,2,92.19,80.78,55.55,53.35,3.62,9.0,2.0,81.79,Low Risk
STU-EA1A4E53,1,62.64,31.39,40.19,94.52,2.11,1.0,1.0,38.79,Low Risk
STU-2BA84AF8,1,61.88,33.99,50.77,37.32,2.65,5.0,3.0,95.06,Medium Risk
STU-03C6DBBE,3,54.77,20.97,85.93,11.77,2.2,3.0,6.0,59.18,High Risk
STU-DB3CB356,2,92.0,62.54,55.12,72.44,1.66,2.0,4.0,29.93,Medium Risk
STU-3CF4F1ED,4,70.61,63.38,69.47,78.02,3.07,8.0,4.0,24.71,Medium Risk
STU-81915F13,2,72.65,60.01,22.66,73.27,3.9,4.0,2.0,27.29,Low Risk
STU-0072A65C,2,78.01,45.28,79.78,73.07,3.68,1.0,1.0,74.77,Low Risk
STU-CC0D8E5A,3,54.52,54.22,56.05,53.49,3.96,2.0,7.0,28.29,Medium Risk
STU-B5E766C3,2,63.13,81.3,45.68,11.68,3.07,8.0,5.0,94.83,Medium Risk
STU-CA98B930,4,83.2,34.54,66.93,75.69,1.1,7.0,1.0,41.67,Medium Risk
STU-6B2A7949,3,99.06,36.12,23.67,94.29,2.66,5.0,7.0,20.45,High Risk
STU-76DC6477,1,37.23,73.36,50.19,24.16,2.87,7.0,7.0,28.73,High Risk
STU-B8F0C927,3,37.77,89.35,83.93,16.11,1.36,0.0,4.0,43.89,Medium Risk
STU-F925B5F3,1,62.83,47.23,37.28,33.87,3.49,1.0,7.0,25.44,Medium Risk
STU-66E14C15,2,77.88,94.62,92.7,86.48,3.19,5.0,4.0,87.03,Low Risk
STU-BA5843A1,1,60.11,24.61,66.31,19.55,2.35,4.0,2.0,96.41,Medium Risk
STU-28A0A5E2,3,99.98,29.48,60.97,74.37,1.88,0.0,6.0,79.38,Medium Risk
STU-BA683BC6,1,47.7,56.8,48.96,15.67,1.67,3.0,1.0,67.35,Medium Risk
STU-859248B8,2,35.52,77.88,78.07,12.95,3.89,7.0,0.0,82.92,Low Risk
STU-0B5207B5,2,47.36,49.67,62.98,90.22,3.41,8.0,6.0,28.12,High Risk
STU-59CF4C5C,1,92.64,64.38,82.71,79.35,3.08,0.0,1.0,47.07,Low Risk
STU-BC293780,1,44.43,22.29,43.19,63.87,3.85,1.0,2.0,33.1,Low Risk
STU-1EFD5205,2,66.13,56.95,74.67,25.48,1.61,2.0,4.0,54.43,Medium Risk
STU-1769E310,1,62.25,39.41,95.19,35.1,3.57,6.0,4.0,29.93,Medium Risk
STU-004AF21A,1,78.27,61.31,38.79,14.37,2.75,4.0,0.0,84.38,Medium Risk
STU-88A058C0,1,38.55,62.07,98.39,68.08,3.8,1.0,0.0,83.05,Low Risk
STU-A1CE1416,4,77.82,80.25,49.89,71.75,2.98,2.0,2.0,46.29,Low Risk
STU-21DE55AD,3,58.06,63.19,18.28,39.41,3.22,7.0,1.0,76.46,Medium Risk
STU-6EC1A2C6,2,95.19,69.14,45.4,40.46,1.67,3.0,4.0,51.16,Medium Risk
STU-02F08CFD,4,90.18,62.37,27.72,66.61,2.03,9.0,5.0,39.21,High Risk
STU-C095DB88,1,60.97,99.23,40.86,95.11,1.91,8.0,3.0,38.42,Medium Risk
STU-7831DEE1,2,99.54,83.33,23.16,45.52,3.08,5.0,3.0,56.67,Low Risk
STU-01EC0E4F,4,38.38,80.45,30.15,54.42,2.23,7.0,3.0,16.04,High Risk
STU-26619D2D,3,86.26,70.18,25.77,72.84,3.58,9.0,4.0,75.42,Medium Risk
STU-42169695,4,63.2,62.27,18.7,40.81,1.64,5.0,6.0,48.1,High Risk
STU-AE00E49D,4,63.16,47.58,40.18,88.2,3.39,1.0,4.0,26.87,Low Risk
STU-6474E3E3,1,46.06,82.72,94.98,86.16,3.44,9.0,6.0,68.96,Medium Risk
STU-F7C690BD,4,68.47,35.17,95.7,70.69,2.88,7.0,7.0,79.09,Medium Risk
STU-104D6EE5,4,40.51,22.92,86.96,58.32,1.44,6.0,3.0,24.97,High Risk
STU-B15E6371,2,75.08,75.85,16.03,98.52,1.98,3.0,0.0,23.77,Low Risk
STU-6151C97C,4,50.7,31.59,17.39,73.21,2.19,5.0,3.0,48.0,Medium Risk
STU-31C5D2C6,1,82.12,92.31,15.88,67.89,2.4,8.0,0.0,70.18,Low Risk
STU-9716FA0E,3,74.48,81.65,46.16,88.91,3.21,0.0,2.0,64.37,Low Risk
STU-E231A452,1,83.52,68.18,98.32,59.95,2.02,8.0,5.0,97.87,Medium Risk
STU-C0F772C4,1,83.73,45.11,91.23,31.86,1.05,9.0,3.0,52.29,High Risk
STU-D957E043,3,47.79,71.04,36.3,22.4,3.6,3.0,5.0,44.69,Medium Risk
STU-6845B3DC,2,35.04,58.15,49.87,52.39,2.3,0.0,3.0,79.58,Medium Risk
STU-2200E297,3,58.77,43.29,85.08,56.41,1.85,7.0,0.0,96.29,Low Risk
STU-EF9AF945,2,94.74,95.61,79.48,84.49,3.46,7.0,0.0,90.87,Low Risk
STU-56323991,2,72.56,32.95,26.27,22.55,3.64,8.0,5.0,50.02,High Risk
STU-3D14027D,1,82.29,80.27,24.16,71.31,3.19,9.0,6.0,68.68,High Risk
STU-08AEDD00,3,92.17,84.0,61.22,37.37,2.06,0.0,7.0,27.15,High Risk
STU-87F1233D,4,93.89,96.14,23.68,94.51,1.69,1.0,0.0,75.72,Low Risk
STU-5CEF38A4,3,69.39,63.95,85.13,52.34,3.14,5.0,2.0,44.79,Medium Risk
STU-5BD1A7AC,3,70.16,62.79,36.53,66.02,1.17,4.0,3.0,33.92,Medium Risk
STU-62EA3ED8,2,90.31,93.62,31.01,68.51,2.17,2.0,5.0,26.5,Medium Risk
STU-D3073770,2,87.49,84.09,30.78,18.19,3.28,2.0,0.0,36.93,Low Risk
STU-E07B4262,2,80.43,81.09,18.84,86.7,2.76,8.0,5.0,58.39,Medium Risk
STU-EB2E119B,4,74.29,83.13,69.56,24.78,3.2,0.0,5.0,91.12,Medium Risk
STU-481B5F86,3,75.12,59.45,28.98,45.77,2.72,3.0,2.0,37.18,Medium Risk
STU-5E2913DE,2,58.59,23.31,34.83,70.53,1.72,6.0,6.0,19.77,High Risk
STU-2D62C408,2,89.66,35.86,78.86,14.97,2.45,4.0,2.0,81.29,Low Risk
STU-224EF3E0,2,75.16,71.44,19.89,62.24,3.32,8.0,6.0,81.37,High Risk
STU-988B7743,3,49.53,51.69,32.23,46.89,1.69,9.0,4.0,20.7,High Risk
STU-AAFCA8BE,2,50.59,68.54,27.69,15.75,3.89,7.0,0.0,30.53,Medium Risk
STU-CA3611BB,3,91.0,64.13,15.41,75.38,1.61,0.0,0.0,28.6,Low Risk
STU-483D92B3,2,75.67,55.09,60.84,55.12,1.04,7.0,6.0,54.23,High Risk
STU-BF1C0C9F,2,60.92,38.78,31.15,37.31,3.33,9.0,5.0,36.2,High Risk
STU-04F25BAB,4,47.16,77.52,68.8,17.59,3.79,9.0,0.0,78.53,Medium Risk
STU-E6DF93D6,2,74.66,92.72,57.65,59.27,1.74,4.0,6.0,67.5,Medium Risk
STU-66FBDCFE,4,46.98,81.6,71.77,37.54,1.47,5.0,4.0,72.62,Medium Risk
STU-97A10C75,1,65.56,29.6,98.43,95.2,1.67,0.0,0.0,47.14,Low Risk
STU-E79FF829,1,79.04,63.04,33.69,63.24,2.88,4.0,7.0,57.42,Medium Risk
STU-DBD91410,2,71.75,86.83,71.6,35.66,2.74,3.0,0.0,72.71,Low Risk
STU-6499859D,4,94.94,67.28,85.86,57.58,2.86,8.0,2.0,59.83,Low Risk
STU-B86A455B,3,37.58,55.17,96.38,58.55,1.02,3.0,0.0,21.42,Medium Risk
STU-5685F134,1,53.19,42.76,67.9,75.41,1.47,5.0,3.0,45.79,High Risk
STU-4121796E,1,38.71,46.43,26.12,91.2,1.73,9.0,1.0,97.55,Medium Risk
STU-EF5C3D8C,3,47.65,39.37,19.58,96.63,3.09,2.0,0.0,57.62,Low Risk
STU-35833A24,2,43.06,35.66,38.67,74.61,2.83,8.0,2.0,49.89,Medium Risk
STU-B85B701D,2,82.62,67.11,93.89,59.13,2.87,7.0,6.0,90.6,Medium Risk
STU-B7B02758,2,59.01,60.75,60.64,30.24,2.71,8.0,4.0,71.42,High Risk
STU-737273A3,3,95.13,78.79,64.24,46.27,3.23,9.0,4.0,51.25,Medium Risk
STU-30AA45D6,1,36.52,44.63,66.9,53.99,3.83,5.0,5.0,65.56,Medium Risk
STU-2E8BF368,1,77.44,56.87,43.24,21.55,3.02,7.0,5.0,43.63,High Risk
STU-D9101B55,2,98.09,74.43,30.44,33.08,3.23,0.0,1.0,83.29,Low Risk
STU-A0BA37D7,1,46.43,97.06,96.11,98.6,2.82,0.0,7.0,75.92,Low Risk
STU-C70415A2,2,63.76,47.91,79.21,78.1,3.39,9.0,2.0,33.48,Medium Risk
STU-CEBA0E47,4,80.62,43.86,58.44,53.38,3.83,3.0,0.0,41.14,Low Risk
STU-2A0971F0,1,76.15,55.94,47.02,30.34,2.82,0.0,4.0,15.24,Medium Risk
STU-50FA0919,1,71.79,77.91,56.04,61.61,1.54,6.0,4.0,82.24,Medium Risk
STU-CBFF3918,1,56.24,96.92,17.86,30.87,3.31,3.0,3.0,22.67,Medium Risk
STU-592FAB96,4,82.33,62.92,36.04,27.38,2.95,0.0,6.0,63.64,Medium Risk
STU-3557D96B,1,77.46,85.0,36.31,18.44,3.8,0.0,1.0,86.94,Low Risk
STU-2AB4DF1D,4,45.58,57.15,52.85,41.13,1.82,5.0,3.0,97.12,Medium Risk
STU-FDABAC3B,2,97.67,23.19,35.08,58.76,3.91,5.0,7.0,42.12,Medium Risk
STU-C6E12F76,2,71.12,91.54,30.76,24.34,2.66,5.0,6.0,30.61,High Risk
STU-D4559F0F,1,69.16,43.19,80.07,28.04,3.89,8.0,6.0,98.91,Medium Risk
STU-2C8EC529,3,90.14,31.09,90.95,45.2,3.35,6.0,4.0,30.83,Medium Risk
STU-82205419,3,76.63,99.69,20.71,54.06,3.6,6.0,6.0,27.78,Medium Risk
STU-9AC652AB,2,39.84,47.79,32.82,78.61,1.97,0.0,5.0,93.61,Medium Risk
STU-6A549E7D,2,67.93,30.92,80.76,61.0,1.66,7.0,0.0,94.57,Low Risk
STU-25230E1B,2,85.74,44.92,84.35,65.59,2.87,5.0,0.0,55.73,Low Risk
STU-0C14CA73,2,80.5,61.11,57.51,72.66,2.12,4.0,7.0,69.43,Medium Risk
STU-0AE6FDB3,2,98.1,27.04,74.07,50.59,3.96,5.0,3.0,50.52,Low Risk
STU-027EFBE7,2,36.62,48.21,21.6,40.88,2.49,8.0,7.0,93.81,High Risk
STU-88DEAA41,3,51.98,73.51,87.21,82.04,1.33,3.0,0.0,86.0,Low Risk
STU-40E14F09,2,70.7,93.27,85.78,84.55,2.5,6.0,1.0,58.69,Low Risk
STU-BBDEDCED,2,75.27,51.8,73.94,23.86,2.61,2.0,3.0,52.92,Medium Risk
STU-46361ABE,2,52.83,65.17,92.89,95.8,1.01,1.0,7.0,73.39,Medium Risk
STU-A02442DE,1,88.74,70.88,19.05,93.69,1.74,2.0,7.0,71.49,Medium Risk
STU-4BD45668,2,45.68,25.66,34.63,88.38,1.0,6.0,2.0,21.91,High Risk
STU-C99BCFCA,1,35.06,47.38,45.82,48.04,2.68,5.0,0.0,38.71,Low Risk
STU-DF847D3D,1,96.91,74.74,28.48,85.8,1.88,2.0,6.0,52.28,Medium Risk
STU-8A0F3286,4,60.45,78.85,84.26,66.53,1.52,3.0,0.0,62.67,Low Risk
STU-3F4595B7,2,97.24,48.48,79.36,28.49,3.52,0.0,5.0,31.28,Medium Risk
STU-F88CA52E,2,53.07,20.54,80.73,79.74,1.09,6.0,6.0,42.19,High Risk
STU-53A8B27D,4,39.12,20.55,39.76,46.55,3.08,4.0,7.0,57.86,High Risk
STU-7C029145,1,85.21,63.05,79.83,36.29,2.72,0.0,2.0,91.58,Low Risk
STU-6312DB04,4,89.33,64.12,25.46,89.05,3.31,3.0,6.0,47.99,Medium Risk
STU-09B43BE8,1,66.99,64.46,24.08,87.6,1.4,3.0,1.0,40.04,Medium Risk
STU-7D6E9CDB,3,39.8,77.74,64.64,87.79,3.61,6.0,3.0,87.5,Low Risk
STU-8BA41F27,3,77.52,93.7,19.14,87.36,1.96,5.0,3.0,34.69,Medium Risk
STU-8E5B8B29,4,46.84,99.21,94.79,59.88,1.03,9.0,5.0,66.36,High Risk
STU-8DE13580,3,90.21,76.09,42.95,65.52,2.97,9.0,7.0,50.16,High Risk
STU-BA8AC037,2,52.81,61.12,55.55,95.4,3.58,3.0,1.0,92.09,Low Risk
STU-D05AB69B,3,90.1,31.28,84.12,21.64,2.06,4.0,5.0,73.37,Medium Risk
STU-7BEB3D8D,1,62.75,50.73,49.0,82.56,2.58,1.0,3.0,90.45,Low Risk
STU-BD4FC859,3,73.77,65.8,51.6,57.36,2.24,6.0,0.0,71.13,Medium Risk
STU-CE504C6B,1,86.32,99.98,44.58,98.06,1.13,8.0,6.0,62.77,Medium Risk
STU-5ABE978E,3,37.63,30.16,44.9,67.53,3.26,8.0,1.0,50.43,Medium Risk
STU-CE1FBF27,3,88.38,83.45,54.78,24.63,3.82,6.0,0.0,67.05,Low Risk
STU-50C434B8,4,44.01,99.92,95.4,83.39,2.26,6.0,6.0,81.9,Medium Risk
STU-7EB575D4,2,58.3,84.42,94.56,70.54,1.43,7.0,7.0,51.66,High Risk
STU-D04205EA,3,65.73,81.37,61.34,23.4,2.52,4.0,0.0,69.27,Medium Risk
STU-5DB5BB78,1,93.2,40.69,53.76,10.81,3.71,0.0,5.0,52.69,Low Risk
STU-FAC201E0,1,36.46,20.27,83.69,58.93,2.82,9.0,0.0,23.18,Medium Risk
STU-0D12697A,2,71.35,38.08,72.88,31.73,1.64,9.0,2.0,62.74,High Risk
STU-74AD12B6,3,76.76,83.18,89.93,88.05,2.66,9.0,1.0,20.53,Low Risk
STU-52180F53,3,55.58,28.58,77.1,32.58,1.98,2.0,5.0,65.76,High Risk
STU-15BBCD2A,3,53.88,43.69,95.95,69.66,1.07,2.0,0.0,86.34,Medium Risk
STU-BB8CC6CF,2,66.88,65.0,90.33,41.06,3.74,2.0,7.0,28.23,Medium Risk
STU-1517CF88,3,47.16,66.38,87.7,41.53,3.38,4.0,6.0,65.68,Medium Risk
STU-17FE3E1F,1,65.43,63.44,48.28,26.36,3.77,6.0,1.0,20.01,Low Risk
STU-EB89C91D,1,84.73,98.47,47.83,55.24,3.05,8.0,4.0,38.05,Medium Risk
STU-575A6C32,1,89.95,20.98,78.0,62.13,2.35,3.0,7.0,25.7,High Risk
STU-A828E186,3,60.04,59.01,22.12,62.29,2.48,7.0,6.0,17.11,High Risk
STU-E2737B7C,2,75.12,60.35,42.39,87.09,1.61,9.0,5.0,86.86,High Risk
STU-AC299EEA,1,35.0,43.47,94.24,68.71,2.16,5.0,5.0,49.85,Medium Risk
STU-8CBC2F22,3,70.77,62.01,53.26,76.62,1.49,2.0,0.0,27.86,Medium Risk
STU-932DCA81,2,98.39,73.86,37.94,39.11,2.42,9.0,3.0,69.0,Medium Risk
STU-DF3967DF,4,55.3,73.82,55.5,47.86,2.94,4.0,4.0,91.61,Medium Risk
STU-79F36A06,2,73.66,27.03,39.53,11.65,1.77,7.0,7.0,57.63,High Risk
STU-79A7E037,1,84.55,84.2,80.3,17.12,3.83,0.0,3.0,85.49,Low Risk
STU-894B0198,4,74.58,94.46,87.3,44.66,2.94,2.0,6.0,86.63,Low Risk
STU-F3204DF7,1,62.2,29.89,81.53,28.88,1.66,7.0,4.0,78.78,High Risk
STU-A192BD14,3,44.92,53.33,27.67,83.17,1.5,6.0,5.0,38.38,High Risk
STU-9DE1A860,2,65.14,60.94,43.56,70.88,1.51,0.0,5.0,54.76,Medium Risk
STU-2C7444EE,1,54.16,30.79,33.19,97.33,3.92,3.0,2.0,27.36,Medium Risk
STU-C0F75BBC,3,80.23,60.27,18.64,89.83,1.71,4.0,7.0,93.23,High Risk
STU-A4BBAFDC,1,63.72,36.55,77.83,97.99,1.51,4.0,2.0,70.96,Medium Risk
STU-2721787B,4,90.24,94.83,51.41,42.87,1.49,4.0,6.0,15.48,Medium Risk
STU-7508D2A1,1,47.57,55.88,38.51,53.59,2.03,3.0,4.0,82.98,Medium Risk
STU-32DD3C31,2,62.15,99.59,41.14,43.54,2.85,8.0,7.0,16.24,High Risk
STU-420D0612,3,71.24,23.72,26.48,96.79,1.24,0.0,5.0,67.04,Medium Risk
STU-408A2E3E,1,43.19,30.21,85.27,46.24,1.48,6.0,4.0,52.4,High Risk
STU-1784375A,2,73.21,55.46,27.23,20.51,3.93,0.0,1.0,32.72,Low Risk
STU-1F5D929D,4,53.91,89.95,43.76,32.55,2.85,2.0,2.0,79.11,Medium Risk
STU-FD59CDA3,3,49.92,64.42,15.63,48.23,1.42,9.0,7.0,99.88,High Risk
STU-E9E91ECC,2,44.22,78.59,52.09,64.27,2.65,4.0,5.0,74.76,Medium Risk
STU-D8CD830D,3,57.74,53.89,45.16,65.63,1.72,7.0,1.0,83.65,Medium Risk
STU-23603984,4,95.38,23.24,76.12,78.29,3.92,6.0,6.0,92.59,Medium Risk
STU-3D1989EB,1,37.02,71.83,75.8,68.31,2.17,6.0,3.0,52.52,Medium Risk
STU-8A16057A,2,90.39,70.72,18.28,54.24,1.43,4.0,2.0,69.26,Medium Risk
STU-A1DC5300,1,60.83,25.71,24.85,12.72,2.84,9.0,1.0,60.21,Medium Risk
STU-245F3205,4,71.5,33.67,91.89,72.55,1.41,6.0,0.0,41.89,Medium Risk
STU-59796F2A,3,68.33,58.09,82.3,17.69,2.55,9.0,7.0,20.47,High Risk
STU-4F39BB5D,4,95.17,55.73,48.11,52.19,3.56,2.0,7.0,87.91,Low Risk
STU-F0BD4A32,4,85.06,80.19,29.14,90.68,2.04,3.0,3.0,23.68,Medium Risk
STU-738DDB00,1,99.01,50.99,37.17,63.72,2.43,3.0,6.0,62.82,Medium Risk
STU-40B9FDD3,1,86.64,73.06,70.93,27.91,1.32,1.0,2.0,17.68,Medium Risk
STU-45006146,2,54.23,76.35,95.37,82.72,2.94,4.0,0.0,60.53,Low Risk
STU-19D68285,2,97.59,71.6,67.34,37.04,1.34,8.0,4.0,19.83,High Risk
STU-4A7E83AA,3,98.93,67.69,17.25,61.95,1.98,1.0,0.0,75.17,Low Risk
STU-09C3B841,4,43.0,84.45,70.31,67.23,3.52,0.0,4.0,65.43,Low Risk
STU-079C7199,2,93.57,72.57,95.3,75.8,1.45,9.0,7.0,76.06,High Risk
STU-F3BD3BEE,2,78.17,86.73,45.48,15.85,3.52,7.0,6.0,63.11,Medium Risk
STU-295DBCA5,3,94.93,70.93,94.35,86.88,2.89,4.0,7.0,78.35,Medium Risk
STU-A2239DBF,1,94.52,32.72,72.0,20.25,1.42,3.0,4.0,46.15,Medium Risk
STU-DB30BDD9,1,92.94,44.76,31.14,18.51,1.51,2.0,4.0,42.85,Medium Risk
STU-F8CDAA73,3,92.54,46.43,27.35,51.12,2.99,6.0,4.0,57.0,Medium Risk
STU-747980BB,2,42.65,27.51,29.99,43.5,3.19,6.0,3.0,57.89,Medium Risk
STU-D8C9A748,4,44.33,75.38,74.43,14.92,2.97,8.0,7.0,43.82,High Risk
STU-5FECB568,2,42.66,67.61,65.11,24.94,3.14,3.0,5.0,57.13,Medium Risk
STU-6E1E1FE4,3,40.92,67.18,53.72,49.53,2.08,2.0,6.0,33.03,Medium Risk
STU-88E76556,3,57.96,58.28,37.39,84.62,1.0,5.0,6.0,70.37,High Risk
STU-FAF1C19A,1,79.46,63.45,92.11,20.92,2.59,5.0,4.0,97.6,Medium Risk
STU-DDE68A76,1,58.06,20.65,33.17,19.41,2.78,4.0,6.0,66.41,High Risk
STU-5857EBAA,1,81.82,27.7,39.11,82.43,3.06,1.0,4.0,55.37,Medium Risk
STU-09B738C7,1,88.32,74.67,19.67,54.31,1.69,1.0,6.0,91.92,Medium Risk
STU-6A68F088,2,78.3,40.92,38.4,42.42,1.51,4.0,4.0,71.0,Medium Risk
STU-63A1DB03,3,65.23,28.63,93.45,51.52,3.49,2.0,2.0,40.26,Low Risk
STU-58ADB597,3,54.21,46.29,30.95,46.98,3.52,2.0,5.0,67.75,Medium Risk
STU-DB44E3AD,3,43.09,40.36,32.34,80.37,3.96,9.0,1.0,78.39,Low Risk
STU-37BE825D,1,67.09,22.35,66.0,10.84,2.02,7.0,0.0,80.53,Medium Risk
STU-B8104F70,3,81.77,52.84,63.19,48.98,1.18,0.0,7.0,15.67,Medium Risk
STU-F69F0040,2,70.64,22.16,29.96,24.3,2.43,4.0,0.0,80.04,Medium Risk
STU-AECFD1CB,4,81.9,20.03,28.11,37.75,2.44,4.0,6.0,82.94,Medium Risk
STU-324E9C64,4,56.79,83.4,24.94,20.1,1.11,8.0,1.0,29.88,High Risk
STU-8D7612C6,3,39.34,45.2,88.19,48.43,2.73,0.0,3.0,87.33,Low Risk
STU-F9C0F077,3,85.12,65.41,70.63,67.9,1.78,0.0,4.0,75.54,Low Risk
STU-26264221,1,49.28,43.82,96.04,69.54,1.36,2.0,6.0,67.67,Medium Risk
STU-92225448,1,75.06,94.4,29.1,81.71,2.81,5.0,5.0,80.38,Medium Risk
STU-71111C7B,4,87.28,78.33,54.15,83.35,1.85,8.0,5.0,36.51,Medium Risk
STU-6A54B037,2,44.04,49.53,78.16,63.8,2.68,9.0,2.0,28.11,Medium Risk
STU-68BBDD00,2,73.9,36.85,33.15,41.78,1.05,6.0,6.0,20.87,High Risk
STU-7573FBC5,4,79.81,31.02,73.2,14.62,2.1,9.0,6.0,51.76,High Risk
STU-34BA9706,3,83.52,80.99,55.27,13.23,3.6,8.0,0.0,58.04,Low Risk
STU-7BFF29CD,1,44.6,56.24,51.62,20.19,2.95,1.0,1.0,23.8,Low Risk
STU-A112EE96,1,88.63,38.56,69.82,98.54,3.6,4.0,4.0,48.9,Low Risk
STU-4FF7A93F,1,41.12,93.57,54.75,80.74,3.22,0.0,6.0,37.19,Medium Risk
STU-1300EA66,3,68.77,51.21,84.7,46.44,3.16,7.0,0.0,90.2,Low Risk
STU-14350349,2,63.82,63.48,94.09,51.96,3.61,2.0,6.0,63.67,Medium Risk
STU-565793D4,4,49.41,88.62,65.05,76.36,1.06,6.0,0.0,29.85,Medium Risk
STU-DA4AFEFA,3,54.63,86.67,40.55,56.3,2.26,0.0,0.0,56.24,Low Risk
STU-85BB9086,1,45.69,71.04,81.06,42.44,3.88,5.0,7.0,18.52,High Risk
STU-3DE038FE,1,62.67,91.09,29.49,41.46,1.53,8.0,6.0,53.17,High Risk
STU-AFD88A05,2,37.31,96.17,23.07,28.87,2.96,4.0,4.0,91.63,Medium Risk
STU-93455E17,4,92.78,94.81,59.09,89.71,3.37,6.0,6.0,59.17,Medium Risk
STU-BC9F1602,1,45.63,47.92,69.97,47.27,3.8,6.0,3.0,33.37,Medium Risk
STU-20373C61,4,92.59,51.77,85.97,77.71,3.62,7.0,1.0,92.95,Low Risk
STU-725A7DB4,2,91.13,39.24,96.19,61.64,3.03,4.0,5.0,94.94,Medium Risk
STU-961553FA,1,64.36,86.95,89.23,77.87,3.13,3.0,5.0,38.39,Medium Risk
STU-B59FEECD,4,67.35,29.75,99.04,38.88,2.03,0.0,5.0,29.77,Medium Risk
STU-EAC9C309,1,54.62,48.41,55.43,77.68,1.67,7.0,1.0,22.7,Medium Risk
STU-917E5854,3,99.8,20.78,41.91,81.1,3.88,5.0,0.0,80.6,Low Risk
STU-FC992D7B,1,78.6,67.57,54.08,19.39,3.93,0.0,5.0,75.77,Low Risk
STU-E85FDF42,4,96.87,72.67,69.75,18.23,2.27,4.0,5.0,80.24,Medium Risk
STU-B34AF58C,4,61.96,39.92,58.12,98.69,2.23,9.0,3.0,28.77,Medium Risk
STU-2FF7577D,4,92.4,78.94,68.9,20.62,2.36,1.0,3.0,97.8,Low Risk
STU-4661FE1B,1,64.14,50.52,90.37,71.64,2.38,5.0,4.0,31.3,Medium Risk
STU-6E703540,1,91.34,44.94,29.09,77.3,3.53,0.0,1.0,18.22,Low Risk
STU-A1CB3A4E,2,43.51,96.49,25.22,15.72,2.29,3.0,5.0,48.43,High Risk
STU-74395FDB,1,76.4,67.1,57.37,77.19,3.65,2.0,7.0,62.14,Medium Risk
STU-EC9AF285,3,79.12,40.19,98.45,47.76,3.09,5.0,7.0,50.37,Medium Risk
STU-9BC942D2,2,77.65,98.66,20.02,34.72,3.9,6.0,0.0,56.25,Low Risk
STU-F9354D9D,1,64.06,51.0,98.86,69.88,3.02,4.0,0.0,62.69,Low Risk
STU-0A9D4846,3,79.45,71.83,97.26,84.98,2.24,7.0,3.0,32.93,Medium Risk
STU-6F1E0D83,4,50.57,77.91,39.87,61.55,3.75,2.0,6.0,86.61,Medium Risk
STU-0B837707,4,73.73,53.78,90.74,88.36,1.69,2.0,7.0,37.64,Medium Risk
STU-B1F97B00,2,71.03,62.87,15.66,12.01,3.89,1.0,6.0,99.85,Medium Risk
STU-390F084E,2,55.69,39.18,53.6,76.47,1.13,8.0,2.0,97.87,Medium Risk
STU-1D1002F0,1,85.63,57.27,49.18,25.25,2.92,3.0,4.0,41.5,Medium Risk
STU-5FE65854,1,40.26,44.86,91.73,35.75,1.05,1.0,3.0,60.0,Medium Risk
STU-7ECDD777,2,46.14,63.8,55.15,61.5,1.61,6.0,6.0,93.83,High Risk
STU-AD954998,4,65.62,73.59,50.52,34.7,2.39,7.0,4.0,62.34,Medium Risk
STU-C4666158,1,92.96,69.12,69.37,25.13,1.47,2.0,3.0,81.52,Medium Risk
STU-C6F16E8F,1,72.39,82.14,46.94,89.69,3.97,8.0,3.0,54.64,Low Risk
STU-CA988896,1,89.73,23.32,60.61,91.61,3.32,3.0,5.0,54.99,Low Risk
STU-582E22DF,1,68.64,26.29,96.22,13.27,3.55,6.0,3.0,46.57,Medium Risk
STU-53FC516C,1,86.05,36.43,32.22,55.01,3.94,8.0,2.0,56.25,Medium Risk
STU-6A31CBC9,2,56.18,98.86,54.01,28.33,3.02,6.0,1.0,19.85,Medium Risk
STU-B51BE2C9,2,87.98,84.02,16.31,87.71,1.8,4.0,7.0,97.3,Medium Risk
STU-50B51427,1,61.11,93.93,86.59,51.63,3.27,9.0,0.0,87.22,Medium Risk
STU-33339966,1,71.32,41.77,22.82,53.06,2.75,0.0,7.0,87.26,Medium Risk
STU-478F51A7,3,46.43,65.91,23.05,66.47,1.8,1.0,4.0,72.71,Medium Risk
STU-D6280843,2,94.83,64.39,90.04,15.01,2.1,6.0,3.0,31.4,Medium Risk
STU-3B5B62A8,1,80.59,65.56,49.79,21.46,2.82,4.0,0.0,33.17,Medium Risk
STU-B83A1025,4,90.83,77.41,73.42,54.85,2.19,8.0,3.0,22.47,Medium Risk
STU-5CAD58CA,2,48.51,51.52,87.92,97.0,1.71,2.0,1.0,81.43,Low Risk
STU-118505BA,3,39.4,74.18,46.83,85.92,2.29,8.0,1.0,91.22,Medium Risk
STU-567743DF,4,56.92,83.07,37.23,90.04,1.7,9.0,1.0,67.37,Medium Risk
STU-EDF67F87,2,68.58,43.13,29.41,22.34,3.63,5.0,3.0,87.24,Medium Risk
STU-17A5ECCD,4,87.15,95.66,66.61,96.28,3.08,9.0,6.0,92.0,Medium Risk
STU-C489A04D,4,60.85,61.44,36.44,75.7,2.13,9.0,0.0,27.47,Medium Risk
STU-8D9EFEB3,1,52.55,78.62,68.91,39.31,3.84,2.0,1.0,47.84,Low Risk
STU-569E1AA3,4,59.22,78.31,41.96,87.8,2.17,0.0,6.0,26.79,Medium Risk
STU-C295DC87,1,80.73,65.22,44.56,77.26,2.72,9.0,5.0,48.71,Medium Risk
STU-F453650A,1,56.85,45.81,36.17,76.29,2.54,8.0,4.0,54.88,High Risk
STU-886944C2,4,98.65,73.36,50.57,76.12,1.37,2.0,2.0,75.35,Low Risk
STU-57F893F5,4,46.37,26.98,28.78,82.08,2.27,1.0,2.0,71.94,Low Risk
STU-79985BC0,3,83.95,98.51,42.18,95.37,1.23,0.0,2.0,99.06,Low Risk
STU-A81BE92D,1,73.3,34.72,81.12,22.32,1.51,3.0,2.0,34.22,Medium Risk
STU-1D5F00C3,2,50.15,42.03,33.33,99.96,3.36,6.0,2.0,28.16,Medium Risk
STU-01FD2511,3,83.98,96.36,95.5,88.51,1.91,2.0,2.0,76.85,Low Risk
STU-6ED56896,2,64.09,34.92,56.9,49.75,1.27,9.0,3.0,74.75,High Risk
STU-555EB264,4,79.36,33.61,24.09,24.17,3.16,5.0,0.0,26.49,Medium Risk
STU-01DCBE1C,2,78.05,84.36,95.16,50.84,3.41,2.0,4.0,84.51,Low Risk
STU-C737AEAE,1,42.19,40.1,53.82,80.08,2.73,8.0,6.0,44.15,High Risk
STU-1CA289D9,1,89.6,27.58,62.34,64.22,3.75,6.0,0.0,55.05,Low Risk
STU-D26DF773,2,79.3,38.13,30.74,35.16,3.55,5.0,4.0,73.38,Medium Risk
STU-6F864C2A,3,85.74,91.07,43.33,46.61,2.66,3.0,1.0,66.62,Low Risk
STU-ADE57BB2,1,64.1,42.43,74.81,95.89,3.21,3.0,5.0,71.74,Low Risk
STU-646AEA0F,3,47.68,75.6,25.54,82.34,1.99,3.0,7.0,24.75,High Risk
STU-5287C4F5,1,56.2,51.61,63.49,21.17,2.91,4.0,5.0,39.48,Medium Risk
STU-220ECF15,2,93.6,40.97,73.95,59.09,3.93,0.0,6.0,84.04,Medium Risk
STU-A778C5B7,3,95.97,31.52,15.16,93.79,3.4,6.0,5.0,94.06,Medium Risk
STU-657C2CF2,1,66.32,97.78,86.19,13.09,2.12,8.0,4.0,50.15,Medium Risk
STU-7884B695,3,54.42,61.69,19.79,13.83,3.8,5.0,3.0,96.79,Medium Risk
STU-6C37A2E4,4,82.47,29.18,35.99,74.51,3.48,1.0,7.0,94.17,Medium Risk
STU-E2421F6B,3,84.79,35.91,96.9,61.8,1.11,6.0,1.0,87.33,Medium Risk
STU-39A98E57,2,88.01,52.58,21.89,14.14,3.24,2.0,6.0,78.79,Medium Risk
STU-8522B5C2,4,37.02,63.53,85.2,99.64,3.93,5.0,2.0,60.12,Low Risk
STU-FBB25201,4,35.63,34.54,70.42,62.21,1.95,8.0,3.0,33.08,Medium Risk
STU-72994619,1,58.22,42.22,65.86,54.27,1.83,9.0,3.0,36.61,High Risk
STU-95F6FC35,3,44.91,82.7,64.44,50.29,2.92,7.0,0.0,28.7,Low Risk
STU-2F5E654D,1,87.32,53.4,29.15,73.06,1.33,5.0,7.0,87.11,High Risk
STU-3A87567A,1,69.63,20.11,71.85,51.25,3.02,9.0,0.0,15.54,Medium Risk
STU-8CE68266,2,88.65,24.32,95.89,69.32,1.68,4.0,1.0,37.68,Medium Risk
STU-7D807E4A,4,46.5,55.15,21.55,53.95,2.35,3.0,3.0,66.46,High Risk
STU-4D3482B9,3,75.77,24.81,43.26,64.96,3.68,7.0,5.0,98.8,Medium Risk
STU-333D5984,1,72.71,33.91,55.14,82.47,3.39,5.0,1.0,40.33,Low Risk
STU-923E5B14,1,57.12,78.23,34.74,83.55,1.32,7.0,2.0,32.9,Medium Risk
STU-29B93E0D,4,68.61,58.43,77.98,86.41,3.28,8.0,5.0,21.41,High Risk
STU-97EFB317,2,73.29,58.6,73.53,28.27,2.24,3.0,5.0,39.15,Medium Risk
STU-EAAA3ABE,2,92.82,67.86,25.01,15.5,3.98,9.0,0.0,85.28,Medium Risk
STU-327EBF5C,4,38.62,83.08,63.4,85.25,1.9,1.0,3.0,26.14,Low Risk
STU-5D693CF4,3,88.52,32.69,46.35,13.81,2.41,6.0,2.0,27.62,Medium Risk
STU-CF9A1B54,1,98.71,33.84,34.41,29.21,2.02,7.0,3.0,27.14,High Risk
STU-A843C02C,2,82.57,29.71,87.1,57.36,2.76,3.0,2.0,24.89,Low Risk
STU-6C4A1F8C,4,82.93,94.95,19.65,86.99,1.8,1.0,7.0,53.51,Medium Risk
STU-4F3CA2A1,4,49.17,66.18,54.73,90.71,3.74,8.0,4.0,85.34,Low Risk
STU-6C16C963,1,69.0,27.41,55.4,66.52,2.85,2.0,2.0,54.06,Low Risk
STU-977B88C9,1,80.89,37.65,63.46,97.01,3.83,2.0,4.0,61.24,Low Risk
STU-09AE3E7E,1,74.15,78.05,31.8,75.69,3.04,8.0,0.0,63.61,Low Risk
STU-2E585109,2,60.03,22.32,89.05,57.5,1.56,7.0,4.0,47.76,High Risk
STU-F424D133,3,96.11,78.05,97.05,22.09,1.05,3.0,1.0,43.83,Medium Risk
STU-280B10A8,2,68.41,92.92,61.66,48.59,2.22,9.0,7.0,68.78,High Risk
STU-8946C76A,3,98.04,24.51,36.77,84.01,3.98,3.0,5.0,44.77,Low Risk
STU-9507E7AC,3,71.65,34.91,89.53,35.53,3.63,0.0,2.0,24.94,Low Risk
STU-B87A88A8,3,86.57,20.19,98.99,62.04,3.54,0.0,0.0,88.33,Low Risk
STU-FB91B9DC,4,83.23,28.72,78.06,98.51,2.71,8.0,5.0,64.86,Medium Risk
STU-9FC36C06,2,77.95,69.36,43.36,25.7,1.28,0.0,3.0,85.43,Medium Risk
STU-07B7BA46,2,35.94,23.59,35.06,19.13,1.05,1.0,2.0,55.57,High Risk
STU-AA746F8C,3,40.03,54.07,28.31,81.6,3.52,6.0,2.0,69.69,Medium Risk
STU-1FE1A686,4,72.8,60.27,34.97,12.24,1.53,1.0,4.0,93.16,Medium Risk
STU-6BC7FE33,1,94.27,92.53,34.32,67.89,1.23,3.0,4.0,78.65,Medium Risk
STU-938C51E1,4,74.07,57.94,97.23,40.22,3.13,9.0,2.0,44.82,Medium Risk
STU-87AE0084,1,50.34,31.4,69.68,75.14,1.0,1.0,6.0,42.91,Medium Risk
STU-FB43E737,1,55.81,43.14,29.19,20.82,3.22,2.0,2.0,38.16,Medium Risk
STU-FBA4121F,1,75.51,73.78,56.48,39.7,1.58,5.0,1.0,55.45,Medium Risk
STU-5DE83ECA,4,73.81,28.97,30.69,11.53,1.96,6.0,7.0,93.21,High Risk
STU-47F07797,2,97.12,38.54,66.51,31.16,1.52,1.0,3.0,16.5,Medium Risk
STU-FC4F0B2C,1,69.39,99.66,44.02,53.49,3.33,8.0,1.0,79.66,Medium Risk
STU-408F242F,4,58.08,20.44,31.63,25.99,2.45,1.0,6.0,44.96,High Risk
STU-EA71984E,3,69.12,32.17,35.64,63.97,1.5,3.0,6.0,83.86,High Risk
STU-B3C235FC,4,86.11,87.49,72.38,20.63,1.12,4.0,6.0,51.88,High Risk
STU-4F54A093,1,70.12,28.11,49.68,77.07,3.96,7.0,1.0,76.38,Low Risk
STU-1713DF85,1,56.19,22.69,58.62,92.95,3.14,3.0,3.0,86.22,Low Risk
STU-EC0BBFDC,2,57.01,29.7,84.81,44.73,3.04,0.0,0.0,54.98,Low Risk
STU-F9BB6696,3,84.19,75.49,70.71,57.54,2.51,6.0,3.0,77.24,Medium Risk
STU-A7536057,3,39.32,99.45,54.31,53.97,2.3,8.0,0.0,20.81,Low Risk
STU-7426B1B2,3,52.86,67.25,96.09,80.69,3.39,4.0,2.0,40.32,Low Risk
STU-63830399,3,44.95,29.95,33.23,99.48,3.48,1.0,5.0,42.4,Low Risk
STU-6EEA35FB,1,96.4,34.7,39.56,76.21,1.18,8.0,1.0,55.42,Medium Risk
STU-5FE931C8,3,40.86,63.01,92.47,29.31,3.58,2.0,2.0,69.98,Low Risk
STU-BF3DEBC2,2,84.28,77.25,87.52,72.65,3.28,1.0,7.0,54.96,Medium Risk
STU-A7652EB5,1,75.98,73.03,26.05,65.42,2.46,3.0,6.0,86.67,Medium Risk
STU-0B1AC27A,1,76.13,65.98,94.05,28.91,2.43,3.0,6.0,36.95,Medium Risk
STU-B1963C32,4,84.62,98.9,15.86,31.69,3.5,9.0,1.0,26.46,Medium Risk
STU-A7C97F5E,4,61.03,35.84,84.91,68.75,3.38,4.0,7.0,46.52,Medium Risk
STU-6323410C,2,61.05,33.83,38.7,82.7,1.42,0.0,4.0,35.61,Medium Risk
STU-70F53EF3,1,53.77,88.72,31.04,78.62,2.65,9.0,1.0,65.45,Medium Risk
STU-5571C061,1,73.85,43.27,53.14,64.58,3.91,0.0,1.0,63.48,Low Risk
STU-7E0C73DB,4,95.44,46.6,91.25,94.38,3.21,9.0,1.0,77.63,Low Risk
STU-E6CB5224,3,95.06,63.89,81.8,75.79,3.92,6.0,0.0,81.81,Low Risk
STU-3CB09683,4,80.69,50.5,97.2,58.77,3.33,4.0,4.0,27.06,Medium Risk
STU-43257CBD,4,93.9,43.01,60.98,83.46,2.57,9.0,0.0,44.28,Low Risk
STU-15977C0E,2,97.63,93.37,58.4,36.14,2.81,5.0,7.0,21.69,Medium Risk
STU-9E1762AB,1,86.68,30.34,16.11,33.71,3.13,6.0,6.0,72.78,High Risk
STU-D2062DC8,2,61.51,52.34,30.35,97.43,3.19,0.0,3.0,83.12,Low Risk
STU-1BA9D7C9,1,66.41,20.24,57.3,95.48,3.24,4.0,3.0,96.73,Low Risk
STU-4D3327D7,1,95.53,84.6,78.97,89.25,3.79,7.0,4.0,96.35,Low Risk
STU-1537131D,1,78.55,33.47,84.92,29.29,1.93,2.0,6.0,68.7,Medium Risk
STU-C05338B3,3,88.35,81.84,39.08,62.89,3.49,1.0,7.0,77.84,Low Risk
STU-0678FD13,2,42.55,31.89,75.56,58.15,2.71,1.0,3.0,32.74,Medium Risk
STU-9B76FB1B,2,47.6,53.34,85.43,28.28,3.66,3.0,2.0,64.55,Low Risk
STU-12C3EE8F,3,57.37,78.25,46.86,50.3,2.89,6.0,0.0,43.12,Medium Risk
STU-EC93C6AB,1,47.24,41.66,74.12,51.86,3.81,1.0,6.0,24.27,Medium Risk
STU-2CCE55A9,3,93.92,45.11,52.17,31.66,2.27,5.0,1.0,56.7,Medium Risk
STU-B54D49CB,3,49.1,73.39,98.78,95.94,1.3,6.0,2.0,50.79,Low Risk
STU-B4F2129D,1,71.22,35.02,15.57,54.34,2.93,8.0,1.0,20.88,Medium Risk
STU-30987F08,3,40.55,96.14,50.22,57.24,3.32,6.0,3.0,96.12,Medium Risk
STU-D1F70322,2,45.07,35.1,37.42,63.87,3.07,0.0,6.0,96.3,Medium Risk
STU-AC8179C1,1,51.08,80.0,87.23,89.83,3.17,7.0,6.0,62.49,Medium Risk
STU-9931A66F,1,98.89,84.21,39.41,58.0,1.09,2.0,0.0,95.27,Medium Risk
STU-08FEE6F2,4,86.81,49.95,61.23,58.69,3.89,6.0,3.0,36.95,Medium Risk
STU-C0EAF981,1,78.78,32.5,77.92,31.62,1.79,5.0,5.0,82.28,High Risk
STU-6E4E4A4C,2,94.56,33.27,57.26,64.25,2.24,2.0,5.0,95.68,Medium Risk
STU-E8AD4E80,4,97.15,98.84,49.88,44.3,2.26,1.0,0.0,48.6,Low Risk
STU-116530CB,2,64.48,78.03,18.61,68.21,3.72,3.0,1.0,40.71,Low Risk
STU-F8BD2E3E,1,56.3,56.0,16.95,37.07,3.23,0.0,1.0,74.04,Low Risk
STU-4193B15A,4,55.5,40.59,96.37,74.42,2.86,9.0,5.0,55.27,Medium Risk
STU-396D1EE9,2,37.32,21.51,69.68,65.7,1.36,9.0,1.0,47.18,Medium Risk
STU-71052022,3,53.18,73.64,85.15,52.7,1.97,6.0,4.0,81.11,High Risk
STU-2E73BFA9,3,58.08,96.55,55.84,18.7,2.48,2.0,3.0,35.34,Medium Risk
STU-D756E83D,3,37.4,28.55,37.23,66.43,1.34,1.0,4.0,73.49,Medium Risk
STU-0AAE1AE1,4,92.37,80.36,40.04,87.34,2.71,4.0,2.0,47.95,Low Risk
STU-1A7D2FF5,4,90.11,32.26,18.7,25.4,1.64,6.0,4.0,37.21,High Risk
STU-4E8D5466,3,51.35,83.37,82.23,17.62,3.47,0.0,6.0,94.14,Medium Risk
STU-7BD5DB3E,4,87.17,49.65,64.43,13.56,3.49,0.0,1.0,36.07,Low Risk
STU-EB655A6F,4,86.75,76.96,55.87,12.86,2.8,9.0,0.0,47.88,Medium Risk
STU-7C56A6F5,4,56.78,94.1,87.45,85.79,2.08,7.0,3.0,67.79,Low Risk
STU-A4F9EE09,3,80.31,69.61,52.81,75.49,1.13,4.0,3.0,20.19,Medium Risk
STU-8CA03801,1,53.84,93.66,95.57,28.21,2.89,7.0,3.0,23.68,Medium Risk
STU-F155BE89,3,39.57,38.8,16.13,92.54,3.35,2.0,2.0,68.46,Medium Risk
STU-0B38EA8E,1,67.81,98.25,98.69,22.18,3.37,1.0,3.0,65.25,Low Risk
STU-E5F362D1,2,63.49,89.83,84.35,43.67,2.45,6.0,6.0,66.23,High Risk
STU-3B86B9FE,1,43.98,28.61,45.17,50.69,1.42,5.0,5.0,65.42,High Risk
STU-82C0841F,4,66.89,53.08,65.61,16.83,1.19,3.0,2.0,85.95,Medium Risk
STU-3F345B0C,2,96.71,94.16,88.49,41.27,1.17,6.0,1.0,43.08,Low Risk
STU-2E361E6F,3,82.54,26.25,55.94,19.17,1.75,8.0,0.0,29.93,Medium Risk
STU-DABA7AE3,3,83.03,56.3,19.34,81.08,1.42,8.0,1.0,91.28,Medium Risk
STU-DA965684,1,84.24,77.89,91.81,14.21,1.51,2.0,4.0,62.56,Medium Risk
STU-04688B3C,3,83.4,22.68,58.95,11.54,3.1,0.0,7.0,82.06,Medium Risk
STU-50019C37,3,36.29,80.23,61.34,75.92,1.54,3.0,7.0,31.32,High Risk
STU-9FBD7ADC,4,95.1,48.9,16.17,80.28,3.08,9.0,3.0,54.41,Medium Risk
STU-C58EEFCD,1,88.96,39.95,23.51,54.61,2.05,0.0,4.0,25.05,Medium Risk
STU-FB7936CD,2,52.85,66.08,81.08,38.61,3.32,6.0,2.0,23.41,Medium Risk
STU-444E65C2,3,70.93,63.55,51.97,31.28,1.48,1.0,7.0,53.61,High Risk
STU-D145C8FC,1,74.98,89.92,99.83,20.53,1.07,7.0,1.0,65.58,Medium Risk
STU-22E04997,1,43.58,74.08,74.13,53.58,1.27,4.0,3.0,93.84,Medium Risk
STU-7DA999EA,1,51.51,53.75,95.72,54.2,3.9,9.0,5.0,19.15,Medium Risk
STU-DC1745A1,3,36.51,72.01,38.74,51.04,2.61,0.0,7.0,46.67,Medium Risk
STU-CC1795E5,2,91.16,80.01,29.97,80.04,2.82,1.0,2.0,77.87,Low Risk
STU-1D32F121,3,36.62,94.99,47.01,18.98,3.9,3.0,1.0,40.84,Low Risk
STU-3B3D1945,4,55.72,76.34,37.51,70.3,3.33,2.0,1.0,79.0,Low Risk
STU-8CB8E1E9,4,40.09,63.51,67.14,46.14,1.34,4.0,2.0,95.79,Medium Risk
STU-8F09CF03,2,85.79,49.84,78.28,31.69,2.27,3.0,0.0,65.03,Low Risk
STU-97A6B463,2,95.12,91.32,49.18,71.34,3.46,1.0,1.0,36.31,Low Risk
STU-6AFEA63E,1,71.58,83.4,22.64,27.79,2.99,8.0,3.0,65.59,Medium Risk
STU-AE21B82B,1,44.07,26.17,17.24,30.78,1.65,6.0,4.0,40.78,High Risk
STU-4547D06C,2,71.28,75.96,33.53,99.87,3.42,4.0,6.0,29.4,Medium Risk
STU-C0D61002,2,85.07,63.1,77.26,89.98,2.68,3.0,2.0,82.37,Low Risk
STU-8FA4F19D,3,81.7,28.29,33.83,72.74,3.36,9.0,0.0,71.35,Medium Risk
STU-62A3E6DC,4,83.21,65.2,92.43,38.42,2.88,4.0,1.0,87.25,Low Risk
STU-0905FEAF,4,53.15,35.4,70.39,58.3,2.39,1.0,4.0,89.12,Low Risk
STU-3D7AFED7,1,39.79,76.65,88.28,21.4,3.19,7.0,5.0,45.32,Medium Risk
STU-D79741A0,3,44.68,42.28,47.79,40.06,3.6,1.0,0.0,24.56,Low Risk
STU-02088EF1,1,97.11,32.03,98.6,16.12,2.4,7.0,2.0,55.08,Medium Risk
STU-5A8D66B0,3,74.88,26.56,72.76,64.93,1.09,4.0,1.0,45.14,Medium Risk
STU-A4F5A083,1,82.31,59.26,45.34,87.17,2.78,3.0,5.0,68.83,Low Risk
STU-1797F1E3,4,93.44,35.97,33.07,82.86,1.27,6.0,1.0,86.65,Medium Risk
STU-8E08858A,4,90.43,88.41,88.66,87.05,1.97,0.0,6.0,66.98,Low Risk
STU-5FB8B565,1,49.2,20.24,42.04,25.71,2.65,6.0,6.0,15.92,High Risk
STU-7646525E,3,38.77,87.49,18.77,68.51,2.04,9.0,5.0,66.29,High Risk
STU-CE51D472,3,95.13,61.69,38.69,96.11,1.84,4.0,2.0,25.97,Low Risk
STU-2AD17DE7,2,98.81,93.77,30.25,80.49,1.06,5.0,4.0,41.92,Medium Risk
STU-D8249928,3,71.88,36.37,42.18,10.31,1.81,4.0,4.0,35.42,High Risk
STU-927D55D4,3,92.75,28.18,67.13,89.41,2.15,6.0,3.0,57.74,Medium Risk
STU-031AAFA2,4,50.07,70.0,57.54,73.52,1.87,0.0,7.0,81.92,Medium Risk
STU-245D9E44,3,42.22,76.54,75.42,20.99,2.89,1.0,7.0,18.24,Medium Risk
STU-531DA62A,3,67.49,49.81,43.38,38.24,3.0,5.0,6.0,19.91,High Risk
STU-AF8B68F1,4,87.73,21.09,25.18,20.58,3.34,6.0,6.0,96.52,High Risk
STU-F081DD27,4,77.55,52.56,28.62,75.68,1.56,7.0,1.0,52.35,High Risk
STU-0416F110,2,76.43,38.7,82.77,10.32,2.86,3.0,2.0,77.92,Medium Risk
STU-929E07A0,1,36.13,47.8,23.33,51.81,2.29,2.0,1.0,89.46,Medium Risk
STU-E8826CFE,3,55.64,60.54,82.84,99.98,1.97,8.0,3.0,47.45,Medium Risk
STU-894DAC5C,4,96.07,76.19,33.07,86.6,2.45,1.0,3.0,61.59,Low Risk
STU-8FE74D8B,1,43.73,97.06,72.66,62.85,2.44,9.0,0.0,88.57,Medium Risk
STU-4F983403,2,82.21,31.52,67.96,72.45,2.92,0.0,1.0,65.96,Low Risk
STU-BF9812CD,1,84.36,74.39,23.35,64.33,2.68,5.0,2.0,31.01,Low Risk
STU-E5421F09,3,82.63,38.66,71.6,82.98,2.89,2.0,7.0,65.9,Medium Risk
STU-58D63032,4,99.3,37.66,53.04,89.74,3.94,6.0,0.0,97.13,Low Risk
STU-E13CA91C,2,61.6,70.68,75.11,78.99,3.43,7.0,5.0,98.84,Medium Risk
STU-679D635D,2,79.34,82.08,86.02,26.38,1.88,1.0,2.0,92.23,Low Risk
STU-FCA60B5A,4,47.59,98.22,18.36,43.53,2.6,6.0,6.0,76.36,High Risk
STU-8C6CA727,1,60.98,81.51,70.08,80.6,1.69,9.0,3.0,89.97,High Risk
STU-2F06D291,4,66.95,32.59,23.92,84.09,2.56,4.0,6.0,49.87,High Risk
STU-912EAF8E,2,48.96,38.03,47.2,66.59,3.14,4.0,4.0,44.05,Medium Risk
STU-70D9D581,3,93.94,80.91,16.08,74.27,1.2,4.0,6.0,99.57,Medium Risk
STU-73EE435D,2,81.55,62.16,42.93,25.7,1.41,4.0,4.0,89.98,High Risk
STU-352530E4,3,53.44,43.63,29.4,43.54,1.02,9.0,2.0,24.74,High Risk
STU-D42CDF73,4,43.77,57.74,62.28,58.12,2.14,4.0,2.0,83.86,Low Risk
STU-A154E3FB,4,53.71,93.19,58.54,98.53,3.3,6.0,4.0,16.03,Medium Risk
STU-362FC9A8,4,75.49,80.45,82.43,81.93,2.35,7.0,0.0,51.25,Low Risk
STU-7186542D,1,88.72,56.06,69.4,27.34,2.71,3.0,4.0,22.16,Medium Risk
STU-13FCB4EA,2,67.71,98.44,75.74,41.72,2.77,6.0,3.0,46.31,Medium Risk
STU-C05BE876,2,41.66,83.59,22.86,29.52,1.27,8.0,7.0,83.87,High Risk
STU-26630652,4,51.21,20.47,17.36,23.7,1.52,1.0,1.0,27.76,Medium Risk
STU-BEC40ADA,2,57.43,28.99,97.41,20.8,3.75,8.0,2.0,44.9,Medium Risk
STU-17DA2F39,4,76.35,64.32,51.3,96.91,2.38,5.0,0.0,36.7,Low Risk
STU-66808D7A,4,51.03,48.0,48.57,91.6,2.26,8.0,5.0,26.05,High Risk
STU-6D332AE7,3,50.21,85.0,17.98,53.49,3.25,6.0,3.0,97.38,Medium Risk
STU-017F1FB9,4,53.6,91.65,25.11,59.37,1.14,4.0,1.0,51.9,Medium Risk
STU-6E1EF744,4,73.51,39.25,94.94,85.48,3.52,4.0,0.0,16.85,Low Risk
STU-AA4B5933,4,67.02,81.06,74.06,68.4,3.01,0.0,7.0,72.59,Medium Risk
STU-919324CF,3,89.71,62.83,49.78,75.94,1.43,2.0,7.0,59.61,Medium Risk
STU-89FA6906,4,80.37,51.36,91.88,81.2,1.19,5.0,2.0,84.68,Medium Risk
STU-956685FE,1,78.34,82.94,65.14,53.47,1.01,1.0,0.0,45.91,Low Risk
STU-C518529D,3,45.05,65.19,78.45,97.73,1.88,5.0,3.0,92.39,Medium Risk
STU-5C9A5958,1,38.59,70.82,51.69,66.55,1.97,4.0,4.0,17.37,Medium Risk
STU-8BF4BE24,1,68.15,24.98,51.68,67.01,1.53,0.0,2.0,59.56,Low Risk
STU-57F0DFC8,4,39.66,66.87,20.81,22.69,1.86,2.0,1.0,56.55,Medium Risk
STU-0FAB364F,3,58.66,44.06,77.39,98.9,2.69,0.0,5.0,16.0,Medium Risk
STU-CC06B3A6,1,36.7,59.46,23.42,16.37,1.34,6.0,6.0,20.38,High Risk
STU-70D2B86A,2,46.49,37.76,79.96,98.71,1.6,6.0,2.0,39.46,Medium Risk
STU-FD383284,4,42.17,69.16,31.22,91.95,2.69,0.0,3.0,63.85,Low Risk
STU-E3D80D2F,4,87.06,31.8,36.03,87.08,3.11,7.0,6.0,32.56,Medium Risk
STU-205514C4,1,57.5,29.83,93.02,70.62,3.79,6.0,1.0,30.64,Low Risk
STU-092FC4C6,4,40.13,35.07,55.08,64.8,2.53,2.0,3.0,26.55,Medium Risk
STU-2341E632,2,52.26,85.4,25.65,99.7,1.34,1.0,7.0,93.87,High Risk
STU-961DCECF,3,79.38,22.68,91.93,97.66,2.77,8.0,7.0,63.0,High Risk
STU-7D8DC13D,3,83.47,78.37,53.45,83.06,3.99,6.0,2.0,35.94,Low Risk
STU-3BD29E21,4,42.79,24.52,26.1,17.82,3.65,5.0,0.0,97.55,Medium Risk
STU-AAA309B6,4,85.61,67.35,48.22,43.49,3.34,4.0,3.0,49.71,Medium Risk
STU-EAA4EB8B,2,59.09,81.88,65.09,87.93,3.2,4.0,4.0,24.53,Medium Risk
STU-91F92B4D,3,79.16,38.49,45.8,73.23,3.27,2.0,6.0,58.44,Medium Risk
STU-9D0650A6,2,78.65,35.68,93.57,20.98,1.27,4.0,4.0,51.98,High Risk
STU-4F3FFFC5,2,86.58,43.13,37.92,41.34,2.56,7.0,2.0,67.5,Medium Risk
STU-E239FCF4,3,80.32,75.97,29.95,11.75,3.07,1.0,7.0,74.42,Medium Risk
STU-10A46D85,2,37.53,40.39,33.78,90.35,1.22,2.0,5.0,44.41,High Risk
STU-BCD53649,2,68.77,60.14,22.12,77.23,3.74,2.0,1.0,29.55,Low Risk
STU-2C860548,1,45.8,30.76,53.45,49.23,1.38,5.0,0.0,50.15,Medium Risk
STU-93B28554,3,98.05,56.9,89.66,78.43,1.26,0.0,1.0,57.92,Low Risk
STU-B1BE2B26,3,51.63,69.98,40.95,94.01,1.37,4.0,3.0,54.64,Medium Risk
STU-F9CEF289,2,62.31,25.75,36.96,35.19,2.27,8.0,2.0,17.88,High Risk
STU-BF85A517,4,47.79,85.23,86.18,35.72,2.63,0.0,0.0,82.51,Low Risk
STU-BA5FF3D2,1,43.75,94.99,41.01,53.44,1.28,5.0,2.0,44.17,High Risk
STU-EA547E2A,3,74.06,35.48,55.54,73.62,3.36,6.0,2.0,39.9,Medium Risk
STU-446C8AA5,3,67.06,80.75,17.66,99.37,1.6,0.0,2.0,33.14,Medium Risk
STU-E3063702,1,59.35,45.08,39.4,24.66,2.68,5.0,1.0,64.54,Medium Risk
STU-99378952,1,40.55,74.14,26.1,40.79,2.47,3.0,3.0,65.07,Medium Risk
STU-542BB962,4,82.84,44.53,24.0,42.71,3.72,3.0,3.0,51.62,Low Risk
STU-8663554A,2,35.38,88.99,51.67,75.32,3.68,5.0,6.0,72.18,Medium Risk
STU-3015135A,2,64.75,47.77,38.57,89.79,1.72,9.0,5.0,18.25,High Risk
STU-B50B456D,2,76.12,87.91,29.15,26.54,2.62,9.0,6.0,83.21,High Risk
STU-2237A456,4,63.0,81.29,58.48,74.23,3.96,7.0,6.0,36.78,Medium Risk
STU-83BA4693,2,43.2,35.71,81.64,91.87,2.0,2.0,1.0,54.84,Low Risk
STU-2BCD8CEF,4,85.59,32.56,77.46,20.92,1.22,6.0,4.0,78.33,High Risk
STU-3D8E7059,2,56.06,82.37,36.31,67.16,3.15,9.0,0.0,29.8,Medium Risk
STU-6AB57AB4,2,43.76,51.22,37.37,28.21,2.51,3.0,5.0,91.74,High Risk
STU-F7BE793D,1,70.77,95.95,77.21,49.7,3.82,2.0,0.0,26.54,Low Risk
STU-FD765748,4,36.25,95.44,62.36,21.41,2.73,2.0,1.0,84.09,Low Risk
STU-8A0EDB16,3,56.06,75.48,78.11,71.53,2.53,5.0,2.0,48.89,Low Risk
STU-3881CE94,2,83.79,60.05,15.12,46.12,3.74,9.0,2.0,28.95,Medium Risk
STU-C66ACD29,1,94.33,35.6,22.41,61.05,2.14,7.0,3.0,88.91,Medium Risk
STU-F7C70127,2,73.46,90.59,83.17,57.12,2.79,0.0,1.0,77.25,Low Risk
STU-B3A32700,1,49.14,26.56,87.35,72.46,3.54,3.0,4.0,34.52,Medium Risk
STU-D847FC91,2,49.3,49.63,44.19,90.6,2.79,0.0,4.0,71.54,Medium Risk
STU-134701A1,4,74.25,45.54,96.46,35.18,1.89,7.0,0.0,28.26,Medium Risk
STU-38A11001,3,61.44,96.67,40.63,63.57,2.67,4.0,6.0,97.92,Medium Risk
STU-37220C6E,1,46.52,29.45,90.67,61.64,2.3,2.0,0.0,61.63,Low Risk
STU-A62E4061,4,86.18,91.21,50.85,38.36,3.95,7.0,6.0,27.78,High Risk
STU-47EF0E89,4,48.02,56.51,62.75,54.96,1.15,8.0,6.0,20.62,High Risk
STU-ADA50C43,2,55.91,23.8,69.68,13.64,3.3,4.0,7.0,68.49,High Risk
STU-3F87F455,2,38.99,78.31,26.31,48.42,1.07,0.0,2.0,69.79,Medium Risk
STU-C36682EA,4,80.59,28.07,18.15,34.35,2.81,5.0,7.0,98.21,High Risk
